strategy,ticker,signal_date,signal_price,entry_date,entry_price,tp_price,sl_price,tp_pct,max_hold,status,current_price,max_price,max_price_date,min_price,min_price_date,change_pct,achievement_pct,days_held,last_updated,close_date,close_price,result_pct,result_status,tp_hit_date,max_achievement_pct
3,QNTM,2026-03-10,2.8,2026-03-10,2.8,2.94,2.24,0.05,5,CLOSED,4.77,3.51,2026-03-10,2.8,,70.36,100,1,2026-03-29,2026-03-10,2.94,5.0,WIN,2026-03-10,100.0
3,SMX,2026-03-10,23.71,2026-03-10,23.71,24.9,18.97,0.05,5,CLOSED,8.12,28.12,2026-03-11,21.59,2026-03-11,-65.75,100,1,2026-03-29,2026-03-11,24.9,5.02,WIN,2026-03-11,100.0
3,QNTM,2026-03-11,2.1,2026-03-11,2.1,2.2,1.68,0.05,5,CLOSED,4.77,3.2,2026-03-12,2.1,,127.14,100,1,2026-03-29,2026-03-12,2.2,4.76,WIN,2026-03-12,100.0
4,QNTM,2026-03-11,2.1,2026-03-11,2.1,2.52,1.68,0.2,30,CLOSED,4.77,3.2,2026-03-12,2.1,,127.14,100,1,2026-03-29,2026-03-12,2.52,20.0,WIN,2026-03-12,100.0
1,ZNB,2026-03-13,5.8,2026-03-13,5.81,6.1,4.65,0.05,5,CLOSED,2.29,5.81,,3.6,2026-03-16,-60.52,0.0,1,2026-03-29,2026-03-16,4.65,-19.97,LOSS,,
1,SMX,2026-03-16,11.78,2026-03-16,11.78,12.37,9.42,0.05,5,CLOSED,8.12,17.66,2026-03-17,10.0,2026-03-17,-31.07,100,1,2026-03-29,2026-03-17,12.37,5.01,WIN,2026-03-17,100.0
3,SMX,2026-03-16,11.78,2026-03-16,11.78,12.37,9.42,0.05,5,CLOSED,8.12,17.66,2026-03-17,10.0,2026-03-17,-31.07,100,1,2026-03-29,2026-03-17,12.37,5.01,WIN,2026-03-17,100.0
5,SNBR,2026-03-16,3.23,2026-03-16,3.23,3.55,2.58,0.1,30,CLOSED,2.04,3.67,2026-03-18,2.98,2026-03-18,-36.84,100,2,2026-03-29,2026-03-18,3.55,9.91,WIN,2026-03-18,100.0
4,ALDX,2026-03-17,1.24,2026-03-17,1.24,1.49,0.99,0.2,30,CLOSED,1.77,1.56,2026-03-18,1.16,2026-03-18,42.74,100,1,2026-03-29,2026-03-18,1.49,20.16,WIN,2026-03-18,100.0
5,NCI,2026-03-17,5.19,2026-03-17,5.19,5.71,4.15,0.1,30,CLOSED,5.77,6.12,2026-03-23,4.91,2026-03-18,11.18,100,4,2026-03-29,2026-03-23,5.71,10.02,WIN,2026-03-23,100.0
1,SMX,2026-03-18,8.58,2026-03-18,8.58,9.01,6.86,0.05,5,CLOSED,8.12,9.96,2026-03-19,7.93,2026-03-19,-5.36,100,1,2026-03-29,2026-03-19,9.01,5.01,WIN,2026-03-19,100.0
3,SMX,2026-03-18,8.58,2026-03-18,8.58,9.01,6.86,0.05,5,CLOSED,8.12,9.96,2026-03-19,7.93,2026-03-19,-5.36,100,1,2026-03-29,2026-03-19,9.01,5.01,WIN,2026-03-19,100.0
4,ALDX,2026-03-18,1.42,2026-03-18,1.42,1.7,1.14,0.2,30,CLOSED,1.77,1.85,2026-03-19,1.37,2026-03-19,24.65,100,1,2026-03-29,2026-03-19,1.7,19.72,WIN,2026-03-19,100.0
5,SMX,2026-03-18,8.58,2026-03-18,8.58,9.44,6.86,0.1,30,CLOSED,8.12,9.96,2026-03-19,7.93,2026-03-19,-5.36,100,1,2026-03-29,2026-03-19,9.44,10.02,WIN,2026-03-19,100.0
4,SMCL,2026-03-20,1.43,2026-03-20,1.43,1.72,1.14,0.2,30,CLOSED,1.6,1.73,2026-03-24,1.29,2026-03-23,11.89,100,2,2026-03-29,2026-03-24,1.72,20.28,WIN,2026-03-24,100.0
3,SONM,2026-03-23,2.9,2026-03-23,2.9,3.05,2.32,0.05,5,CLOSED,3.28,3.09,2026-03-24,2.8,2026-03-24,13.1,100,1,2026-03-29,2026-03-24,3.05,5.17,WIN,2026-03-24,100.0
3,GLOO,2026-03-23,4.83,2026-03-23,4.83,5.07,3.86,0.05,5,CLOSED,4.94,5.18,2026-03-25,4.83,,2.28,100,2,2026-03-29,2026-03-25,5.07,4.97,WIN,2026-03-25,100.0
4,NXTT,2026-03-24,1.0,2026-03-24,1.0,1.2,0.8,0.2,30,CLOSED,2.2,1.98,2026-03-25,0.45,2026-03-25,120.0,100,1,2026-03-29,2026-03-25,0.8,-20.0,LOSS,,490.0
1,AHMA,2026-03-27,1.1,2026-03-27,1.1,1.16,0.88,0.05,5,CLOSED,1.08,1.17,2026-03-30,1.08,2026-03-30,-1.82,100,1,2026-03-30,2026-03-30,1.16,5.45,WIN,2026-03-30,100.0
3,LTRN,2026-03-27,1.12,2026-03-27,1.12,1.18,0.9,0.05,5,CLOSED,1.24,1.45,2026-03-30,1.12,,10.27,100,1,2026-03-30,2026-03-30,1.18,5.36,WIN,2026-03-30,100.0
4,LTRN,2026-03-27,1.12,2026-03-27,1.12,1.34,0.9,0.2,30,CLOSED,1.24,1.45,2026-03-30,1.12,,10.27,100,1,2026-03-30,2026-03-30,1.34,19.64,WIN,2026-03-30,100.0
5,NPT,2026-03-30,4.77,2026-03-30,4.77,5.25,3.82,0.1,30,CLOSED,5.14,8.28,2026-03-31,4.77,,7.76,100,1,2026-03-31,2026-03-31,5.25,10.06,WIN,2026-03-31,100.0
5,ONDG,2026-03-30,4.33,2026-03-30,4.33,4.76,3.46,0.1,30,CLOSED,5.32,5.42,2026-03-31,4.33,,22.88,100,1,2026-03-31,2026-03-31,4.76,9.93,WIN,2026-03-31,100.0
3,FBLG,2026-03-31,1.7,2026-03-31,1.32,1.39,1.06,0.05,5,CLOSED,1.33,1.59,2026-04-01,1.03,2026-04-01,-21.76,0.0,1,2026-04-01,2026-04-01,1.06,-19.7,LOSS,,385.7
4,FBLG,2026-03-31,1.32,2026-03-31,1.32,1.58,1.06,0.2,30,CLOSED,1.33,1.59,2026-04-01,1.03,2026-04-01,0.76,100,1,2026-04-01,2026-04-01,1.06,-19.7,LOSS,,103.8
3,SKYX,2026-03-27,1.2,2026-03-27,1.2,1.25,0.96,0.05,5,CLOSED,1.14,1.23,2026-03-30,1.05,2026-04-02,-6.56,16.7,5,2026-04-06,2026-04-06,1.14,-4.6,EXPIRED,,63.6
3,PHGE,2026-04-01,3.3,2026-04-01,3.3,3.46,2.64,0.05,5,CLOSED,2.98,3.77,2026-04-02,3.3,,-19.68,,1,2026-04-07,2026-04-02,3.46,4.85,WIN,2026-04-02,100.0
3,SMU,2026-04-07,9.7,2026-04-07,9.7,10.18,7.76,0.05,5,CLOSED,11.15,11.89,2026-04-08,9.7,,14.95,100.0,1,2026-04-08,2026-04-08,10.18,4.95,WIN,2026-04-08,100.0
3,AUUD,2026-04-08,3.68,2026-04-08,3.68,3.86,2.94,0.05,5,CLOSED,3.8,3.96,2026-04-09,3.31,2026-04-09,3.26,100.0,1,2026-04-09,2026-04-09,3.86,4.89,WIN,2026-04-09,100.0
5,JTAI,2026-04-08,5.71,2026-04-08,5.71,6.28,4.57,0.1,30,CLOSED,6.6,6.6,2026-04-09,5.0,2026-04-09,15.59,100.0,1,2026-04-09,2026-04-09,6.28,9.98,WIN,2026-04-09,100.0
5,LFCR,2026-03-16,4.36,2026-03-16,4.37,4.81,3.5,0.1,30,CLOSED,4.75,4.83,2026-04-10,3.63,2026-03-31,8.45,100.0,18,2026-04-10,2026-04-10,4.81,10.07,WIN,2026-04-10,100.0
4,SNBR,2026-04-02,1.18,2026-04-02,1.18,1.42,0.94,0.2,30,CLOSED,1.41,1.77,2026-04-08,1.06,2026-04-07,19.49,100.0,3,2026-04-10,2026-04-08,1.42,20.34,WIN,2026-04-08,100.0
4,HKIT,2026-04-08,1.33,2026-04-08,1.33,1.6,1.06,0.2,30,CLOSED,1.2,1.72,2026-04-10,1.09,2026-04-09,-9.77,100.0,2,2026-04-10,2026-04-10,1.6,20.3,WIN,2026-04-10,100.0
3,SNOU,2026-04-09,13.26,2026-04-09,13.26,13.92,10.61,0.05,5,CLOSED,11.2,13.32,2026-04-10,10.51,2026-04-10,-15.54,9.1,1,2026-04-10,2026-04-10,10.61,-19.98,LOSS,,9.1
3,NBIZ,2026-04-09,5.81,2026-04-09,5.81,6.1,4.65,0.05,5,CLOSED,5.05,5.9,2026-04-10,4.63,2026-04-10,-13.08,24.1,1,2026-04-10,2026-04-10,4.65,-19.97,LOSS,,31.0
4,CMCT,2026-03-10,1.34,2026-03-10,13.4,16.08,10.72,0.2,30,CLOSED,0.5,14.2,2026-03-11,5.0,2026-03-13,-96.15,23.1,3,2026-04-12,2026-03-13,10.72,-20.0,LOSS,,29.9
4,QVCGA,2026-03-20,1.78,2026-03-20,1.78,2.14,1.42,0.2,30,CLOSED,2.14,2.21,2026-03-23,1.78,,1.42,85.7,1,2026-04-12,2026-03-23,2.14,20.22,WIN,2026-03-23,100.0
4,AHMA,2026-03-23,2.24,2026-03-23,2.24,2.69,1.79,0.2,30,CLOSED,0.82,2.24,,1.51,2026-03-24,-55.36,,1,2026-04-12,2026-03-24,1.79,-20.09,LOSS,,
4,AHMA,2026-03-24,1.7,2026-03-24,1.7,2.04,1.36,0.2,30,CLOSED,0.82,1.7,,1.22,2026-03-25,-51.94,,1,2026-04-12,2026-03-25,1.36,-20.0,LOSS,,
4,FBLG,2026-03-30,2.28,2026-03-30,2.28,2.74,1.82,0.2,30,CLOSED,1.35,2.28,,1.26,2026-03-31,-35.41,,1,2026-04-12,2026-03-31,1.82,-20.18,LOSS,,
5,NBIZ,2026-04-09,5.81,2026-04-09,5.81,6.39,4.65,0.1,30,CLOSED,5.05,5.9,2026-04-10,4.63,2026-04-10,-13.08,15.5,1,2026-04-12,2026-04-10,4.65,-19.97,LOSS,,15.5
3,LICN,2026-04-10,3.19,2026-04-10,3.19,3.35,2.55,0.05,5,CLOSED,3.19,4.84,2026-04-13,3.17,2026-04-13,,,1,2026-04-10,2026-04-13,3.35,5.02,WIN,2026-04-13,100.0
5,NBIZ,2026-04-10,5.05,2026-04-10,5.05,5.56,4.04,0.1,30,CLOSED,5.05,5.21,2026-04-13,4.04,2026-04-13,,,1,2026-04-10,2026-04-13,4.04,-20.0,LOSS,,31.4
4,FBLG,2026-04-01,1.33,2026-04-01,1.33,1.6,1.06,0.2,30,OPEN,1.54,1.61,2026-04-15,1.19,2026-04-02,15.79,100.0,9,2026-04-15,2026-04-15,1.6,20.3,WIN,2026-04-15,100.0
3,IONZ,2026-04-15,7.75,2026-04-15,7.75,8.14,6.2,0.05,5,OPEN,7.2,8.59,2026-04-16,6.96,2026-04-16,-7.1,100.0,1,2026-04-16,2026-04-16,8.14,5.03,WIN,2026-04-16,100.0
3,TSLZ,2026-04-15,13.75,2026-04-15,13.75,14.44,11.0,0.05,5,OPEN,13.94,14.51,2026-04-16,13.65,2026-04-16,1.38,100.0,1,2026-04-16,2026-04-16,14.44,5.02,WIN,2026-04-16,100.0
3,TSLQ,2026-04-15,21.38,2026-04-15,21.38,22.45,17.1,0.05,5,OPEN,21.74,22.5,2026-04-16,21.18,2026-04-16,1.68,100.0,1,2026-04-16,2026-04-16,22.45,5.0,WIN,2026-04-16,100.0
10,LNKS,2026-04-10,2.17,2026-04-10,2.17,2.39,1.74,0.1,5,OPEN,2.08,2.26,2026-04-13,1.84,2026-04-13,-4.15,40.9,5,2026-04-17,2026-04-17,2.08,-4.15,EXPIRED,,40.9
1,BEZ,2026-04-14,5.15,2026-04-14,5.15,5.41,4.12,0.05,5,OPEN,5.75,5.53,2026-04-15,4.67,2026-04-15,11.65,100.0,1,2026-04-17,2026-04-15,5.41,5.05,WIN,2026-04-15,100.0
3,BEZ,2026-04-14,5.15,2026-04-14,5.15,5.41,4.12,0.05,5,OPEN,5.75,5.53,2026-04-15,4.67,2026-04-15,11.65,100.0,1,2026-04-17,2026-04-15,5.41,5.05,WIN,2026-04-15,100.0
5,BEZ,2026-04-14,5.15,2026-04-14,5.15,5.67,4.12,0.1,30,OPEN,5.75,5.99,2026-04-16,4.67,2026-04-15,11.65,100.0,2,2026-04-17,2026-04-16,5.67,10.1,WIN,2026-04-16,100.0
3,VMAR,2026-04-16,1.44,2026-04-16,1.44,1.51,1.15,0.05,5,OPEN,1.5,1.55,2026-04-17,1.4,2026-04-17,4.17,100.0,1,2026-04-17,2026-04-17,1.51,4.86,WIN,2026-04-17,100.0
5,ARTL,2026-04-16,4.86,2026-04-16,4.86,5.35,3.89,0.1,30,OPEN,4.53,5.64,2026-04-20,4.4,2026-04-17,-6.89,100.0,2,2026-04-20,2026-04-20,5.35,10.08,WIN,2026-04-20,100.0
3,RKLZ,2026-04-16,13.05,2026-04-16,13.05,13.7,10.44,0.05,5,OPEN,10.8,13.05,,10.02,2026-04-22,-17.24,,4,2026-04-22,2026-04-22,10.44,-20.0,LOSS,,0.0
5,ADVB,2026-04-16,4.77,2026-04-16,4.77,5.25,3.82,0.1,30,OPEN,5.34,5.39,2026-04-22,4.5,2026-04-20,11.95,100.0,4,2026-04-22,2026-04-22,5.25,10.06,WIN,2026-04-22,100.0
4,TRUG,2026-04-17,2.24,2026-04-17,2.24,2.69,1.79,0.2,30,OPEN,2.76,2.84,2026-04-22,2.13,2026-04-20,23.21,100.0,3,2026-04-22,2026-04-22,2.69,20.09,WIN,2026-04-22,100.0
4,TRUG,2026-04-17,2.24,2026-04-17,2.24,2.69,1.79,0,5,OPEN,2.76,2.84,2026-04-22,2.13,2026-04-20,23.21,100.0,3,2026-04-22,2026-04-22,2.69,20.09,WIN,2026-04-22,100.0
4,TRUG,2026-04-17,2.24,2026-04-17,2.24,2.69,1.79,0,5,OPEN,2.76,2.84,2026-04-22,2.13,2026-04-20,23.21,100.0,3,2026-04-22,2026-04-22,2.69,20.09,WIN,2026-04-22,100.0
4,TRUG,2026-04-17,2.24,2026-04-17,2.24,2.69,1.79,0,5,OPEN,2.76,2.84,2026-04-22,2.13,2026-04-20,23.21,100.0,3,2026-04-22,2026-04-22,2.69,20.09,WIN,2026-04-22,100.0
1,CAST,2026-04-21,2.74,2026-04-21,2.74,2.88,2.19,0.05,5,OPEN,2.35,3.1,2026-04-22,2.25,2026-04-22,-14.23,100.0,1,2026-04-22,2026-04-22,2.88,5.11,WIN,2026-04-22,100.0
4,LBGJ,2026-03-30,1.07,2026-03-30,1.07,1.28,0.86,0.2,30,OPEN,1.26,1.29,2026-04-23,0.92,2026-03-31,17.76,100.0,17,2026-04-23,2026-04-23,1.28,19.63,WIN,2026-04-23,100.0
3,SMX,2026-04-22,3.68,2026-04-22,3.68,3.86,2.94,0.05,5,OPEN,3.52,3.89,2026-04-23,3.49,2026-04-23,-4.35,100.0,1,2026-04-23,2026-04-23,3.86,4.89,WIN,2026-04-23,100.0
5,IONZ,2026-04-16,7.2,2026-04-16,7.2,7.92,5.76,0.1,30,OPEN,7.53,8.0,2026-04-24,5.76,2026-04-22,4.58,100.0,6,2026-04-24,2026-04-24,7.92,10.0,WIN,2026-04-24,100.0
1,CAST,2026-04-22,2.35,2026-04-22,2.35,2.47,1.88,0.05,5,OPEN,2.13,2.63,2026-04-23,1.63,2026-04-23,-9.36,233.3,1,2026-04-24,2026-04-23,1.88,-20.0,LOSS,,233.3
4,CAST,2026-04-22,2.35,2026-04-22,2.35,2.82,1.88,0.2,30,OPEN,2.13,2.63,2026-04-23,1.63,2026-04-23,-9.36,59.6,1,2026-04-24,2026-04-23,1.88,-20.0,LOSS,,59.6
1,CAST,2026-04-23,1.68,2026-04-23,1.68,1.76,1.34,0.05,5,OPEN,2.13,2.57,2026-04-24,1.68,,26.79,100.0,1,2026-04-24,2026-04-24,1.76,4.76,WIN,2026-04-24,100.0
3,CAST,2026-04-23,1.68,2026-04-23,1.68,1.76,1.34,0.05,5,OPEN,2.13,2.57,2026-04-24,1.68,,26.79,100.0,1,2026-04-24,2026-04-24,1.76,4.76,WIN,2026-04-24,100.0
4,CAST,2026-04-23,1.68,2026-04-23,1.68,2.02,1.34,0.2,30,OPEN,2.13,2.57,2026-04-24,1.68,,26.79,100.0,1,2026-04-24,2026-04-24,2.02,20.24,WIN,2026-04-24,100.0
3,OIO,2026-04-24,2.93,2026-04-24,2.93,3.08,2.34,0.05,5,OPEN,1.9,2.93,,1.88,2026-04-27,-35.15,,1,2026-04-27,2026-04-27,2.34,-20.14,LOSS,,0.0
4,OIO,2026-04-24,2.93,2026-04-24,2.93,3.52,2.34,0.2,30,OPEN,1.9,2.93,,1.88,2026-04-27,-35.15,,1,2026-04-27,2026-04-27,2.34,-20.14,LOSS,,0.0
5,IPST,2026-04-23,5.5,2026-04-23,5.5,6.05,4.4,0.1,30,OPEN,4.85,6.29,2026-04-28,4.25,2026-04-28,-11.82,143.6,3,2026-04-28,2026-04-28,4.4,-20.0,LOSS,,143.6
1,SMX,2026-04-27,1.56,2026-04-27,1.56,1.64,1.25,0.05,5,OPEN,1.66,1.87,2026-04-28,1.45,2026-04-28,6.41,100.0,1,2026-04-28,2026-04-28,1.64,5.13,WIN,2026-04-28,100.0
3,SMX,2026-04-27,1.56,2026-04-27,1.56,1.64,1.25,0.05,5,OPEN,1.66,1.87,2026-04-28,1.45,2026-04-28,6.41,100.0,1,2026-04-28,2026-04-28,1.64,5.13,WIN,2026-04-28,100.0
3,GURE,2026-04-27,3.53,2026-04-27,3.53,3.71,2.82,0.05,5,OPEN,3.34,3.72,2026-04-28,3.25,2026-04-28,-5.52,100.0,1,2026-04-28,2026-04-28,3.71,5.1,WIN,2026-04-28,100.0
4,CMPX,2026-04-27,1.79,2026-04-27,1.79,2.15,1.43,0.2,30,OPEN,1.84,2.18,2026-04-28,1.79,,2.79,100.0,1,2026-04-28,2026-04-28,2.15,20.11,WIN,2026-04-28,100.0
1,GLXG,2026-04-28,1.06,2026-04-28,1.06,1.11,0.85,0.05,5,OPEN,1.06,1.16,2026-04-29,1.0,2026-04-29,-0.0,100.0,1,2026-04-29,2026-04-29,1.11,4.72,WIN,2026-04-29,100.0
3,GLXG,2026-04-28,1.06,2026-04-28,1.06,1.11,0.85,0.05,5,OPEN,1.06,1.16,2026-04-29,1.0,2026-04-29,-0.0,100.0,1,2026-04-29,2026-04-29,1.11,4.72,WIN,2026-04-29,100.0
3,SDOT,2026-04-28,1.33,2026-04-28,1.33,1.4,1.06,0.05,5,OPEN,0.98,1.39,2026-04-29,0.91,2026-04-30,-26.69,85.7,2,2026-04-30,2026-04-30,1.06,-20.3,LOSS,,85.7
4,OIO,2026-04-28,1.71,2026-04-28,1.71,2.05,1.37,0.2,30,OPEN,2.09,2.43,2026-05-01,1.58,2026-04-29,22.22,100.0,3,2026-05-01,2026-05-01,2.05,19.88,WIN,2026-05-01,100.0
1,DGNX,2026-04-30,1.82,2026-04-30,1.82,1.91,1.46,0.05,5,OPEN,1.85,2.23,2026-05-01,1.82,,1.65,100.0,1,2026-05-04,2026-05-01,1.91,4.95,WIN,2026-05-01,100.0
3,DGNX,2026-04-30,1.82,2026-04-30,1.82,1.91,1.46,0.05,5,OPEN,1.85,2.23,2026-05-01,1.82,,1.65,100.0,1,2026-05-04,2026-05-01,1.91,4.95,WIN,2026-05-01,100.0
4,DGNX,2026-04-30,1.82,2026-04-30,1.82,2.18,1.46,0.2,30,OPEN,1.85,2.23,2026-05-01,1.82,,1.65,100.0,1,2026-05-04,2026-05-01,2.18,19.78,WIN,2026-05-01,100.0
3,INDP,2026-05-01,2.14,2026-05-01,2.14,2.25,1.71,0.05,5,OPEN,2.15,2.35,2026-05-04,2.14,,0.47,100.0,1,2026-05-04,2026-05-04,2.25,5.14,WIN,2026-05-04,100.0
8,WTO,2026-05-01,1.5,2026-05-01,1.5,2.1,1.2,0.4,20,OPEN,1.14,1.5,,1.01,2026-05-05,-24.0,,2,2026-05-05,2026-05-05,1.2,-20.0,LOSS,,0.0
3,ULH,2026-05-04,16.13,2026-05-04,16.13,16.94,12.9,0.05,5,OPEN,12.28,16.3,2026-05-05,12.18,2026-05-05,-23.87,21.0,1,2026-05-05,2026-05-05,12.9,-20.02,LOSS,,21.0
6,STI,2026-04-23,3.72,2026-04-23,3.72,5.58,2.98,0.5,20,OPEN,5.36,5.67,2026-05-06,3.72,,44.09,100.0,9,2026-05-06,2026-05-06,5.58,50.0,WIN,2026-05-06,100.0
8,STI,2026-04-23,3.72,2026-04-23,3.72,5.21,2.98,0.4,20,OPEN,5.36,5.67,2026-05-06,3.72,,44.09,100.0,9,2026-05-06,2026-05-06,5.21,40.05,WIN,2026-05-06,100.0
3,ULH,2026-05-05,12.28,2026-05-05,12.28,12.89,9.82,0.05,5,OPEN,13.98,14.15,2026-05-06,12.28,,13.84,100.0,1,2026-05-06,2026-05-06,12.89,4.97,WIN,2026-05-06,100.0
3,QBTZ,2026-05-06,11.08,2026-05-06,11.08,11.63,8.86,0.05,5,OPEN,12.67,12.89,2026-05-07,11.08,,14.35,100.0,1,2026-05-07,2026-05-07,11.63,4.96,WIN,2026-05-07,100.0
3,IREZ,2026-05-06,7.18,2026-05-06,7.18,7.54,5.74,0.05,5,OPEN,8.23,8.5,2026-05-07,6.85,2026-05-07,14.62,100.0,1,2026-05-07,2026-05-07,7.54,5.01,WIN,2026-05-07,100.0
3,RGTZ,2026-05-06,9.95,2026-05-06,9.95,10.45,7.96,0.05,5,OPEN,11.61,11.85,2026-05-07,9.95,,16.68,100.0,1,2026-05-07,2026-05-07,10.45,5.03,WIN,2026-05-07,100.0
5,IREZ,2026-05-06,7.18,2026-05-06,7.18,7.9,5.74,0.1,30,OPEN,8.23,8.5,2026-05-07,6.85,2026-05-07,14.62,100.0,1,2026-05-07,2026-05-07,7.9,10.03,WIN,2026-05-07,100.0
5,RGTZ,2026-05-06,9.95,2026-05-06,9.95,10.94,7.96,0.1,30,OPEN,11.61,11.85,2026-05-07,9.95,,16.68,100.0,1,2026-05-07,2026-05-07,10.94,9.95,WIN,2026-05-07,100.0
6,GDC,2026-05-06,1.24,2026-05-06,1.24,1.86,0.99,0.5,20,OPEN,0.15,1.41,2026-05-07,0.14,2026-05-07,-87.82,27.4,1,2026-05-07,2026-05-07,0.99,-20.16,LOSS,,27.4
8,GDC,2026-05-06,1.24,2026-05-06,1.24,1.74,0.99,0.4,20,OPEN,0.15,1.41,2026-05-07,0.14,2026-05-07,-87.82,34.0,1,2026-05-07,2026-05-07,0.99,-20.16,LOSS,,34.0
3,GLIBK,2026-05-07,26.77,2026-05-07,26.77,28.11,21.42,0.05,5,OPEN,28.34,29.61,2026-05-11,25.33,2026-05-08,5.86,100.0,2,2026-05-11,2026-05-11,28.11,5.01,WIN,2026-05-11,100.0
3,GLIBA,2026-05-07,27.16,2026-05-07,27.16,28.52,21.73,0.05,5,OPEN,28.71,29.93,2026-05-11,25.92,2026-05-08,5.71,100.0,2,2026-05-11,2026-05-11,28.52,5.01,WIN,2026-05-11,100.0
3,RAIN,2026-05-07,1.46,2026-05-07,1.46,1.53,1.17,0.05,5,OPEN,1.46,1.59,2026-05-11,1.26,2026-05-11,0.0,100.0,2,2026-05-11,2026-05-11,1.53,4.79,WIN,2026-05-11,100.0
3,GIG,2026-05-08,5.8,2026-05-08,5.8,6.09,4.64,0.05,5,OPEN,5.52,6.25,2026-05-11,5.5,2026-05-11,-4.83,100.0,1,2026-05-11,2026-05-11,6.09,5.0,WIN,2026-05-11,100.0
3,GRNQ,2026-05-11,1.57,2026-05-11,1.57,1.65,1.26,0.05,5,OPEN,1.58,1.69,2026-05-12,1.32,2026-05-12,0.64,100.0,1,2026-05-12,2026-05-12,1.65,5.1,WIN,2026-05-12,100.0
4,PEPG,2026-03-31,1.77,2026-03-31,1.77,2.12,1.42,0.2,30,OPEN,1.78,1.98,2026-04-01,1.52,2026-04-29,0.56,60.0,30,2026-05-13,2026-05-13,1.78,0.56,EXPIRED,,60.0
3,RUBI,2026-05-11,2.29,2026-05-11,2.29,2.4,1.83,0.05,5,OPEN,2.06,2.29,,1.81,2026-05-12,-10.04,,1,2026-05-13,2026-05-12,1.83,-20.09,LOSS,,0.0
1,RUBI,2026-05-12,1.88,2026-05-12,1.88,1.97,1.5,0.05,5,OPEN,2.06,2.1,2026-05-13,1.88,,9.57,100.0,1,2026-05-13,2026-05-13,1.97,4.79,WIN,2026-05-13,100.0
1,FCHL,2026-05-12,1.33,2026-05-12,1.33,1.4,1.06,0.05,5,OPEN,2.03,2.32,2026-05-13,1.33,,52.63,100.0,1,2026-05-13,2026-05-13,1.4,5.26,WIN,2026-05-13,100.0
1,BTM,2026-05-13,2.62,2026-05-13,2.62,2.75,2.1,0.05,5,OPEN,2.78,2.91,2026-05-14,2.6,2026-05-14,6.11,100.0,1,2026-05-14,2026-05-14,2.75,4.96,WIN,2026-05-14,100.0
3,BTM,2026-05-13,2.62,2026-05-13,2.62,2.75,2.1,0.05,5,OPEN,2.78,2.91,2026-05-14,2.6,2026-05-14,6.11,100.0,1,2026-05-14,2026-05-14,2.75,4.96,WIN,2026-05-14,100.0
3,MTC,2026-05-13,5.27,2026-05-13,5.27,5.53,4.22,0.05,5,OPEN,5.39,5.76,2026-05-14,5.25,2026-05-14,2.28,100.0,1,2026-05-14,2026-05-14,5.53,4.93,WIN,2026-05-14,100.0
4,REED,2026-05-13,1.79,2026-05-13,1.79,2.15,1.43,0.2,30,OPEN,1.82,2.39,2026-05-14,1.79,,1.68,100.0,1,2026-05-14,2026-05-14,2.15,20.11,WIN,2026-05-14,100.0
1,SKYQ,2026-05-14,2.49,2026-05-14,2.49,2.61,1.99,0.05,5,OPEN,3.07,3.8,2026-05-15,2.49,,23.29,100.0,1,2026-05-15,2026-05-15,2.61,4.82,WIN,2026-05-15,100.0
3,RKLZ,2026-05-14,2.37,2026-05-14,2.37,2.49,1.9,0.05,5,OPEN,2.65,2.75,2026-05-15,2.37,,11.81,100.0,1,2026-05-15,2026-05-15,2.49,5.06,WIN,2026-05-15,100.0
4,REED,2026-05-14,1.82,2026-05-14,1.82,2.18,1.46,0.2,30,OPEN,1.9,2.41,2026-05-15,1.82,,4.4,100.0,1,2026-05-15,2026-05-15,2.18,19.78,WIN,2026-05-15,100.0
5,SKK,2026-05-14,3.39,2026-05-14,3.39,3.73,2.71,0.1,30,OPEN,4.77,5.5,2026-05-15,3.39,,40.71,100.0,1,2026-05-15,2026-05-15,3.73,10.03,WIN,2026-05-15,100.0
5,HCAI,2026-05-14,6.49,2026-05-14,6.49,7.14,5.19,0.1,30,OPEN,11.0,16.96,2026-05-18,5.26,2026-05-15,69.49,100.0,2,2026-05-18,2026-05-18,7.14,10.02,WIN,2026-05-18,100.0
5,HCAI,2026-05-15,5.54,2026-05-15,5.54,6.09,4.43,0.1,30,OPEN,11.0,16.96,2026-05-18,5.54,,98.56,100.0,1,2026-05-18,2026-05-18,6.09,9.93,WIN,2026-05-18,100.0
4,TLSI,2026-05-13,2.67,2026-05-13,2.67,3.2,2.14,0.2,30,OPEN,3.15,3.59,2026-05-19,2.35,2026-05-15,17.98,100.0,4,2026-05-19,2026-05-19,3.2,19.85,WIN,2026-05-19,100.0
4,BLNE,2026-05-15,1.08,2026-05-15,1.08,1.3,0.86,0.2,30,OPEN,1.02,1.08,,0.85,2026-05-18,-5.56,,1,2026-05-19,2026-05-18,0.86,-20.37,LOSS,,0.0
5,OKLL,2026-05-18,6.97,2026-05-18,6.97,7.67,5.58,0.1,30,OPEN,7.81,7.87,2026-05-20,5.85,2026-05-19,12.05,100.0,2,2026-05-20,2026-05-20,7.67,10.04,WIN,2026-05-20,100.0
3,RUBI,2026-05-19,1.37,2026-05-19,1.37,1.44,1.1,0.05,5,OPEN,0.81,1.37,,0.77,2026-05-20,-41.11,,1,2026-05-20,2026-05-20,1.1,-19.71,LOSS,,0.0
3,CDT,2026-05-19,1.2,2026-05-19,1.2,1.26,0.96,0.05,5,OPEN,1.23,1.29,2026-05-20,1.2,,2.5,100.0,1,2026-05-20,2026-05-20,1.26,5.0,WIN,2026-05-20,100.0
3,UECG,2026-05-19,5.99,2026-05-19,5.99,6.29,4.79,0.05,5,OPEN,6.72,6.87,2026-05-20,5.9,2026-05-20,12.23,100.0,1,2026-05-20,2026-05-20,6.29,5.01,WIN,2026-05-20,100.0
4,ADTX,2026-05-18,1.62,2026-05-18,1.62,1.95,1.3,0.2,30,OPEN,1.22,1.89,2026-05-19,1.12,2026-05-21,-24.69,81.8,3,2026-05-21,2026-05-21,1.3,-19.75,LOSS,,81.8
3,OXSQ,2026-05-19,1.3,2026-05-19,1.3,1.36,1.04,0.05,5,OPEN,1.38,1.42,2026-05-21,1.05,2026-05-20,6.15,100.0,2,2026-05-21,2026-05-21,1.36,4.62,WIN,2026-05-21,100.0
5,ASTN,2026-05-19,8.43,2026-05-19,8.43,9.27,6.74,0.1,30,OPEN,6.92,8.71,2026-05-20,6.68,2026-05-21,-17.91,33.3,2,2026-05-21,2026-05-21,6.74,-20.05,LOSS,,33.3
5,ASTN,2026-05-21,6.92,2026-05-21,6.92,7.61,5.54,0.1,30,OPEN,5.51,6.92,,5.27,2026-05-22,-20.38,,1,2026-05-22,2026-05-22,5.54,-19.94,LOSS,,0.0
3,STRO,2026-05-22,25.57,2026-05-22,25.57,26.85,20.46,0.05,5,OPEN,27.38,27.93,2026-05-26,25.1,2026-05-26,7.08,100.0,1,2026-05-26,2026-05-26,26.85,5.01,WIN,2026-05-26,100.0
5,ASTN,2026-05-22,5.51,2026-05-22,5.51,6.06,4.41,0.1,30,OPEN,4.04,5.51,,3.3,2026-05-26,-26.68,,1,2026-05-26,2026-05-26,4.41,-19.96,LOSS,,0.0
5,WGRX,2026-05-26,3.82,2026-05-26,3.82,4.2,3.06,0.1,30,OPEN,3.16,3.82,,3.04,2026-05-27,-17.28,,1,2026-05-27,2026-05-27,3.06,-19.9,LOSS,,0.0
5,ASTN,2026-05-26,4.04,2026-05-26,4.04,4.44,3.23,0.1,30,OPEN,3.2,4.16,2026-05-27,3.16,2026-05-28,-20.79,30.0,2,2026-05-28,2026-05-28,3.23,-20.05,LOSS,,30.0
1,ASTN,2026-05-27,3.38,2026-05-27,3.38,3.55,2.7,0.05,5,OPEN,3.2,3.76,2026-05-28,3.16,2026-05-28,-5.33,100.0,1,2026-05-28,2026-05-28,3.55,5.03,WIN,2026-05-28,100.0
5,WGRX,2026-05-27,3.16,2026-05-27,3.16,3.48,2.53,0.1,30,OPEN,3.72,4.18,2026-05-28,3.16,,17.72,100.0,1,2026-05-28,2026-05-28,3.48,10.13,WIN,2026-05-28,100.0
5,ASTN,2026-05-27,3.38,2026-05-27,3.38,3.72,2.7,0.1,30,OPEN,3.2,3.76,2026-05-28,3.16,2026-05-28,-5.33,100.0,1,2026-05-28,2026-05-28,3.72,10.06,WIN,2026-05-28,100.0
6,SNBR,2026-05-14,1.6,2026-05-14,1.6,2.4,1.28,0.5,20,OPEN,1.19,1.91,2026-05-21,1.16,2026-05-29,-25.62,38.7,10,2026-05-29,2026-05-29,1.28,-20.0,LOSS,,38.7
4,YMT,2026-05-20,1.12,2026-05-20,1.12,1.34,0.9,0.2,30,OPEN,1.13,1.12,,0.78,2026-05-21,0.89,,1,2026-05-29,2026-05-21,0.9,-19.64,LOSS,,0.0
1,BTGO,2026-05-26,5.97,2026-05-26,5.97,6.27,4.78,0.05,5,OPEN,6.01,6.32,2026-05-29,5.42,2026-05-27,0.67,100.0,3,2026-05-29,2026-05-29,6.27,5.03,WIN,2026-05-29,100.0
3,BTGO,2026-05-26,5.97,2026-05-26,5.97,6.27,4.78,0.05,5,OPEN,6.01,6.32,2026-05-29,5.42,2026-05-27,0.67,100.0,3,2026-05-29,2026-05-29,6.27,5.03,WIN,2026-05-29,100.0
10,RKLZ,2026-05-26,1.87,2026-05-26,1.87,2.06,1.5,0.1,5,OPEN,1.84,2.07,2026-05-29,1.67,2026-05-27,-1.6,100.0,3,2026-05-29,2026-05-29,2.06,10.16,WIN,2026-05-29,100.0
3,BNR,2026-05-28,10.1,2026-05-28,10.1,10.61,8.08,0.05,5,OPEN,9.32,10.96,2026-05-29,9.01,2026-05-29,-7.72,100.0,1,2026-05-29,2026-05-29,10.61,5.05,WIN,2026-05-29,100.0
5,SMCZ,2026-05-28,8.14,2026-05-28,8.14,8.96,6.51,0.1,30,OPEN,6.23,8.14,,5.38,2026-05-29,-23.46,,1,2026-05-29,2026-05-29,6.51,-20.02,LOSS,,0.0
6,SUGP,2026-05-28,1.49,2026-05-28,1.49,2.24,1.19,0.5,20,OPEN,1.02,1.49,,0.89,2026-05-29,-31.54,,1,2026-05-29,2026-05-29,1.19,-20.13,LOSS,,0.0
8,SUGP,2026-05-28,1.49,2026-05-28,1.49,2.09,1.19,0.4,20,OPEN,1.02,1.49,,0.89,2026-05-29,-31.54,,1,2026-05-29,2026-05-29,1.19,-20.13,LOSS,,0.0
3,HOOZ,2026-05-29,16.24,2026-05-29,16.24,17.05,12.99,0.05,5,OPEN,17.47,19.12,2026-06-01,16.24,,7.57,100.0,1,2026-06-01,2026-06-01,17.05,4.99,WIN,2026-06-01,100.0
6,HKIT,2026-05-29,1.46,2026-05-29,1.46,2.19,1.17,0.5,20,OPEN,6.58,8.8,2026-06-01,1.46,,350.68,100.0,1,2026-06-01,2026-06-01,2.19,50.0,WIN,2026-06-01,100.0
1,BNR,2026-05-29,9.32,2026-05-29,9.32,9.79,7.46,0.05,5,OPEN,9.64,10.25,2026-06-02,8.4,2026-06-02,3.43,100.0,2,2026-06-02,2026-06-02,9.79,5.04,WIN,2026-06-02,100.0
5,SMCZ,2026-05-29,6.23,2026-05-29,6.23,6.85,4.98,0.1,30,OPEN,5.17,6.32,2026-06-01,4.89,2026-06-02,-17.01,14.5,2,2026-06-02,2026-06-02,4.98,-20.06,LOSS,,14.5
4,TOPS,2026-05-15,1.02,2026-05-15,1.02,1.22,0.82,0.2,30,OPEN,1.07,1.29,2026-06-03,0.86,2026-06-01,4.9,100.0,12,2026-06-03,2026-06-03,1.22,19.61,WIN,2026-06-03,100.0
3,EDSA,2026-05-27,7.97,2026-05-27,7.97,8.37,6.38,0.05,5,OPEN,6.86,8.14,2026-05-28,6.49,2026-06-01,-13.93,42.5,5,2026-06-03,2026-06-03,6.86,-13.93,EXPIRED,,42.5
5,PCLA,2026-06-02,6.8,2026-06-02,6.8,7.48,5.44,0.1,30,OPEN,8.03,9.8,2026-06-04,6.1,2026-06-03,18.09,100.0,2,2026-06-04,2026-06-04,7.48,10.0,WIN,2026-06-04,100.0
3,BLSG,2026-06-03,2.67,2026-06-03,2.67,2.8,2.14,0.05,5,OPEN,2.92,3.04,2026-06-04,2.67,,9.4,100.0,1,2026-06-04,2026-06-04,2.8,4.87,WIN,2026-06-04,100.0
5,PCLA,2026-06-03,6.17,2026-06-03,6.17,6.79,4.94,0.1,30,OPEN,8.03,9.8,2026-06-04,6.17,,30.15,100.0,1,2026-06-04,2026-06-04,6.79,10.05,WIN,2026-06-04,100.0
4,YMT,2026-05-22,1.05,2026-05-22,1.05,1.26,0.84,0.2,30,OPEN,0.84,1.19,2026-06-01,0.82,2026-06-05,-20.44,66.7,9,2026-06-05,2026-06-05,0.84,-20.0,LOSS,,66.7
5,BTGO,2026-05-26,5.97,2026-05-26,5.97,6.57,4.78,0.1,30,OPEN,4.71,6.32,2026-05-29,4.66,2026-06-05,-21.11,58.3,8,2026-06-05,2026-06-05,4.78,-19.93,LOSS,,58.3
5,EDSA,2026-05-27,7.97,2026-05-27,7.97,8.77,6.38,0.1,30,OPEN,5.46,8.14,2026-05-28,5.01,2026-06-05,-31.49,21.3,7,2026-06-05,2026-06-05,6.38,-19.95,LOSS,,21.3
3,PRAX,2026-06-02,258.08,2026-06-02,258.08,270.98,206.46,0.05,5,OPEN,254.0,279.8,2026-06-03,258.08,,-1.58,100.0,1,2026-06-05,2026-06-03,270.98,5.0,WIN,2026-06-03,100.0
1,SHMD,2026-06-05,5.05,2026-06-05,5.05,5.3,4.04,0.05,5,OPEN,5.26,5.38,2026-06-08,4.96,2026-06-08,4.06,100.0,1,2026-06-08,2026-06-08,5.3,4.95,WIN,2026-06-08,100.0
3,ADCT,2026-06-05,1.03,2026-06-05,1.03,1.08,0.82,0.05,5,OPEN,0.98,1.07,2026-06-08,0.78,2026-06-08,-5.08,80.0,1,2026-06-08,2026-06-08,0.82,-20.39,LOSS,,80.0
3,SHMD,2026-06-05,5.05,2026-06-05,5.05,5.3,4.04,0.05,5,OPEN,5.26,5.38,2026-06-08,4.96,2026-06-08,4.06,100.0,1,2026-06-08,2026-06-08,5.3,4.95,WIN,2026-06-08,100.0
3,CDTG,2026-06-05,3.18,2026-06-05,3.18,3.34,2.54,0.05,5,OPEN,4.01,5.19,2026-06-08,2.99,2026-06-08,26.1,100.0,1,2026-06-08,2026-06-08,3.34,5.03,WIN,2026-06-08,100.0
3,DGXX,2026-06-05,6.04,2026-06-05,6.04,6.34,4.83,0.05,5,OPEN,6.36,6.65,2026-06-08,6.04,,5.3,100.0,1,2026-06-08,2026-06-08,6.34,4.97,WIN,2026-06-08,100.0
3,KORU,2026-06-05,610.01,2026-06-05,610.01,640.51,488.01,0.05,5,OPEN,709.44,743.39,2026-06-08,610.01,,16.3,100.0,1,2026-06-08,2026-06-08,640.51,5.0,WIN,2026-06-08,100.0
4,ADCT,2026-06-05,1.03,2026-06-05,1.03,1.24,0.82,0.2,30,OPEN,0.98,1.07,2026-06-08,0.78,2026-06-08,-5.08,19.0,1,2026-06-08,2026-06-08,0.82,-20.39,LOSS,,19.0
5,ETHT,2026-06-05,7.77,2026-06-05,7.77,8.55,6.22,0.1,30,OPEN,8.83,9.03,2026-06-08,7.77,,13.64,100.0,1,2026-06-08,2026-06-08,8.55,10.04,WIN,2026-06-08,100.0
4,KUST,2026-06-03,1.81,2026-06-03,1.81,2.17,1.45,0.2,30,OPEN,1.65,2.02,2026-06-04,1.42,2026-06-09,-8.84,58.3,4,2026-06-09,2026-06-09,1.45,-19.89,LOSS,,58.3
1,MTC,2026-06-08,3.0,2026-06-08,3.0,3.15,2.4,0.05,5,OPEN,2.67,3.31,2026-06-09,2.5,2026-06-09,-11.0,100.0,1,2026-06-09,2026-06-09,3.15,5.0,WIN,2026-06-09,100.0
3,NNNN,2026-06-08,17.22,2026-06-08,17.22,18.08,13.78,0.05,5,OPEN,16.16,19.14,2026-06-09,15.65,2026-06-09,-6.16,100.0,1,2026-06-09,2026-06-09,18.08,4.99,WIN,2026-06-09,100.0
3,MTC,2026-06-08,3.0,2026-06-08,3.0,3.15,2.4,0.05,5,OPEN,2.67,3.31,2026-06-09,2.5,2026-06-09,-11.0,100.0,1,2026-06-09,2026-06-09,3.15,5.0,WIN,2026-06-09,100.0
9,CHSN,2026-06-09,1.23,2026-06-09,1.23,1.35,0.98,0.1,5,OPEN,1.36,1.64,2026-06-10,1.1,2026-06-10,10.57,100.0,1,2026-06-10,2026-06-10,1.35,9.76,WIN,2026-06-10,100.0
3,GOAI,2026-06-10,2.28,2026-06-10,2.28,2.39,1.82,0.05,5,OPEN,2.72,2.95,2026-06-11,2.07,2026-06-11,19.3,100.0,1,2026-06-11,2026-06-11,2.39,4.82,WIN,2026-06-11,100.0
4,CRMT,2026-06-10,2.37,2026-06-10,2.37,2.84,1.9,0.2,30,OPEN,2.69,2.96,2026-06-11,1.94,2026-06-11,13.5,100.0,1,2026-06-11,2026-06-11,2.84,19.83,WIN,2026-06-11,100.0
4,CRMT,2026-06-11,2.69,2026-06-11,2.69,3.23,2.15,0.2,30,OPEN,2.09,2.69,,1.9,2026-06-12,-22.3,,1,2026-06-12,2026-06-12,2.15,-20.07,LOSS,,0.0
8,LNKS,2026-05-15,1.49,2026-05-15,1.49,2.09,1.19,0.4,20,OPEN,1.66,1.96,2026-05-28,1.35,2026-05-27,11.41,77.5,20,2026-06-15,2026-06-15,1.66,11.41,EXPIRED,,77.5
4,PPBT,2026-06-11,1.54,2026-06-11,1.54,1.85,1.23,0.2,30,OPEN,1.69,1.85,2026-06-15,1.42,2026-06-12,9.74,100.0,2,2026-06-15,2026-06-15,1.85,20.13,WIN,2026-06-15,100.0
4,CRMT,2026-06-12,2.09,2026-06-12,2.09,2.51,1.67,0.2,30,OPEN,2.41,2.88,2026-06-15,2.09,,15.31,100.0,1,2026-06-15,2026-06-15,2.51,20.1,WIN,2026-06-15,100.0
10,GMM,2026-06-12,3.36,2026-06-12,3.36,3.7,2.69,0.1,5,OPEN,3.44,4.6,2026-06-15,3.36,,2.38,100.0,1,2026-06-15,2026-06-15,3.7,10.12,WIN,2026-06-15,100.0
5,QNTM,2026-06-04,4.48,2026-06-04,4.48,4.93,3.58,0.1,30,OPEN,3.64,4.58,2026-06-08,3.52,2026-06-16,-18.75,22.2,8,2026-06-16,2026-06-16,3.58,-20.09,LOSS,,22.2
1,DAIC,2026-06-09,1.93,2026-06-09,1.93,2.03,1.54,0.05,5,OPEN,1.69,2.53,2026-06-11,1.64,2026-06-10,-12.44,100.0,2,2026-06-16,2026-06-11,2.03,5.18,WIN,2026-06-11,100.0
3,DAIC,2026-06-09,1.93,2026-06-09,1.93,2.03,1.54,0.05,5,OPEN,1.69,2.53,2026-06-11,1.64,2026-06-10,-12.44,100.0,2,2026-06-16,2026-06-11,2.03,5.18,WIN,2026-06-11,100.0
4,AVAT,2026-06-15,1.17,2026-06-15,1.17,1.4,0.94,0.2,30,OPEN,0.96,1.22,2026-06-16,0.92,2026-06-16,-17.94,21.6,1,2026-06-16,2026-06-16,0.94,-19.66,LOSS,,21.6
4,CRMT,2026-06-15,2.41,2026-06-15,2.41,2.89,1.93,0.2,30,OPEN,2.34,3.0,2026-06-16,2.15,2026-06-16,-2.9,100.0,1,2026-06-16,2026-06-16,2.89,19.92,WIN,2026-06-16,100.0
5,TDIC,2026-06-15,5.43,2026-06-15,5.43,5.97,4.34,0.1,30,OPEN,7.6,10.5,2026-06-16,5.43,,39.96,100.0,1,2026-06-16,2026-06-16,5.97,9.94,WIN,2026-06-16,100.0
4,ENGN,2026-05-07,1.72,2026-05-07,1.72,2.06,1.38,0.2,30,OPEN,1.69,1.87,2026-05-29,1.4,2026-05-12,-1.74,44.1,30,2026-06-22,2026-06-22,1.69,-1.74,EXPIRED,,44.1
4,CRMT,2026-06-16,2.34,2026-06-16,2.34,2.81,1.87,0.2,30,OPEN,3.01,3.53,2026-06-22,2.05,2026-06-18,28.63,100.0,3,2026-06-22,2026-06-22,2.81,20.09,WIN,2026-06-22,100.0
3,UPLD,2026-06-17,5.17,2026-06-17,5.17,5.43,4.14,0.05,5,OPEN,4.84,5.45,2026-06-18,4.92,2026-06-18,-6.48,100.0,1,2026-06-22,2026-06-18,5.43,5.03,WIN,2026-06-18,100.0
1,RGC,2026-06-18,12.01,2026-06-18,12.01,12.61,9.61,0.05,5,OPEN,10.51,14.66,2026-06-22,10.16,2026-06-22,-12.49,100.0,1,2026-06-22,2026-06-22,12.61,5.0,WIN,2026-06-22,100.0
3,RGC,2026-06-18,12.01,2026-06-18,12.01,12.61,9.61,0.05,5,OPEN,10.51,14.66,2026-06-22,10.16,2026-06-22,-12.49,100.0,1,2026-06-22,2026-06-22,12.61,5.0,WIN,2026-06-22,100.0
5,FOFO,2026-06-10,3.03,2026-06-10,3.03,3.33,2.42,0.1,30,OPEN,3.73,4.74,2026-06-23,2.46,2026-06-16,23.1,100.0,8,2026-06-23,2026-06-23,3.33,9.9,WIN,2026-06-23,100.0
5,NBIZ,2026-06-17,6.88,2026-06-17,6.88,7.57,5.5,0.1,30,OPEN,7.13,8.07,2026-06-23,6.01,2026-06-22,3.63,100.0,3,2026-06-23,2026-06-23,7.57,10.03,WIN,2026-06-23,100.0
3,BEZ,2026-06-18,11.41,2026-06-18,11.41,11.98,9.13,0.05,5,OPEN,11.58,12.82,2026-06-23,9.98,2026-06-22,1.49,100.0,2,2026-06-23,2026-06-23,11.98,5.0,WIN,2026-06-23,100.0
6,WOK,2026-06-18,3.2,2026-06-18,3.2,4.8,2.56,0.5,20,OPEN,2.62,3.2,2026-06-22,2.55,2026-06-23,-18.13,0.0,2,2026-06-23,2026-06-23,2.56,-20.0,LOSS,,0.0
1,RGC,2026-06-22,10.51,2026-06-22,10.51,11.04,8.41,0.05,5,OPEN,11.08,12.0,2026-06-23,10.48,2026-06-23,5.42,100.0,1,2026-06-23,2026-06-23,11.04,5.04,WIN,2026-06-23,100.0
1,REED,2026-06-24,1.12,2026-06-24,1.12,1.18,0.9,0.05,5,OPEN,1.05,1.2,2026-06-25,1.05,2026-06-25,-6.25,100.0,1,2026-06-25,2026-06-25,1.18,5.36,WIN,2026-06-25,100.0
3,REED,2026-06-24,1.12,2026-06-24,1.12,1.18,0.9,0.05,5,OPEN,1.05,1.2,2026-06-25,1.05,2026-06-25,-6.25,100.0,1,2026-06-25,2026-06-25,1.18,5.36,WIN,2026-06-25,100.0
7,GMM,2026-06-12,3.36,2026-06-12,3.36,4.7,2.69,0.4,20,OPEN,2.63,4.6,2026-06-15,2.63,2026-06-26,-21.73,92.5,9,2026-06-26,2026-06-26,2.69,-19.94,LOSS,,92.5
1,MST,2026-06-24,8.69,2026-06-24,8.69,9.13,6.95,0.05,5,OPEN,6.59,8.78,2026-06-25,6.54,2026-06-26,-24.17,20.5,2,2026-06-26,2026-06-26,6.95,-20.02,LOSS,,20.5
1,MSTP,2026-06-24,13.68,2026-06-24,13.68,14.36,10.94,0.05,5,OPEN,10.31,13.87,2026-06-25,10.2,2026-06-26,-24.6,27.9,2,2026-06-26,2026-06-26,10.94,-20.03,LOSS,,27.9
1,MSTX,2026-06-24,9.01,2026-06-24,9.01,9.46,7.21,0.05,5,OPEN,6.76,9.1,2026-06-25,6.72,2026-06-26,-24.97,20.0,2,2026-06-26,2026-06-26,7.21,-19.98,LOSS,,20.0
5,MSTX,2026-06-24,9.01,2026-06-24,9.01,9.91,7.21,0.1,30,OPEN,6.76,9.1,2026-06-25,6.72,2026-06-26,-24.97,10.0,2,2026-06-26,2026-06-26,7.21,-19.98,LOSS,,10.0
3,RCAX,2026-06-25,4.33,2026-06-25,4.33,4.55,3.46,0.05,5,OPEN,4.68,4.82,2026-06-26,4.33,,8.08,100.0,1,2026-06-26,2026-06-26,4.55,5.08,WIN,2026-06-26,100.0
3,ENHA,2026-06-25,2.88,2026-06-25,2.88,3.02,2.3,0.05,5,OPEN,2.84,3.11,2026-06-26,2.61,2026-06-26,-1.39,100.0,1,2026-06-26,2026-06-26,3.02,4.86,WIN,2026-06-26,100.0
4,SNDQ,2026-06-25,1.98,2026-06-25,1.98,2.38,1.58,0.2,30,OPEN,2.39,2.44,2026-06-26,1.98,,20.71,100.0,1,2026-06-26,2026-06-26,2.38,20.2,WIN,2026-06-26,100.0
3,RKLX,2026-06-24,32.47,2026-06-24,32.47,34.09,25.98,0.05,5,OPEN,41.41,42.14,2026-06-29,28.29,2026-06-25,27.53,100.0,3,2026-06-29,2026-06-29,34.09,4.99,WIN,2026-06-29,100.0
1,MSTP,2026-06-25,11.13,2026-06-25,11.13,11.69,8.91,0.05,5,OPEN,12.86,13.25,2026-06-29,10.13,2026-06-26,15.51,100.0,2,2026-06-29,2026-06-29,11.69,5.03,WIN,2026-06-29,100.0
1,MSTX,2026-06-25,7.33,2026-06-25,7.33,7.7,5.86,0.05,5,OPEN,8.48,8.77,2026-06-29,6.72,2026-06-26,15.69,100.0,2,2026-06-29,2026-06-29,7.7,5.05,WIN,2026-06-29,100.0
3,MSTP,2026-06-25,11.13,2026-06-25,11.13,11.69,8.91,0.05,5,OPEN,12.86,13.25,2026-06-29,10.13,2026-06-26,15.51,100.0,2,2026-06-29,2026-06-29,11.69,5.03,WIN,2026-06-29,100.0
3,MSTX,2026-06-25,7.33,2026-06-25,7.33,7.7,5.86,0.05,5,OPEN,8.48,8.77,2026-06-29,6.72,2026-06-26,15.69,100.0,2,2026-06-29,2026-06-29,7.7,5.05,WIN,2026-06-29,100.0
3,MBAI,2026-06-25,1.11,2026-06-25,1.11,1.17,0.89,0.05,5,OPEN,1.26,1.27,2026-06-29,1.06,2026-06-26,13.51,100.0,2,2026-06-29,2026-06-29,1.17,5.41,WIN,2026-06-29,100.0
3,OKLL,2026-06-25,4.7,2026-06-25,4.7,4.93,3.76,0.05,5,OPEN,4.99,5.14,2026-06-29,4.41,2026-06-26,6.17,100.0,2,2026-06-29,2026-06-29,4.93,4.89,WIN,2026-06-29,100.0
3,VIDA,2026-06-25,2.97,2026-06-25,2.97,3.12,2.38,0.05,5,OPEN,2.96,3.3,2026-06-29,2.57,2026-06-26,-0.34,100.0,2,2026-06-29,2026-06-29,3.12,5.05,WIN,2026-06-29,100.0
5,MSTX,2026-06-25,7.33,2026-06-25,7.33,8.06,5.86,0.1,30,OPEN,8.48,8.77,2026-06-29,6.72,2026-06-26,15.69,100.0,2,2026-06-29,2026-06-29,8.06,9.96,WIN,2026-06-29,100.0
5,RDWU,2026-06-25,7.84,2026-06-25,7.84,8.62,6.27,0.1,30,OPEN,9.15,9.4,2026-06-29,7.55,2026-06-26,16.71,100.0,2,2026-06-29,2026-06-29,8.62,9.95,WIN,2026-06-29,100.0
4,CELZ,2026-06-26,1.2,2026-06-26,1.2,1.44,0.96,0.2,30,OPEN,0.81,1.29,2026-06-29,0.8,2026-06-29,-32.48,37.5,1,2026-06-29,2026-06-29,0.96,-20.0,LOSS,,37.5
4,PSIG,2026-06-26,1.45,2026-06-26,1.45,1.74,1.16,0.2,30,OPEN,1.37,1.6,2026-06-29,1.03,2026-06-29,-5.52,51.7,1,2026-06-29,2026-06-29,1.16,-20.0,LOSS,,51.7
4,TVRD,2026-06-26,1.5,2026-06-26,1.5,1.8,1.2,0.2,30,OPEN,1.91,2.19,2026-06-29,1.5,,27.33,100.0,1,2026-06-29,2026-06-29,1.8,20.0,WIN,2026-06-29,100.0
3,IREG,2026-06-25,14.25,2026-06-25,14.25,14.96,11.4,0.05,5,OPEN,13.15,15.0,2026-06-29,12.06,2026-06-29,-7.72,100.0,2,2026-06-30,2026-06-29,14.96,4.98,WIN,2026-06-29,100.0
5,PAVS,2026-06-29,6.15,2026-06-29,6.15,6.77,4.92,0.1,30,OPEN,7.43,9.92,2026-06-30,6.15,,20.81,100.0,1,2026-06-30,2026-06-30,6.77,10.08,WIN,2026-06-30,100.0
5,SMCX,2026-06-29,8.26,2026-06-29,8.26,9.09,6.61,0.1,30,OPEN,8.92,9.26,2026-06-30,8.25,2026-06-30,7.99,100.0,1,2026-06-30,2026-06-30,9.09,10.05,WIN,2026-06-30,100.0
6,JEM,2026-06-29,1.08,2026-06-29,1.08,1.62,0.86,0.5,20,OPEN,3.97,4.94,2026-06-30,1.08,,267.59,100.0,1,2026-06-30,2026-06-30,1.62,50.0,WIN,2026-06-30,100.0
8,JEM,2026-06-29,1.08,2026-06-29,1.08,1.51,0.86,0.4,20,OPEN,3.97,4.94,2026-06-30,1.08,,267.59,100.0,1,2026-06-30,2026-06-30,1.51,39.81,WIN,2026-06-30,100.0
4,NYXH,2026-06-05,1.45,2026-06-05,1.45,1.74,1.16,0.2,30,OPEN,1.78,1.8,2026-07-01,1.26,2026-06-10,22.76,100.0,17,2026-07-01,2026-07-01,1.74,20.0,WIN,2026-07-01,100.0
8,FRSX,2026-06-08,1.4,2026-06-08,1.4,1.96,1.12,0.4,20,OPEN,1.97,2.05,2026-07-01,1.4,,40.71,100.0,16,2026-07-01,2026-07-01,1.96,40.0,WIN,2026-07-01,100.0
5,EDHL,2026-06-24,4.41,2026-06-24,4.41,4.85,3.53,0.1,30,OPEN,3.88,4.65,2026-06-25,3.53,2026-07-01,-12.02,54.1,5,2026-07-01,2026-07-01,3.53,-19.95,LOSS,,54.1
1,MST,2026-06-25,7.06,2026-06-25,7.06,7.41,5.65,0.05,5,OPEN,8.02,8.28,2026-06-29,6.53,2026-06-26,13.64,100.0,2,2026-07-01,2026-06-29,7.41,4.96,WIN,2026-06-29,100.0
3,MST,2026-06-25,7.06,2026-06-25,7.06,7.41,5.65,0.05,5,OPEN,8.02,8.28,2026-06-29,6.53,2026-06-26,13.64,100.0,2,2026-07-01,2026-06-29,7.41,4.96,WIN,2026-06-29,100.0
3,IREX,2026-06-25,25.52,2026-06-25,25.52,26.8,20.42,0.05,5,OPEN,20.98,26.76,2026-06-29,19.33,2026-07-01,-17.79,96.9,4,2026-07-01,2026-07-01,20.42,-19.98,LOSS,,96.9
3,IRE,2026-06-25,18.54,2026-06-25,18.54,19.47,14.83,0.05,5,OPEN,15.09,19.37,2026-06-29,13.95,2026-07-01,-18.61,89.1,4,2026-07-01,2026-07-01,14.83,-20.01,LOSS,,89.1
8,CANF,2026-06-26,2.75,2026-06-26,2.75,3.85,2.2,0.4,20,OPEN,4.63,5.98,2026-07-01,2.56,2026-06-29,68.36,100.0,3,2026-07-01,2026-07-01,3.85,40.0,WIN,2026-07-01,100.0
5,CRWU,2026-06-29,5.61,2026-06-29,5.61,6.17,4.49,0.1,30,OPEN,4.38,6.11,2026-06-30,4.3,2026-07-01,-21.93,89.3,2,2026-07-01,2026-07-01,4.49,-19.96,LOSS,,89.3
1,WHLR,2026-06-30,1.25,2026-06-30,1.25,1.31,1.0,0.05,5,OPEN,0.99,1.26,2026-07-01,0.98,2026-07-01,-20.83,16.7,1,2026-07-01,2026-07-01,1.0,-20.0,LOSS,,16.7
3,ZJYL,2026-06-30,1.82,2026-06-30,1.82,1.91,1.46,0.05,5,OPEN,1.89,1.94,2026-07-01,1.82,,3.85,100.0,1,2026-07-01,2026-07-01,1.91,4.95,WIN,2026-07-01,100.0
4,TC,2026-06-30,1.85,2026-06-30,1.85,2.22,1.48,0.2,30,OPEN,4.8,6.33,2026-07-01,1.85,,159.46,100.0,1,2026-07-01,2026-07-01,2.22,20.0,WIN,2026-07-01,100.0
5,SOC,2026-06-30,3.08,2026-06-30,3.08,3.39,2.46,0.1,30,OPEN,4.4,4.45,2026-07-01,3.08,,42.86,100.0,1,2026-07-01,2026-07-01,3.39,10.06,WIN,2026-07-01,100.0
3,KEEL,2026-07-02,4.59,2026-07-02,4.59,4.82,3.67,0.05,5,OPEN,4.84,5.1,2026-07-06,4.59,,5.45,100.0,1,2026-07-06,2026-07-06,4.82,5.01,WIN,2026-07-06,100.0
4,WHLR,2026-07-02,1.03,2026-07-02,1.03,1.24,0.82,0.2,30,OPEN,0.74,1.03,,0.7,2026-07-06,-28.4,,1,2026-07-06,2026-07-06,0.82,-20.39,LOSS,,0.0
5,IREG,2026-07-02,9.27,2026-07-02,9.27,10.2,7.42,0.1,30,OPEN,11.69,12.17,2026-07-06,9.27,,26.11,100.0,1,2026-07-06,2026-07-06,10.2,10.03,WIN,2026-07-06,100.0
3,ISPR,2026-06-29,1.21,2026-06-29,1.21,1.27,0.97,0.05,5,OPEN,1.1,1.27,2026-07-02,1.01,2026-07-07,-9.09,100.0,5,2026-07-07,2026-07-07,1.1,-9.09,EXPIRED,,100.0
4,DCX,2026-06-25,1.02,2026-06-25,1.02,1.22,0.82,0.2,30,OPEN,0.96,1.23,2026-07-08,0.91,2026-06-26,-5.87,100.0,8,2026-07-08,2026-07-08,1.22,19.61,WIN,2026-07-08,100.0
3,RDWU,2026-07-07,6.8,2026-07-07,6.8,7.14,5.44,0.05,5,OPEN,7.29,7.79,2026-07-08,6.73,2026-07-08,7.21,100.0,1,2026-07-08,2026-07-08,7.14,5.0,WIN,2026-07-08,100.0
1,COZX,2026-07-02,15.44,2026-07-02,15.44,16.21,12.35,0.05,5,OPEN,18.57,17.7,2026-07-06,15.44,,20.27,100.0,1,2026-07-09,2026-07-06,16.21,4.99,WIN,2026-07-06,100.0
5,STI,2026-07-02,7.85,2026-07-02,7.85,8.63,6.28,0.1,30,OPEN,8.41,8.75,2026-07-09,7.15,2026-07-07,7.13,100.0,4,2026-07-09,2026-07-09,8.63,9.94,WIN,2026-07-09,100.0
4,HODO,2026-07-07,1.78,2026-07-07,1.78,2.14,1.42,0.2,30,OPEN,1.38,1.9,2026-07-08,1.38,2026-07-09,-22.19,33.3,2,2026-07-09,2026-07-09,1.42,-20.22,LOSS,,33.3
1,HODO,2026-07-08,1.56,2026-07-08,1.56,1.64,1.25,0.05,5,OPEN,1.38,1.66,2026-07-09,1.38,2026-07-09,-11.22,100.0,1,2026-07-09,2026-07-09,1.64,5.13,WIN,2026-07-09,100.0
3,HODO,2026-07-08,1.56,2026-07-08,1.56,1.64,1.25,0.05,5,OPEN,1.38,1.66,2026-07-09,1.38,2026-07-09,-11.22,100.0,1,2026-07-09,2026-07-09,1.64,5.13,WIN,2026-07-09,100.0
4,DCX,2026-06-26,1.03,2026-06-26,1.03,1.24,0.82,0.2,30,OPEN,1.04,1.26,2026-07-10,0.92,2026-07-08,0.97,100.0,9,2026-07-10,2026-07-10,1.24,20.39,WIN,2026-07-10,100.0
1,HODO,2026-07-09,1.38,2026-07-09,1.38,1.45,1.11,0.05,5,OPEN,1.38,1.69,2026-07-10,1.3,2026-07-10,-0.0,100.0,1,2026-07-10,2026-07-10,1.45,5.07,WIN,2026-07-10,100.0
3,HODO,2026-07-09,1.38,2026-07-09,1.38,1.45,1.11,0.05,5,OPEN,1.38,1.69,2026-07-10,1.3,2026-07-10,-0.0,100.0,1,2026-07-10,2026-07-10,1.45,5.07,WIN,2026-07-10,100.0
5,LUNL,2026-07-08,6.06,2026-07-08,6.06,6.67,4.85,0.1,30,OPEN,4.73,6.16,2026-07-09,4.65,2026-07-13,-21.95,16.4,3,2026-07-13,2026-07-13,4.85,-19.97,LOSS,,16.4
4,HODO,2026-07-10,1.38,2026-07-10,1.38,1.66,1.1,0.2,30,OPEN,1.3,1.87,2026-07-14,1.19,2026-07-13,-5.8,100.0,2,2026-07-14,2026-07-14,1.66,20.29,WIN,2026-07-14,100.0
1,IONX,2026-07-13,26.16,2026-07-13,26.16,27.47,20.93,0.05,5,OPEN,26.64,28.17,2026-07-14,25.93,2026-07-14,1.83,100.0,1,2026-07-14,2026-07-14,27.47,5.01,WIN,2026-07-14,100.0
1,IONL,2026-07-13,14.02,2026-07-13,14.02,14.72,11.22,0.05,5,OPEN,14.28,15.09,2026-07-14,13.89,2026-07-14,1.85,100.0,1,2026-07-14,2026-07-14,14.72,4.99,WIN,2026-07-14,100.0
3,IONX,2026-07-13,26.16,2026-07-13,26.16,27.47,20.93,0.05,5,OPEN,26.64,28.17,2026-07-14,25.93,2026-07-14,1.83,100.0,1,2026-07-14,2026-07-14,27.47,5.01,WIN,2026-07-14,100.0
3,IONL,2026-07-13,14.02,2026-07-13,14.02,14.72,11.22,0.05,5,OPEN,14.28,15.09,2026-07-14,13.89,2026-07-14,1.85,100.0,1,2026-07-14,2026-07-14,14.72,4.99,WIN,2026-07-14,100.0
3,LESL,2026-07-13,5.6,2026-07-13,5.6,5.88,4.48,0.05,5,OPEN,3.3,6.03,2026-07-14,1.82,2026-07-14,-41.07,153.2,1,2026-07-14,2026-07-14,4.48,-20.0,LOSS,,153.2
1,GMEX,2026-07-14,1.46,2026-07-14,1.46,1.53,1.17,0.05,5,OPEN,1.65,1.7,2026-07-15,1.43,2026-07-15,13.01,100.0,1,2026-07-15,2026-07-15,1.53,4.79,WIN,2026-07-15,100.0
1,FBYD,2026-07-14,10.72,2026-07-14,10.72,11.26,8.58,0.05,5,OPEN,12.53,13.47,2026-07-15,10.51,2026-07-15,16.88,100.0,1,2026-07-15,2026-07-15,11.26,5.04,WIN,2026-07-15,100.0
3,ZSTK,2026-07-14,1.82,2026-07-14,1.82,1.91,1.46,0.05,5,OPEN,1.92,2.18,2026-07-15,1.82,,5.49,100.0,1,2026-07-15,2026-07-15,1.91,4.95,WIN,2026-07-15,100.0
3,FBYD,2026-07-14,10.72,2026-07-14,10.72,11.26,8.58,0.05,5,OPEN,12.53,13.47,2026-07-15,10.51,2026-07-15,16.88,100.0,1,2026-07-15,2026-07-15,11.26,5.04,WIN,2026-07-15,100.0
5,LESL,2026-07-14,3.3,2026-07-14,3.3,3.63,2.64,0.1,30,OPEN,2.97,3.76,2026-07-15,2.79,2026-07-15,-10.0,100.0,1,2026-07-15,2026-07-15,3.63,10.0,WIN,2026-07-15,100.0
1,AIAI,2026-07-16,6.93,2026-07-16,6.93,7.28,5.54,0.05,5,OPEN,6.99,7.38,2026-07-17,6.6,2026-07-17,0.87,100.0,1,2026-07-17,2026-07-17,7.28,5.05,WIN,2026-07-17,100.0
1,PLU,2026-07-16,9.6,2026-07-16,9.6,10.08,7.68,0.05,5,OPEN,10.02,10.57,2026-07-17,8.81,2026-07-17,4.37,100.0,1,2026-07-17,2026-07-17,10.08,5.0,WIN,2026-07-17,100.0
3,AIAI,2026-07-16,6.93,2026-07-16,6.93,7.28,5.54,0.05,5,OPEN,6.99,7.38,2026-07-17,6.6,2026-07-17,0.87,100.0,1,2026-07-17,2026-07-17,7.28,5.05,WIN,2026-07-17,100.0
3,AMSS,2026-07-16,1.24,2026-07-16,1.24,1.3,0.99,0.05,5,OPEN,1.29,1.32,2026-07-17,1.14,2026-07-17,4.03,100.0,1,2026-07-17,2026-07-17,1.3,4.84,WIN,2026-07-17,100.0
3,WYFL,2026-07-16,11.99,2026-07-16,11.99,12.59,9.59,0.05,5,OPEN,11.35,12.75,2026-07-17,10.2,2026-07-17,-5.34,100.0,1,2026-07-17,2026-07-17,12.59,5.0,WIN,2026-07-17,100.0
4,JAGX,2026-07-16,1.34,2026-07-16,1.34,1.6,1.07,0.2,30,OPEN,1.3,1.42,2026-07-17,1.02,2026-07-17,-2.99,30.8,1,2026-07-17,2026-07-17,1.07,-20.15,LOSS,,30.8
3,SST,2026-07-16,1.91,2026-07-16,1.91,2.01,1.53,0.05,5,OPEN,1.75,1.91,,1.44,2026-07-20,-8.38,,2,2026-07-20,2026-07-20,1.53,-19.9,LOSS,,0.0
4,VIVK,2026-07-17,2.26,2026-07-17,2.26,2.71,1.81,0.2,30,OPEN,1.73,2.26,,1.51,2026-07-20,-23.45,,1,2026-07-20,2026-07-20,1.81,-19.91,LOSS,,0.0
3,ENLV,2026-07-16,4.75,2026-07-16,4.75,4.99,3.8,0.05,5,OPEN,4.73,5.08,2026-07-21,4.25,2026-07-20,-0.42,100.0,3,2026-07-21,2026-07-21,4.99,5.05,WIN,2026-07-21,100.0
4,VIVK,2026-07-20,1.73,2026-07-20,1.73,2.08,1.38,0.2,30,OPEN,2.58,9.63,2026-07-21,1.73,,49.13,100.0,1,2026-07-21,2026-07-21,2.08,20.23,WIN,2026-07-21,100.0
5,DFNS,2026-07-20,4.26,2026-07-20,4.26,4.69,3.41,0.1,30,OPEN,6.57,8.75,2026-07-21,4.19,2026-07-21,54.23,100.0,1,2026-07-21,2026-07-21,4.69,10.09,WIN,2026-07-21,100.0
3,AKTX,2026-07-21,9.3,2026-07-21,9.3,9.76,7.44,0.05,5,OPEN,9.81,10.1,2026-07-22,8.82,2026-07-22,5.48,100.0,1,2026-07-22,2026-07-22,9.76,4.95,WIN,2026-07-22,100.0
4,MWC,2026-07-21,1.11,2026-07-21,1.11,1.33,0.89,0.2,30,OPEN,1.62,1.87,2026-07-22,1.11,,45.95,100.0,1,2026-07-22,2026-07-22,1.33,19.82,WIN,2026-07-22,100.0
4,VIVK,2026-07-21,2.58,2026-07-21,2.58,3.1,2.06,0.2,30,OPEN,1.63,2.58,,1.5,2026-07-22,-36.82,,1,2026-07-22,2026-07-22,2.06,-20.16,LOSS,,0.0
4,JAGX,2026-07-17,1.3,2026-07-17,1.3,1.56,1.04,0.2,30,OPEN,1.03,1.36,2026-07-21,0.97,2026-07-23,-20.77,23.1,4,2026-07-23,2026-07-23,1.04,-20.0,LOSS,,23.1
3,WBX,2026-07-22,3.6,2026-07-22,3.6,3.78,2.88,0.05,5,OPEN,3.66,3.83,2026-07-23,3.56,2026-07-23,1.67,100.0,1,2026-07-23,2026-07-23,3.78,5.0,WIN,2026-07-23,100.0
4,VIVK,2026-07-22,1.63,2026-07-22,1.63,1.96,1.3,0.2,30,OPEN,2.12,2.62,2026-07-23,1.45,2026-07-23,30.06,100.0,1,2026-07-23,2026-07-23,1.96,20.25,WIN,2026-07-23,100.0
3,EXYN,2026-07-20,3.33,2026-07-20,3.33,3.5,2.66,0.05,5,OPEN,2.65,3.44,2026-07-21,2.52,2026-07-24,-20.42,64.7,4,2026-07-24,2026-07-24,2.66,-20.12,LOSS,,64.7
5,AIAI,2026-07-16,6.93,2026-07-16,6.93,7.62,5.54,0.1,30,OPEN,5.56,7.56,2026-07-24,5.21,2026-07-27,-19.77,91.3,7,2026-07-27,2026-07-27,5.54,-20.06,LOSS,,91.3
4,RUBI,2026-07-20,2.54,2026-07-20,2.54,3.05,2.03,0.2,30,OPEN,2.11,2.81,2026-07-24,2.01,2026-07-27,-16.93,52.9,5,2026-07-27,2026-07-27,2.03,-20.08,LOSS,,52.9
5,NXTC,2026-07-22,4.4,2026-07-22,4.4,4.84,3.52,0.1,30,OPEN,5.12,5.75,2026-07-27,4.01,2026-07-24,16.36,100.0,3,2026-07-27,2026-07-27,4.84,10.0,WIN,2026-07-27,100.0
1,MNDR,2026-07-24,2.18,2026-07-24,2.18,2.29,1.74,0.05,5,OPEN,1.82,2.23,2026-07-27,1.65,2026-07-27,-16.51,45.5,1,2026-07-27,2026-07-27,1.74,-20.18,LOSS,,45.5
3,FTCI,2026-07-24,2.96,2026-07-24,2.96,3.11,2.37,0.05,5,OPEN,3.2,3.2,2026-07-27,2.91,2026-07-27,8.11,100.0,1,2026-07-27,2026-07-27,3.11,5.07,WIN,2026-07-27,100.0
3,MNDR,2026-07-24,2.18,2026-07-24,2.18,2.29,1.74,0.05,5,OPEN,1.82,2.23,2026-07-27,1.65,2026-07-27,-16.51,45.5,1,2026-07-27,2026-07-27,1.74,-20.18,LOSS,,45.5
3,EGG,2026-07-24,5.1,2026-07-24,5.1,5.35,4.08,0.05,5,OPEN,2.05,5.59,2026-07-27,2.05,2026-07-27,-59.8,194.2,1,2026-07-27,2026-07-27,4.08,-20.0,LOSS,,194.2
3,GORO,2026-07-24,2.0,2026-07-24,2.0,2.1,1.6,0.05,5,OPEN,2.15,2.17,2026-07-27,1.98,2026-07-27,7.5,100.0,1,2026-07-27,2026-07-27,2.1,5.0,WIN,2026-07-27,100.0
3,HQ,2026-07-24,11.7,2026-07-24,11.7,12.28,9.36,0.05,5,OPEN,12.42,13.7,2026-07-27,11.7,,6.15,100.0,1,2026-07-27,2026-07-27,12.28,4.96,WIN,2026-07-27,100.0
3,SLMT,2026-07-24,3.87,2026-07-24,3.87,4.06,3.1,0.05,5,OPEN,4.05,4.19,2026-07-27,3.82,2026-07-27,4.65,100.0,1,2026-07-27,2026-07-27,4.06,4.91,WIN,2026-07-27,100.0
3,BIYA,2026-07-24,1.93,2026-07-24,1.93,2.03,1.54,0.05,5,OPEN,4.17,4.9,2026-07-27,1.93,,116.06,100.0,1,2026-07-27,2026-07-27,2.03,5.18,WIN,2026-07-27,100.0
4,BAOS,2026-07-24,1.17,2026-07-24,1.17,1.4,0.94,0.2,30,OPEN,0.71,1.24,2026-07-27,0.5,2026-07-27,-39.66,30.4,1,2026-07-27,2026-07-27,0.94,-19.66,LOSS,,30.4
7,NVTX,2026-07-20,18.64,2026-07-20,18.64,26.1,14.91,0.4,20,OPEN,13.41,24.23,2026-07-22,12.02,2026-07-28,-28.06,74.9,6,2026-07-28,2026-07-28,14.91,-20.01,LOSS,,74.9
3,LSTA,2026-07-24,1.67,2026-07-24,1.67,1.75,1.34,0.05,5,OPEN,1.16,1.67,,1.07,2026-07-28,-30.54,,2,2026-07-28,2026-07-28,1.34,-19.76,LOSS,,0.0
3,EGG,2026-07-27,2.05,2026-07-27,2.05,2.15,1.64,0.05,5,OPEN,3.81,7.26,2026-07-28,2.05,,85.85,100.0,1,2026-07-28,2026-07-28,2.15,4.88,WIN,2026-07-28,100.0
4,EGG,2026-07-27,2.05,2026-07-27,2.05,2.46,1.64,0.2,30,OPEN,3.81,7.26,2026-07-28,2.05,,85.85,100.0,1,2026-07-28,2026-07-28,2.46,20.0,WIN,2026-07-28,100.0
10,ENRD,2026-07-22,5.46,2026-07-22,5.46,6.01,4.37,0.1,5,OPEN,4.86,5.46,,4.83,2026-07-29,-10.99,,5,2026-07-29,2026-07-29,4.86,-10.99,EXPIRED,,0.0
6,MSS,2026-07-24,1.84,2026-07-24,1.84,2.76,1.47,0.5,20,OPEN,1.64,3.67,2026-07-29,1.55,2026-07-29,-10.87,100.0,3,2026-07-29,2026-07-29,2.76,50.0,WIN,2026-07-29,100.0
6,HIMZ,2026-07-24,29.77,2026-07-24,29.77,44.66,23.82,0.5,20,OPEN,22.92,34.45,2026-07-27,22.04,2026-07-29,-23.01,31.5,3,2026-07-29,2026-07-29,23.82,-19.99,LOSS,,31.5
8,MSS,2026-07-24,1.84,2026-07-24,1.84,2.58,1.47,0.4,20,OPEN,1.64,3.67,2026-07-29,1.55,2026-07-29,-10.87,100.0,3,2026-07-29,2026-07-29,2.58,40.22,WIN,2026-07-29,100.0
4,MNDR,2026-07-27,1.82,2026-07-27,1.82,2.18,1.46,0.2,30,OPEN,1.45,1.89,2026-07-28,1.4,2026-07-29,-20.33,19.4,2,2026-07-29,2026-07-29,1.46,-19.78,LOSS,,19.4
5,BXBL,2026-07-27,3.94,2026-07-27,3.94,4.33,3.15,0.1,30,OPEN,4.98,5.23,2026-07-29,3.18,2026-07-28,26.4,100.0,2,2026-07-29,2026-07-29,4.33,9.9,WIN,2026-07-29,100.0
1,CODX,2026-07-28,1.41,2026-07-28,1.41,1.48,1.13,0.05,5,OPEN,1.51,1.67,2026-07-29,1.41,,7.09,100.0,1,2026-07-29,2026-07-29,1.48,4.96,WIN,2026-07-29,100.0
3,CODX,2026-07-28,1.41,2026-07-28,1.41,1.48,1.13,0.05,5,OPEN,1.51,1.67,2026-07-29,1.41,,7.09,100.0,1,2026-07-29,2026-07-29,1.48,4.96,WIN,2026-07-29,100.0
3,FTCI,2026-07-28,2.7,2026-07-28,2.7,2.84,2.16,0.05,5,OPEN,2.63,2.86,2026-07-30,2.57,2026-07-30,-2.59,100.0,2,2026-07-30,2026-07-30,2.84,5.19,WIN,2026-07-30,100.0
3,SHAZ,2026-07-28,44.98,2026-07-28,44.98,47.23,35.98,0.05,5,OPEN,48.77,53.23,2026-07-30,39.13,2026-07-29,8.43,100.0,2,2026-07-30,2026-07-30,47.23,5.0,WIN,2026-07-30,100.0
1,MNDR,2026-07-29,1.45,2026-07-29,1.45,1.52,1.16,0.05,5,OPEN,1.72,1.81,2026-07-30,1.45,,18.62,100.0,1,2026-07-30,2026-07-30,1.52,4.83,WIN,2026-07-30,100.0
1,ORN,2026-07-29,9.08,2026-07-29,9.08,9.53,7.26,0.05,5,OPEN,9.57,9.77,2026-07-30,9.08,,5.4,100.0,1,2026-07-30,2026-07-30,9.53,4.96,WIN,2026-07-30,100.0
1,TEUP,2026-07-29,2.02,2026-07-29,2.02,2.12,1.62,0.05,5,OPEN,2.63,2.69,2026-07-30,1.87,2026-07-30,30.45,100.0,1,2026-07-30,2026-07-30,2.12,4.95,WIN,2026-07-30,100.0
1,CAST,2026-07-29,1.2,2026-07-29,1.2,1.26,0.96,0.05,5,OPEN,1.32,1.37,2026-07-30,1.1,2026-07-30,10.0,100.0,1,2026-07-30,2026-07-30,1.26,5.0,WIN,2026-07-30,100.0
1,COHX,2026-07-29,16.22,2026-07-29,16.22,17.03,12.98,0.05,5,OPEN,20.16,20.46,2026-07-30,16.22,,24.29,100.0,1,2026-07-30,2026-07-30,17.03,4.99,WIN,2026-07-30,100.0
3,BCAR,2026-07-29,4.16,2026-07-29,4.16,4.37,3.33,0.05,5,OPEN,4.87,5.3,2026-07-30,4.0,2026-07-30,17.07,100.0,1,2026-07-30,2026-07-30,4.37,5.05,WIN,2026-07-30,100.0
3,VRTL,2026-07-29,21.26,2026-07-29,21.26,22.33,17.01,0.05,5,OPEN,22.08,24.67,2026-07-30,21.26,,3.86,100.0,1,2026-07-30,2026-07-30,22.33,5.03,WIN,2026-07-30,100.0
3,AIAI,2026-07-29,4.63,2026-07-29,4.63,4.86,3.7,0.05,5,OPEN,5.02,5.18,2026-07-30,4.63,,8.42,100.0,1,2026-07-30,2026-07-30,4.86,4.97,WIN,2026-07-30,100.0
3,AMKL,2026-07-29,5.11,2026-07-29,5.11,5.37,4.09,0.05,5,OPEN,6.44,6.53,2026-07-30,5.11,,26.03,100.0,1,2026-07-30,2026-07-30,5.37,5.09,WIN,2026-07-30,100.0
3,CAST,2026-07-29,1.2,2026-07-29,1.2,1.26,0.96,0.05,5,OPEN,1.32,1.37,2026-07-30,1.1,2026-07-30,10.0,100.0,1,2026-07-30,2026-07-30,1.26,5.0,WIN,2026-07-30,100.0
3,FRVO,2026-07-29,17.08,2026-07-29,17.08,17.93,13.66,0.05,5,OPEN,22.3,22.35,2026-07-30,17.08,,30.56,100.0,1,2026-07-30,2026-07-30,17.93,4.98,WIN,2026-07-30,100.0
3,COHX,2026-07-29,16.22,2026-07-29,16.22,17.03,12.98,0.05,5,OPEN,20.16,20.46,2026-07-30,16.22,,24.29,100.0,1,2026-07-30,2026-07-30,17.03,4.99,WIN,2026-07-30,100.0
3,COHH,2026-07-29,4.08,2026-07-29,4.08,4.28,3.26,0.05,5,OPEN,5.05,5.09,2026-07-30,4.08,,23.77,100.0,1,2026-07-30,2026-07-30,4.28,4.9,WIN,2026-07-30,100.0
3,FCUV,2026-07-29,1.79,2026-07-29,1.79,1.88,1.43,0.05,5,OPEN,1.88,1.97,2026-07-30,1.79,,5.03,100.0,1,2026-07-30,2026-07-30,1.88,5.03,WIN,2026-07-30,100.0
3,KLAG,2026-07-29,21.9,2026-07-29,21.9,22.99,17.52,0.05,5,OPEN,24.68,26.1,2026-07-30,21.9,,12.69,100.0,1,2026-07-30,2026-07-30,22.99,4.98,WIN,2026-07-30,100.0
3,PLBL,2026-07-29,5.58,2026-07-29,5.58,5.86,4.46,0.05,5,OPEN,5.11,5.99,2026-07-30,5.1,2026-07-30,-8.42,100.0,1,2026-07-30,2026-07-30,5.86,5.02,WIN,2026-07-30,100.0
3,CRWG,2026-07-29,10.81,2026-07-29,10.81,11.35,8.65,0.05,5,OPEN,15.38,16.04,2026-07-30,10.81,,42.28,100.0,1,2026-07-30,2026-07-30,11.35,5.0,WIN,2026-07-30,100.0
3,CWVX,2026-07-29,8.91,2026-07-29,8.91,9.36,7.13,0.05,5,OPEN,12.71,13.3,2026-07-30,8.91,,42.65,100.0,1,2026-07-30,2026-07-30,9.36,5.05,WIN,2026-07-30,100.0
3,CRWU,2026-07-29,2.06,2026-07-29,2.06,2.16,1.65,0.05,5,OPEN,2.94,3.07,2026-07-30,2.06,,42.72,100.0,1,2026-07-30,2026-07-30,2.16,4.85,WIN,2026-07-30,100.0
3,KEEX,2026-07-29,28.8,2026-07-29,28.8,30.24,23.04,0.05,5,OPEN,44.58,48.63,2026-07-30,28.8,,54.79,100.0,1,2026-07-30,2026-07-30,30.24,5.0,WIN,2026-07-30,100.0
3,COZX,2026-07-29,10.15,2026-07-29,10.15,10.66,8.12,0.05,5,OPEN,14.21,14.93,2026-07-30,10.15,,39.97,100.0,1,2026-07-30,2026-07-30,10.66,5.02,WIN,2026-07-30,100.0
3,AAOX,2026-07-29,7.01,2026-07-29,7.01,7.36,5.61,0.05,5,OPEN,9.5,9.62,2026-07-30,7.01,,35.52,100.0,1,2026-07-30,2026-07-30,7.36,4.99,WIN,2026-07-30,100.0
3,RAM,2026-07-29,8.4,2026-07-29,8.4,8.82,6.72,0.05,5,OPEN,11.13,11.21,2026-07-30,8.4,,32.5,100.0,1,2026-07-30,2026-07-30,8.82,5.0,WIN,2026-07-30,100.0
3,AAOG,2026-07-29,1.57,2026-07-29,1.57,1.65,1.26,0.05,5,OPEN,2.12,2.14,2026-07-30,1.57,,35.03,100.0,1,2026-07-30,2026-07-30,1.65,5.1,WIN,2026-07-30,100.0
3,LITX,2026-07-29,15.41,2026-07-29,15.41,16.18,12.33,0.05,5,OPEN,20.19,20.35,2026-07-30,15.41,,31.02,100.0,1,2026-07-30,2026-07-30,16.18,5.0,WIN,2026-07-30,100.0
3,MUU,2026-07-29,19.63,2026-07-29,19.63,20.61,15.7,0.05,5,OPEN,26.97,27.27,2026-07-30,19.63,,37.39,100.0,1,2026-07-30,2026-07-30,20.61,4.99,WIN,2026-07-30,100.0
3,SILC,2026-07-29,34.92,2026-07-29,34.92,36.67,27.94,0.05,5,OPEN,38.48,40.4,2026-07-30,34.92,,10.19,100.0,1,2026-07-30,2026-07-30,36.67,5.01,WIN,2026-07-30,100.0
3,MULL,2026-07-29,13.67,2026-07-29,13.67,14.35,10.94,0.05,5,OPEN,18.72,19.02,2026-07-30,13.67,,36.94,100.0,1,2026-07-30,2026-07-30,14.35,4.97,WIN,2026-07-30,100.0
3,CRDU,2026-07-29,9.21,2026-07-29,9.21,9.67,7.37,0.05,5,OPEN,11.78,11.79,2026-07-30,9.21,,27.9,100.0,1,2026-07-30,2026-07-30,9.67,4.99,WIN,2026-07-30,100.0
3,MRAL,2026-07-29,34.43,2026-07-29,34.43,36.15,27.55,0.05,5,OPEN,46.12,47.24,2026-07-30,34.43,,33.95,100.0,1,2026-07-30,2026-07-30,36.15,5.0,WIN,2026-07-30,100.0
3,RIOX,2026-07-29,23.15,2026-07-29,23.15,24.31,18.52,0.05,5,OPEN,32.9,34.2,2026-07-30,23.15,,42.12,100.0,1,2026-07-30,2026-07-30,24.31,5.01,WIN,2026-07-30,100.0
5,AMKL,2026-07-29,5.11,2026-07-29,5.11,5.62,4.09,0.1,30,OPEN,6.44,6.53,2026-07-30,5.11,,26.03,100.0,1,2026-07-30,2026-07-30,5.62,9.98,WIN,2026-07-30,100.0
5,IREX,2026-07-29,8.31,2026-07-29,8.31,9.14,6.65,0.1,30,OPEN,13.4,13.42,2026-07-30,8.31,,61.25,100.0,1,2026-07-30,2026-07-30,9.14,9.99,WIN,2026-07-30,100.0
5,IRE,2026-07-29,5.9,2026-07-29,5.9,6.49,4.72,0.1,30,OPEN,9.42,9.47,2026-07-30,5.9,,59.66,100.0,1,2026-07-30,2026-07-30,6.49,10.0,WIN,2026-07-30,100.0
5,IREG,2026-07-29,4.71,2026-07-29,4.71,5.18,3.77,0.1,30,OPEN,7.55,7.55,2026-07-30,4.71,,60.3,100.0,1,2026-07-30,2026-07-30,5.18,9.98,WIN,2026-07-30,100.0
5,CWVX,2026-07-29,8.91,2026-07-29,8.91,9.8,7.13,0.1,30,OPEN,12.71,13.3,2026-07-30,8.91,,42.65,100.0,1,2026-07-30,2026-07-30,9.8,9.99,WIN,2026-07-30,100.0
5,LABX,2026-07-29,8.68,2026-07-29,8.68,9.55,6.94,0.1,30,OPEN,12.29,12.32,2026-07-30,8.68,,41.59,100.0,1,2026-07-30,2026-07-30,9.55,10.02,WIN,2026-07-30,100.0
5,FXHO,2026-07-29,8.77,2026-07-29,8.77,9.65,7.02,0.1,30,OPEN,12.04,16.5,2026-07-30,8.43,2026-07-30,37.29,100.0,1,2026-07-30,2026-07-30,9.65,10.03,WIN,2026-07-30,100.0
1,VWAV,2026-07-29,2.09,2026-07-29,2.09,2.19,1.67,0.05,5,OPEN,1.72,2.15,2026-07-30,1.67,2026-07-31,-17.7,60.0,2,2026-07-31,2026-07-31,1.67,-20.1,LOSS,,60.0
3,VWAV,2026-07-29,2.09,2026-07-29,2.09,2.19,1.67,0.05,5,OPEN,1.72,2.15,2026-07-30,1.67,2026-07-31,-17.7,60.0,2,2026-07-31,2026-07-31,1.67,-20.1,LOSS,,60.0
3,XHLD,2026-07-29,1.25,2026-07-29,1.25,1.31,1.0,0.05,5,OPEN,1.0,1.25,,0.98,2026-07-31,-20.0,,2,2026-07-31,2026-07-31,1.0,-20.0,LOSS,,0.0
5,ORN,2026-07-29,9.08,2026-07-29,9.08,9.99,7.26,0.1,30,OPEN,9.78,10.0,2026-07-31,9.08,,7.71,100.0,2,2026-07-31,2026-07-31,9.99,10.02,WIN,2026-07-31,100.0
4,MBRX,2026-07-30,1.02,2026-07-30,1.02,1.22,0.82,0.2,30,OPEN,0.4,1.07,2026-07-31,0.31,2026-07-31,-60.78,24.5,1,2026-07-31,2026-07-31,0.82,-19.61,LOSS,,24.5
5,CAMP,2026-07-20,3.32,2026-07-20,3.32,3.65,2.66,0.1,30,OPEN,4.21,4.33,2026-08-03,2.9,2026-07-24,26.81,100.0,10,2026-08-03,2026-08-03,3.65,9.94,WIN,2026-08-03,100.0
7,TEUP,2026-07-31,2.54,2026-07-31,2.54,3.56,2.03,0.4,20,OPEN,4.12,4.2,2026-08-04,2.53,2026-08-03,62.2,100.0,2,2026-08-04,2026-08-04,3.56,40.16,WIN,2026-08-04,100.0
7,CRMU,2026-07-31,1.54,2026-07-31,1.54,2.16,1.23,0.4,20,OPEN,2.33,2.38,2026-08-04,1.5,2026-08-03,51.3,100.0,2,2026-08-04,2026-08-04,2.16,40.26,WIN,2026-08-04,100.0
3,NAUT,2026-07-29,1.04,2026-07-29,1.04,1.09,0.83,0.05,5,OPEN,0.93,1.07,2026-07-30,0.92,2026-08-05,-10.58,60.0,5,2026-08-05,2026-08-05,0.93,-10.58,EXPIRED,,60.0
1,TWG,2026-08-04,1.49,2026-08-04,1.49,1.56,1.19,0.05,5,OPEN,1.5,1.61,2026-08-05,1.33,2026-08-05,0.67,100.0,1,2026-08-05,2026-08-05,1.56,4.7,WIN,2026-08-05,100.0
3,INTJ,2026-08-04,2.5,2026-08-04,2.5,2.63,2.0,0.05,5,OPEN,2.7,2.75,2026-08-05,2.5,,8.0,100.0,1,2026-08-05,2026-08-05,2.63,5.2,WIN,2026-08-05,100.0
3,SMCZ,2026-08-04,5.57,2026-08-04,5.57,5.85,4.46,0.05,5,OPEN,6.03,6.05,2026-08-05,5.57,,8.26,100.0,1,2026-08-05,2026-08-05,5.85,5.03,WIN,2026-08-05,100.0
5,RGNX,2026-07-17,9.89,2026-07-17,9.89,10.88,7.91,0.1,30,OPEN,11.28,11.5,2026-08-06,9.18,2026-07-28,14.05,100.0,14,2026-08-07,2026-08-06,10.88,10.01,WIN,2026-08-06,100.0
1,CVLG,2026-07-30,36.85,2026-07-30,36.85,38.69,29.48,0.05,5,OPEN,34.94,37.17,2026-07-31,34.34,2026-08-03,-5.18,17.4,5,2026-08-07,2026-08-06,34.94,-5.18,EXPIRED,,17.4
1,VWAV,2026-08-05,1.3,2026-08-05,1.3,1.36,1.04,0.05,5,OPEN,1.4,1.43,2026-08-07,1.2,2026-08-06,7.69,100.0,2,2026-08-07,2026-08-07,1.36,4.62,WIN,2026-08-07,100.0
2,INHD,2026-08-05,8.9,2026-08-05,8.9,10.23,7.12,0.15,10,OPEN,5.14,10.18,2026-08-06,5.0,2026-08-07,-42.19,96.2,2,2026-08-07,2026-08-07,7.12,-20.0,LOSS,,96.2
3,VWAV,2026-08-05,1.3,2026-08-05,1.3,1.36,1.04,0.05,5,OPEN,1.4,1.43,2026-08-07,1.2,2026-08-06,7.69,100.0,2,2026-08-07,2026-08-07,1.36,4.62,WIN,2026-08-07,100.0
9,GFSG,2026-08-05,4.13,2026-08-05,4.13,4.54,3.3,0.1,5,OPEN,4.92,4.96,2026-08-07,3.9,2026-08-06,19.13,100.0,2,2026-08-07,2026-08-07,4.54,9.93,WIN,2026-08-07,100.0
2,INHD,2026-08-06,8.93,2026-08-06,8.93,10.27,7.14,0.15,10,OPEN,5.14,9.5,2026-08-07,5.0,2026-08-07,-42.39,42.4,1,2026-08-07,2026-08-07,7.14,-20.04,LOSS,,42.4
5,RKLZ,2026-08-06,3.45,2026-08-06,3.45,3.8,2.76,0.1,30,OPEN,2.76,3.45,,2.74,2026-08-07,-20.0,,1,2026-08-07,2026-08-07,2.76,-20.0,LOSS,,0.0
2,JDZG,2026-08-06,3.59,2026-08-06,3.59,4.13,2.87,0.15,10,OPEN,2.81,3.59,,2.63,2026-08-10,-21.73,,2,2026-08-10,2026-08-10,2.87,-20.06,LOSS,,0.0
5,FCUV,2026-08-07,5.2,2026-08-07,5.2,5.72,4.16,0.1,30,OPEN,6.44,6.89,2026-08-10,5.18,2026-08-10,23.85,100.0,1,2026-08-10,2026-08-10,5.72,10.0,WIN,2026-08-10,100.0
4,PSIG,2026-06-29,1.37,2026-06-29,1.37,1.64,1.1,0.2,30,OPEN,1.16,1.37,,1.11,2026-07-14,-15.33,,30,2026-08-11,2026-08-11,1.16,-15.33,EXPIRED,,0.0
4,EMAT,2026-08-03,2.95,2026-08-03,2.95,3.54,2.36,0.2,30,OPEN,2.32,3.1,2026-08-04,2.32,2026-08-11,-21.36,25.4,6,2026-08-11,2026-08-11,2.36,-20.0,LOSS,,25.4
1,ARKO,2026-08-07,5.66,2026-08-07,5.66,5.94,4.53,0.05,5,OPEN,4.41,5.66,,4.36,2026-08-11,-22.08,,2,2026-08-11,2026-08-11,4.53,-19.96,LOSS,,0.0
3,ARKO,2026-08-07,5.66,2026-08-07,5.66,5.94,4.53,0.05,5,OPEN,4.41,5.66,,4.36,2026-08-11,-22.08,,2,2026-08-11,2026-08-11,4.53,-19.96,LOSS,,0.0
5,ARKO,2026-08-07,5.66,2026-08-07,5.66,6.23,4.53,0.1,30,OPEN,4.41,5.66,,4.36,2026-08-11,-22.08,,2,2026-08-11,2026-08-11,4.53,-19.96,LOSS,,0.0
3,VIP,2026-08-10,1.65,2026-08-10,1.65,1.73,1.32,0.05,5,OPEN,1.68,1.76,2026-08-11,1.55,2026-08-11,1.82,100.0,1,2026-08-11,2026-08-11,1.73,4.85,WIN,2026-08-11,100.0
3,FRGT,2026-08-10,2.45,2026-08-10,2.45,2.57,1.96,0.05,5,OPEN,2.57,2.64,2026-08-11,2.42,2026-08-11,4.9,100.0,1,2026-08-11,2026-08-11,2.57,4.9,WIN,2026-08-11,100.0
4,TENX,2026-08-10,1.38,2026-08-10,1.38,1.65,1.1,0.2,30,OPEN,1.62,1.84,2026-08-11,1.38,,17.39,100.0,1,2026-08-11,2026-08-11,1.65,19.57,WIN,2026-08-11,100.0
4,ENLV,2026-07-28,2.24,2026-07-28,2.24,2.69,1.79,0.2,30,OPEN,1.84,2.32,2026-08-03,1.72,2026-08-12,-17.86,18.4,11,2026-08-12,2026-08-12,1.79,-20.09,LOSS,,18.4
1,CRIS,2026-08-11,2.31,2026-08-11,2.31,2.43,1.85,0.05,5,OPEN,1.67,2.4,2026-08-12,1.63,2026-08-12,-27.71,75.0,1,2026-08-12,2026-08-12,1.85,-19.91,LOSS,,75.0
3,CRIS,2026-08-11,2.31,2026-08-11,2.31,2.43,1.85,0.05,5,OPEN,1.67,2.4,2026-08-12,1.63,2026-08-12,-27.71,75.0,1,2026-08-12,2026-08-12,1.85,-19.91,LOSS,,75.0
4,SLXN,2026-08-11,1.03,2026-08-11,1.03,1.24,0.83,0.2,30,OPEN,0.45,1.03,,0.43,2026-08-12,-55.91,,1,2026-08-12,2026-08-12,0.83,-19.42,LOSS,,0.0
4,CRIS,2026-08-11,2.31,2026-08-11,2.31,2.77,1.85,0.2,30,OPEN,1.67,2.4,2026-08-12,1.63,2026-08-12,-27.71,19.6,1,2026-08-12,2026-08-12,1.85,-19.91,LOSS,,19.6
3,MEDS,2026-08-10,1.6,2026-08-10,1.6,1.68,1.28,0.05,5,OPEN,1.49,1.64,2026-08-11,1.28,2026-08-12,-6.87,48.8,2,2026-08-13,2026-08-12,1.28,-20.0,LOSS,,48.8
4,ACH,2026-08-10,1.4,2026-08-10,1.4,1.68,1.12,0.2,30,OPEN,1.1,1.4,,1.09,2026-08-13,-21.43,,3,2026-08-13,2026-08-13,1.12,-20.0,LOSS,,0.0
4,RETO,2026-08-11,1.2,2026-08-11,1.2,1.44,0.96,0.2,30,OPEN,1.2,1.45,2026-08-13,0.99,2026-08-13,0.0,100.0,2,2026-08-13,2026-08-13,1.44,20.0,WIN,2026-08-13,100.0
1,CRIS,2026-08-12,1.67,2026-08-12,1.67,1.75,1.34,0.05,5,OPEN,1.87,2.08,2026-08-13,1.55,2026-08-13,11.98,100.0,1,2026-08-13,2026-08-13,1.75,4.79,WIN,2026-08-13,100.0
3,CRIS,2026-08-12,1.67,2026-08-12,1.67,1.75,1.34,0.05,5,OPEN,1.87,2.08,2026-08-13,1.55,2026-08-13,11.98,100.0,1,2026-08-13,2026-08-13,1.75,4.79,WIN,2026-08-13,100.0
4,CRIS,2026-08-12,1.67,2026-08-12,1.67,2.0,1.34,0.2,30,OPEN,1.87,2.08,2026-08-13,1.55,2026-08-13,11.98,100.0,1,2026-08-13,2026-08-13,2.0,19.76,WIN,2026-08-13,100.0
8,EJH,2026-07-28,1.2,2026-07-28,1.2,1.68,0.96,0.4,20,OPEN,1.74,1.74,2026-08-14,1.01,2026-07-30,45.0,100.0,12,2026-08-14,2026-08-14,1.68,40.0,WIN,2026-08-14,100.0
9,SBFM,2026-08-07,1.23,2026-08-07,1.23,1.35,0.98,0.1,5,OPEN,1.15,1.25,2026-08-11,1.14,2026-08-14,-6.5,16.7,5,2026-08-14,2026-08-14,1.15,-6.5,EXPIRED,,16.7
4,RETO,2026-08-13,1.2,2026-08-13,1.2,1.44,0.96,0.2,30,OPEN,1.67,2.16,2026-08-17,1.17,2026-08-14,39.17,100.0,2,2026-08-17,2026-08-17,1.44,20.0,WIN,2026-08-17,100.0
5,MB,2026-08-14,5.3,2026-08-14,5.3,5.83,4.24,0.1,30,OPEN,5.8,6.15,2026-08-17,5.3,,9.43,100.0,1,2026-08-17,2026-08-17,5.83,10.0,WIN,2026-08-17,100.0
5,SMCZ,2026-08-13,3.07,2026-08-13,3.07,3.38,2.46,0.1,30,OPEN,3.34,3.54,2026-08-18,2.85,2026-08-14,8.79,100.0,3,2026-08-18,2026-08-18,3.38,10.1,WIN,2026-08-18,100.0
