type,signals,wins,losses,expired,unique_tickers,win_rate,avg_pct,median_pct,avg_days,ev,avg_win,avg_loss,tp,sl,max_hold,rsi7_th,intra_th,ret_field,ret_th,down_th,rsi14_th,price_max,ret5d_th,vol_mult,ret1d_th,gap_th,bb_width_max,bb_pos_th,dist_high_th,rsi14_min,up_days_min
PENNY_CRASH,553,242,282,29,274,43.8,5.43,-20.0,7.3,5.43,36.45,-18.71,0.4,-0.2,30,,15.0,,,,20.0,5.0,-40.0,,,,,,,,
PENNY_CRASH,187,80,102,5,127,42.8,5.32,-20.0,4.7,5.32,38.13,-19.21,0.4,-0.2,30,,30.0,,,,20.0,5.0,-50.0,,,,,,,,
PENNY_CRASH,1037,464,506,67,507,44.7,5.24,-12.6,9.5,5.24,34.53,-18.48,0.4,-0.2,30,,15.0,,,,20.0,5.0,-25.0,,,,,,,,
PENNY_CRASH,729,322,363,44,420,44.2,5.22,-17.56,8.6,5.22,35.32,-18.59,0.4,-0.2,30,,20.0,,,,20.0,5.0,-25.0,,,,,,,,
PENNY_CRASH,815,355,410,50,402,43.6,5.08,-20.0,8.4,5.08,35.69,-18.53,0.4,-0.2,30,,15.0,,,,20.0,5.0,-30.0,,,,,,,,
PENNY_CRASH,348,147,188,13,171,42.2,4.98,-20.0,6.4,4.98,37.88,-19.07,0.4,-0.2,30,,15.0,,,,20.0,5.0,-50.0,,,,,,,,
PENNY_CRASH,598,256,309,33,340,42.8,4.92,-20.0,7.4,4.92,36.45,-18.69,0.4,-0.2,30,,20.0,,,,20.0,5.0,-30.0,,,,,,,,
PENNY_CRASH,429,183,226,20,240,42.7,4.83,-20.0,6.6,4.83,36.68,-18.86,0.4,-0.2,30,,20.0,,,,20.0,5.0,-40.0,,,,,,,,
PENNY_CRASH,456,195,235,26,268,42.8,4.6,-20.0,8.2,4.6,35.72,-18.64,0.4,-0.2,30,,20.0,,,,20.0,3.0,-25.0,,,,,,,,
PENNY_CRASH,637,274,323,40,326,43.0,4.58,-20.0,8.8,4.58,35.09,-18.45,0.4,-0.2,30,,15.0,,,,20.0,3.0,-25.0,,,,,,,,
PENNY_CRASH,278,115,154,9,153,41.4,4.55,-20.0,5.5,4.55,38.14,-19.14,0.4,-0.2,30,,20.0,,,,20.0,5.0,-50.0,,,,,,,,
PENNY_CRASH,1593,698,794,101,709,43.8,4.52,-17.12,9.6,4.52,33.88,-18.37,0.4,-0.2,30,,15.0,,,,25.0,3.0,-25.0,,,,,,,,
PENNY_CRASH,553,272,258,23,274,49.2,4.47,-0.43,5.9,4.47,28.57,-18.86,0.3,-0.2,30,,15.0,,,,20.0,5.0,-40.0,,,,,,,,
PENNY_CRASH,511,220,266,25,342,43.1,4.46,-20.0,7.1,4.46,35.01,-18.64,0.4,-0.2,30,,30.0,,,,25.0,3.0,-30.0,,,,,,,,
PENNY_CRASH,593,255,306,32,393,43.0,4.43,-20.0,7.7,4.43,34.93,-18.59,0.4,-0.2,30,,30.0,,,,25.0,3.0,-25.0,,,,,,,,
PENNY_CRASH,377,157,199,21,223,41.6,4.43,-20.0,7.2,4.43,36.63,-18.56,0.4,-0.2,30,,20.0,,,,20.0,3.0,-30.0,,,,,,,,
PENNY_CRASH,1037,514,470,53,507,49.6,4.36,-0.43,7.8,4.36,27.83,-18.7,0.3,-0.2,30,,15.0,,,,20.0,5.0,-25.0,,,,,,,,
PENNY_CRASH,1227,529,625,73,567,43.1,4.35,-20.0,8.9,4.35,34.47,-18.48,0.4,-0.2,30,,15.0,,,,25.0,3.0,-30.0,,,,,,,,
PENNY_CRASH,1968,846,998,124,812,43.0,4.32,-20.0,9.2,4.32,34.57,-18.48,0.4,-0.2,30,,15.0,,,,25.0,5.0,-30.0,,,,,,,,
PENNY_CRASH,275,115,146,14,186,41.8,4.31,-20.0,6.0,4.31,36.35,-18.71,0.4,-0.2,30,,30.0,,,,20.0,5.0,-40.0,,,,,,,,
PENNY_CRASH,2556,1110,1277,169,995,43.4,4.3,-17.63,9.9,4.3,33.87,-18.4,0.4,-0.2,30,,15.0,,,,25.0,5.0,-25.0,,,,,,,,
PENNY_CRASH,505,210,264,31,264,41.6,4.22,-20.0,7.9,4.22,36.03,-18.42,0.4,-0.2,30,,15.0,,,,20.0,3.0,-30.0,,,,,,,,
PENNY_CRASH,897,382,470,45,478,42.6,4.2,-20.0,7.9,4.2,35.01,-18.66,0.4,-0.2,30,,20.0,,,,25.0,3.0,-30.0,,,,,,,,
PENNY_CRASH,815,396,379,40,402,48.6,4.19,-2.7,6.8,4.19,28.44,-18.72,0.3,-0.2,30,,15.0,,,,20.0,5.0,-30.0,,,,,,,,
PENNY_CRASH,1422,601,740,81,691,42.3,4.18,-20.0,8.2,4.18,35.28,-18.58,0.4,-0.2,30,,20.0,,,,25.0,5.0,-30.0,,,,,,,,
PENNY_CRASH,1118,482,577,59,577,43.1,4.16,-20.0,8.7,4.16,34.25,-18.64,0.4,-0.2,30,,20.0,,,,25.0,3.0,-25.0,,,,,,,,
PENNY_CRASH,729,357,339,33,420,49.0,4.13,-2.7,6.9,4.13,28.05,-18.83,0.3,-0.2,30,,20.0,,,,20.0,5.0,-25.0,,,,,,,,
PENNY_CRASH,815,342,423,50,501,42.0,4.12,-20.0,7.4,4.12,35.32,-18.44,0.4,-0.2,30,,30.0,,,,25.0,5.0,-30.0,,,,,,,,
PENNY_CRASH,1778,759,911,108,842,42.7,4.12,-20.0,9.1,4.12,34.51,-18.52,0.4,-0.2,30,,20.0,,,,25.0,5.0,-25.0,,,,,,,,
PENNY_CRASH,948,401,488,59,580,42.3,4.1,-20.0,8.2,4.1,34.86,-18.45,0.4,-0.2,30,,30.0,,,,25.0,5.0,-25.0,,,,,,,,
PENNY_CRASH,348,167,171,10,171,48.0,4.05,-8.9,5.1,4.05,29.29,-19.24,0.3,-0.2,30,,15.0,,,,20.0,5.0,-50.0,,,,,,,,
PENNY_CRASH,400,169,208,23,274,42.2,4.04,-20.0,7.5,4.04,35.07,-18.66,0.4,-0.2,30,,30.0,,,,20.0,5.0,-25.0,,,,,,,,
PENNY_CRASH,350,144,186,20,236,41.1,4.01,-20.0,6.4,4.01,36.35,-18.6,0.4,-0.2,30,,30.0,,,,20.0,5.0,-30.0,,,,,,,,
PENNY_CRASH,115,47,65,3,80,40.9,3.98,-20.0,4.4,3.98,37.49,-19.19,0.4,-0.2,30,,30.0,,,,20.0,3.0,-50.0,,,,,,,,
PENNY_CRASH,2754,1177,1397,180,1025,42.7,3.95,-20.0,9.7,3.95,33.88,-18.39,0.4,-0.2,30,,15.0,,,,30.0,3.0,-25.0,,,,,,,,
PENNY_CRASH,1170,485,613,72,520,41.5,3.95,-20.0,8.2,3.95,35.7,-18.53,0.4,-0.2,30,,15.0,,,,25.0,5.0,-40.0,,,,,,,,
PENNY_CRASH,429,206,208,15,240,48.0,3.87,-6.25,5.3,3.87,28.68,-19.06,0.3,-0.2,30,,20.0,,,,20.0,5.0,-40.0,,,,,,,,
PENNY_CRASH,951,401,504,46,591,42.2,3.84,-20.0,7.6,3.84,34.8,-18.73,0.4,-0.2,30,,30.0,,,,30.0,3.0,-25.0,,,,,,,,
PENNY_CRASH,1863,788,970,105,864,42.3,3.79,-20.0,8.8,3.79,34.36,-18.62,0.4,-0.2,30,,20.0,,,,30.0,3.0,-25.0,,,,,,,,
PENNY_CRASH,598,286,287,25,340,47.8,3.78,-5.92,5.9,3.78,28.54,-18.91,0.3,-0.2,30,,20.0,,,,20.0,5.0,-30.0,,,,,,,,
PENNY_CRASH,781,325,422,34,499,41.6,3.72,-20.0,6.8,3.72,35.34,-18.81,0.4,-0.2,30,,30.0,,,,30.0,3.0,-30.0,,,,,,,,
PENNY_CRASH,264,107,144,13,155,40.5,3.71,-20.0,6.4,3.71,36.7,-18.76,0.4,-0.2,30,,20.0,,,,20.0,3.0,-40.0,,,,,,,,
PENNY_CRASH,278,131,140,7,153,47.1,3.65,-20.0,4.3,3.65,29.4,-19.3,0.3,-0.2,30,,20.0,,,,20.0,5.0,-50.0,,,,,,,,
PENNY_CRASH,1994,830,1044,120,808,41.6,3.64,-20.0,8.8,3.64,34.74,-18.54,0.4,-0.2,30,,15.0,,,,30.0,3.0,-30.0,,,,,,,,
PENNY_CRASH,339,136,185,18,174,40.1,3.63,-20.0,6.7,3.63,36.88,-18.65,0.4,-0.2,30,,15.0,,,,20.0,3.0,-40.0,,,,,,,,
PENNY_CRASH,350,145,187,18,240,41.4,3.62,-20.0,6.4,3.62,35.06,-18.61,0.4,-0.2,30,,30.0,,,,25.0,3.0,-40.0,,,,,,,,
PENNY_CRASH,4384,1843,2250,291,1345,42.0,3.58,-20.0,9.9,3.58,33.96,-18.46,0.4,-0.2,30,,15.0,,,,30.0,5.0,-25.0,,,,,,,,
PENNY_CRASH,1415,582,758,75,702,41.1,3.57,-20.0,7.9,3.57,35.41,-18.68,0.4,-0.2,30,,20.0,,,,30.0,3.0,-30.0,,,,,,,,
PENNY_CRASH,254,103,137,14,178,40.6,3.55,-20.0,6.8,3.55,36.12,-18.66,0.4,-0.2,30,,30.0,,,,20.0,3.0,-25.0,,,,,,,,
PENNY_CRASH,553,287,245,21,274,51.9,3.54,18.48,5.1,3.54,24.34,-18.91,0.25,-0.2,30,,15.0,,,,20.0,5.0,-40.0,,,,,,,,
PENNY_CRASH,3186,1321,1672,193,1101,41.5,3.53,-20.0,8.9,3.53,34.78,-18.6,0.4,-0.2,30,,15.0,,,,30.0,5.0,-30.0,,,,,,,,
PENNY_CRASH,1037,544,451,42,507,52.5,3.53,8.98,6.7,3.53,23.83,-18.87,0.25,-0.2,30,,15.0,,,,20.0,5.0,-25.0,,,,,,,,
PENNY_CRASH,637,302,305,30,326,47.4,3.48,-5.63,7.1,3.48,28.09,-18.71,0.3,-0.2,30,,15.0,,,,20.0,3.0,-25.0,,,,,,,,
PENNY_CRASH,1593,762,748,83,709,47.8,3.48,-3.51,7.7,3.48,27.5,-18.54,0.3,-0.2,30,,15.0,,,,25.0,3.0,-25.0,,,,,,,,
PENNY_CRASH,815,422,361,32,402,51.8,3.46,13.8,5.7,3.46,24.27,-18.89,0.25,-0.2,30,,15.0,,,,20.0,5.0,-30.0,,,,,,,,
PENNY_CRASH,2556,1224,1195,137,995,47.9,3.46,-4.4,8.2,3.46,27.45,-18.59,0.3,-0.2,30,,15.0,,,,25.0,5.0,-25.0,,,,,,,,
PENNY_CRASH,172,68,98,6,98,39.5,3.45,-20.0,5.6,3.45,37.8,-19.01,0.4,-0.2,30,,20.0,,,,20.0,3.0,-50.0,,,,,,,,
PENNY_CRASH,892,362,480,50,453,40.6,3.44,-20.0,7.4,3.44,35.76,-18.63,0.4,-0.2,30,,20.0,,,,25.0,5.0,-40.0,,,,,,,,
PENNY_CRASH,2270,927,1215,128,968,40.8,3.43,-20.0,8.0,3.43,35.45,-18.68,0.4,-0.2,30,,20.0,,,,30.0,5.0,-30.0,,,,,,,,
PENNY_CRASH,174,70,96,8,122,40.2,3.43,-20.0,5.5,3.43,36.41,-18.77,0.4,-0.2,30,,30.0,,,,20.0,3.0,-40.0,,,,,,,,
PENNY_CRASH,223,89,123,11,156,39.9,3.42,-20.0,6.0,3.42,36.67,-18.66,0.4,-0.2,30,,30.0,,,,20.0,3.0,-30.0,,,,,,,,
PENNY_CRASH,1170,550,564,56,520,47.0,3.42,-7.42,6.5,3.42,28.41,-18.74,0.3,-0.2,30,,15.0,,,,25.0,5.0,-40.0,,,,,,,,
PENNY_CRASH,1968,936,932,100,812,47.6,3.41,-5.87,7.4,3.41,27.76,-18.67,0.3,-0.2,30,,15.0,,,,25.0,5.0,-30.0,,,,,,,,
PENNY_CRASH,1530,629,818,83,838,41.1,3.41,-20.0,7.8,3.41,35.05,-18.68,0.4,-0.2,30,,30.0,,,,30.0,5.0,-25.0,,,,,,,,
PENNY_CRASH,2987,1233,1569,185,1168,41.3,3.39,-20.0,8.9,3.39,34.62,-18.57,0.4,-0.2,30,,20.0,,,,30.0,5.0,-25.0,,,,,,,,
PENNY_CRASH,560,227,299,34,355,40.5,3.38,-20.0,6.8,3.38,35.4,-18.44,0.4,-0.2,30,,30.0,,,,25.0,5.0,-40.0,,,,,,,,
PENNY_CRASH,3830,1623,1947,260,1368,42.4,3.37,-20.0,10.2,3.37,33.07,-18.47,0.4,-0.2,30,,15.0,,,,25.0,10.0,-25.0,,,,,,,,
PENNY_CRASH,1269,515,690,64,711,40.6,3.36,-20.0,6.9,3.36,35.7,-18.74,0.4,-0.2,30,,30.0,,,,30.0,5.0,-30.0,,,,,,,,
PENNY_CRASH,456,215,222,19,268,47.1,3.36,-6.14,6.6,3.36,28.27,-18.87,0.3,-0.2,30,,20.0,,,,20.0,3.0,-25.0,,,,,,,,
PENNY_CRASH,1580,665,805,110,723,42.1,3.34,-20.0,9.9,3.34,33.42,-18.52,0.4,-0.2,30,,15.0,,,,20.0,10.0,-25.0,,,,,,,,
PENNY_CRASH,822,332,441,49,384,40.4,3.33,-20.0,7.7,3.33,35.8,-18.67,0.4,-0.2,30,,15.0,,,,20.0,10.0,-40.0,,,,,,,,
PENNY_CRASH,187,87,96,4,127,46.5,3.31,-20.0,3.6,3.31,29.36,-19.36,0.3,-0.2,30,,30.0,,,,20.0,5.0,-50.0,,,,,,,,
PENNY_CRASH,2094,863,1111,120,958,41.2,3.3,-20.0,8.3,3.3,34.63,-18.67,0.4,-0.2,30,,20.0,,,,25.0,10.0,-30.0,,,,,,,,
PENNY_CRASH,725,292,394,39,344,40.3,3.28,-20.0,7.6,3.28,35.8,-18.64,0.4,-0.2,30,,15.0,,,,25.0,3.0,-40.0,,,,,,,,
PENNY_CRASH,2625,1097,1366,162,1142,41.8,3.27,-20.0,9.2,3.27,33.72,-18.59,0.4,-0.2,30,,20.0,,,,25.0,10.0,-25.0,,,,,,,,
PENNY_CRASH,1227,580,587,60,567,47.3,3.25,-5.63,7.1,3.25,27.67,-18.64,0.3,-0.2,30,,15.0,,,,25.0,3.0,-30.0,,,,,,,,
PENNY_CRASH,505,234,247,24,264,46.3,3.24,-7.51,6.3,3.24,28.59,-18.64,0.3,-0.2,30,,15.0,,,,20.0,3.0,-30.0,,,,,,,,
PENNY_CRASH,2928,1214,1526,188,1132,41.5,3.23,-20.0,9.3,3.23,34.0,-18.55,0.4,-0.2,30,,15.0,,,,25.0,10.0,-30.0,,,,,,,,
PENNY_CRASH,1727,694,926,107,709,40.2,3.22,-20.0,8.0,3.22,35.61,-18.55,0.4,-0.2,30,,15.0,,,,30.0,5.0,-40.0,,,,,,,,
PENNY_CRASH,348,177,161,10,171,50.9,3.2,25.0,4.4,3.2,24.83,-19.19,0.25,-0.2,30,,15.0,,,,20.0,5.0,-50.0,,,,,,,,
PENNY_CRASH,213,83,121,9,106,39.0,3.16,-20.0,6.3,3.16,37.67,-18.88,0.4,-0.2,30,,15.0,,,,20.0,3.0,-50.0,,,,,,,,
PENNY_CRASH,641,256,348,37,347,39.9,3.16,-20.0,7.1,3.16,36.06,-18.72,0.4,-0.2,30,,20.0,,,,20.0,10.0,-40.0,,,,,,,,
PENNY_CRASH,1778,838,856,84,842,47.1,3.15,-6.42,7.4,3.15,27.69,-18.73,0.3,-0.2,30,,20.0,,,,25.0,5.0,-25.0,,,,,,,,
PENNY_CRASH,729,375,326,28,420,51.4,3.15,5.54,6.0,3.15,23.99,-18.93,0.25,-0.2,30,,20.0,,,,20.0,5.0,-25.0,,,,,,,,
PENNY_CRASH,270,105,154,11,181,38.9,3.15,-20.0,5.4,3.15,37.86,-18.94,0.4,-0.2,30,,30.0,,,,20.0,10.0,-50.0,,,,,,,,
PENNY_CRASH,275,128,136,11,186,46.5,3.12,-10.91,4.8,3.12,28.46,-18.95,0.3,-0.2,30,,30.0,,,,20.0,5.0,-40.0,,,,,,,,
PENNY_CRASH,593,279,289,25,393,47.0,3.11,-5.93,6.2,3.11,27.78,-18.8,0.3,-0.2,30,,30.0,,,,25.0,3.0,-25.0,,,,,,,,
PENNY_CRASH,1112,456,582,74,595,41.0,3.1,-20.0,8.9,3.1,34.25,-18.54,0.4,-0.2,30,,20.0,,,,20.0,10.0,-25.0,,,,,,,,
PENNY_CRASH,377,174,187,16,223,46.2,3.1,-8.18,5.7,3.1,28.61,-18.77,0.3,-0.2,30,,20.0,,,,20.0,3.0,-30.0,,,,,,,,
PENNY_CRASH,1390,568,739,83,803,40.9,3.1,-20.0,8.2,3.1,34.43,-18.54,0.4,-0.2,30,,30.0,,,,25.0,10.0,-25.0,,,,,,,,
PENNY_CRASH,508,198,285,25,244,39.0,3.07,-20.0,6.7,3.07,37.42,-18.87,0.4,-0.2,30,,15.0,,,,20.0,10.0,-50.0,,,,,,,,
PENNY_CRASH,552,221,303,28,301,40.0,3.06,-20.0,6.9,3.06,35.66,-18.71,0.4,-0.2,30,,20.0,,,,25.0,3.0,-40.0,,,,,,,,
PENNY_CRASH,1195,482,643,70,708,40.3,3.05,-20.0,7.5,3.05,35.02,-18.56,0.4,-0.2,30,,30.0,,,,25.0,10.0,-30.0,,,,,,,,
PENNY_CRASH,1118,527,544,47,577,47.1,3.05,-5.88,7.0,3.05,27.55,-18.79,0.3,-0.2,30,,20.0,,,,25.0,3.0,-25.0,,,,,,,,
PENNY_CRASH,1422,664,695,63,691,46.7,3.02,-8.55,6.6,3.02,27.93,-18.8,0.3,-0.2,30,,20.0,,,,25.0,5.0,-30.0,,,,,,,,
PENNY_CRASH,948,442,460,46,580,46.6,3.01,-7.86,6.6,3.01,27.85,-18.69,0.3,-0.2,30,,30.0,,,,25.0,5.0,-25.0,,,,,,,,
PENNY_CRASH,2754,1284,1319,151,1025,46.6,3.0,-5.94,8.0,3.0,27.66,-18.54,0.3,-0.2,30,,15.0,,,,30.0,3.0,-25.0,,,,,,,,
PENNY_CRASH,350,164,174,12,240,46.9,2.99,-7.78,5.1,2.99,27.87,-18.95,0.3,-0.2,30,,30.0,,,,25.0,3.0,-40.0,,,,,,,,
PENNY_CRASH,910,364,488,58,490,40.0,2.98,-20.0,8.0,2.98,35.34,-18.6,0.4,-0.2,30,,20.0,,,,20.0,10.0,-30.0,,,,,,,,
PENNY_CRASH,1242,503,655,84,586,40.5,2.97,-20.0,8.9,2.97,34.61,-18.56,0.4,-0.2,30,,15.0,,,,20.0,10.0,-30.0,,,,,,,,
PENNY_CRASH,405,157,229,19,220,38.8,2.96,-20.0,6.0,2.96,37.49,-18.9,0.4,-0.2,30,,20.0,,,,20.0,10.0,-50.0,,,,,,,,
PENNY_CRASH,892,412,443,37,453,46.2,2.96,-12.67,5.8,2.96,28.4,-18.88,0.3,-0.2,30,,20.0,,,,25.0,5.0,-40.0,,,,,,,,
PENNY_CRASH,6449,2662,3340,447,1745,41.3,2.95,-20.0,10.1,2.95,33.4,-18.46,0.4,-0.2,30,,15.0,,,,30.0,10.0,-25.0,,,,,,,,
PENNY_CRASH,429,217,198,14,240,50.6,2.95,3.77,4.5,2.95,24.45,-19.05,0.25,-0.2,30,,20.0,,,,20.0,5.0,-40.0,,,,,,,,
PENNY_CRASH,1580,743,748,89,723,47.0,2.92,-7.62,8.1,2.92,27.27,-18.69,0.3,-0.2,30,,15.0,,,,20.0,10.0,-25.0,,,,,,,,
PENNY_CRASH,598,302,274,22,340,50.5,2.91,2.83,5.0,2.91,24.36,-18.97,0.25,-0.2,30,,20.0,,,,20.0,5.0,-30.0,,,,,,,,
PENNY_CRASH,804,319,445,40,485,39.7,2.91,-20.0,6.4,2.91,35.82,-18.73,0.4,-0.2,30,,30.0,,,,30.0,5.0,-40.0,,,,,,,,
PENNY_CRASH,553,313,225,15,274,56.6,2.91,20.0,4.1,2.91,19.79,-19.11,0.2,-0.2,30,,15.0,,,,20.0,5.0,-40.0,,,,,,,,
PENNY_CRASH,511,239,253,19,342,46.8,2.89,-7.51,5.6,2.89,27.66,-18.87,0.3,-0.2,30,,30.0,,,,25.0,3.0,-30.0,,,,,,,,
PENNY_CRASH,4346,1770,2296,280,1504,40.7,2.88,-20.0,9.2,2.88,34.08,-18.56,0.4,-0.2,30,,20.0,,,,30.0,10.0,-25.0,,,,,,,,
PENNY_CRASH,815,377,400,38,501,46.3,2.87,-9.24,5.9,2.87,27.95,-18.71,0.3,-0.2,30,,30.0,,,,25.0,5.0,-30.0,,,,,,,,
PENNY_CRASH,350,161,174,15,236,46.0,2.86,-13.17,5.1,2.86,28.37,-18.86,0.3,-0.2,30,,30.0,,,,20.0,5.0,-30.0,,,,,,,,
PENNY_CRASH,213,97,110,6,106,45.5,2.84,-20.0,4.9,2.84,29.14,-19.16,0.3,-0.2,30,,15.0,,,,20.0,3.0,-50.0,,,,,,,,
PENNY_CRASH,822,378,404,40,384,46.0,2.83,-11.74,6.4,2.83,28.25,-18.81,0.3,-0.2,30,,15.0,,,,20.0,10.0,-40.0,,,,,,,,
PENNY_CRASH,1285,506,708,71,624,39.4,2.83,-20.0,7.1,2.83,35.93,-18.68,0.4,-0.2,30,,20.0,,,,30.0,5.0,-40.0,,,,,,,,
PENNY_CRASH,675,266,381,28,297,39.4,2.82,-20.0,6.9,2.82,36.38,-19.0,0.4,-0.2,30,,15.0,,,,25.0,5.0,-50.0,,,,,,,,
PENNY_CRASH,339,155,171,13,174,45.7,2.82,-20.0,5.4,2.82,28.55,-18.84,0.3,-0.2,30,,15.0,,,,20.0,3.0,-40.0,,,,,,,,
PENNY_CRASH,3296,1325,1787,184,1262,40.2,2.82,-20.0,8.2,2.82,34.88,-18.74,0.4,-0.2,30,,20.0,,,,30.0,10.0,-30.0,,,,,,,,
PENNY_CRASH,951,441,473,37,591,46.4,2.82,-13.99,6.0,2.82,27.92,-18.88,0.3,-0.2,30,,30.0,,,,30.0,3.0,-25.0,,,,,,,,
PENNY_CRASH,1037,588,419,30,507,56.7,2.81,20.0,5.4,2.81,19.56,-19.12,0.2,-0.2,30,,15.0,,,,20.0,5.0,-25.0,,,,,,,,
PENNY_CRASH,897,417,444,36,478,46.5,2.79,-8.12,6.4,2.79,27.66,-18.82,0.3,-0.2,30,,20.0,,,,25.0,3.0,-30.0,,,,,,,,
PENNY_CRASH,264,121,134,9,155,45.8,2.78,-20.0,5.1,2.78,28.51,-19.0,0.3,-0.2,30,,20.0,,,,20.0,3.0,-40.0,,,,,,,,
PENNY_CRASH,496,197,277,22,337,39.7,2.78,-20.0,6.2,2.78,35.58,-18.83,0.4,-0.2,30,,30.0,,,,30.0,3.0,-40.0,,,,,,,,
PENNY_CRASH,359,142,206,11,224,39.6,2.77,-20.0,5.2,2.77,36.3,-19.17,0.4,-0.2,30,,30.0,,,,25.0,5.0,-50.0,,,,,,,,
PENNY_CRASH,400,186,196,18,274,46.5,2.77,-11.62,6.1,2.77,27.69,-18.89,0.3,-0.2,30,,30.0,,,,20.0,5.0,-25.0,,,,,,,,
PENNY_CRASH,725,332,364,29,344,45.8,2.76,-20.0,6.0,2.76,28.34,-18.85,0.3,-0.2,30,,15.0,,,,25.0,3.0,-40.0,,,,,,,,
PENNY_CRASH,2556,1295,1142,119,995,50.7,2.75,1.94,7.1,2.75,23.63,-18.68,0.25,-0.2,30,,15.0,,,,25.0,5.0,-25.0,,,,,,,,
PENNY_CRASH,4384,2025,2115,244,1345,46.2,2.74,-8.38,8.2,2.74,27.62,-18.61,0.3,-0.2,30,,15.0,,,,30.0,5.0,-25.0,,,,,,,,
PENNY_CRASH,1968,992,887,89,812,50.4,2.74,1.6,6.4,2.74,23.88,-18.74,0.25,-0.2,30,,15.0,,,,25.0,5.0,-30.0,,,,,,,,
PENNY_CRASH,172,78,90,4,98,45.3,2.74,-20.0,4.3,2.74,29.29,-19.29,0.3,-0.2,30,,20.0,,,,20.0,3.0,-50.0,,,,,,,,
PENNY_CRASH,4651,1880,2483,288,1449,40.4,2.73,-20.0,9.1,2.73,34.22,-18.64,0.4,-0.2,30,,15.0,,,,30.0,10.0,-30.0,,,,,,,,
PENNY_CRASH,1711,675,933,103,709,39.5,2.73,-20.0,8.1,2.73,35.57,-18.67,0.4,-0.2,30,,15.0,,,,25.0,10.0,-40.0,,,,,,,,
BB_SQUEEZE,12481,8435,347,3699,4410,67.6,2.72,1.99,13.5,2.72,5.72,-3.55,0.2,-0.15,15,,,,,,25.0,,,,,,15.0,-0.1,,,
PENNY_CRASH,560,256,278,26,355,45.7,2.71,-10.88,5.4,2.71,28.14,-18.71,0.3,-0.2,30,,30.0,,,,25.0,5.0,-40.0,,,,,,,,
PENNY_CRASH,348,196,147,5,171,56.3,2.71,20.0,3.5,2.71,19.91,-19.47,0.2,-0.2,30,,15.0,,,,20.0,5.0,-50.0,,,,,,,,
PENNY_CRASH,637,322,293,22,326,50.5,2.71,1.79,6.0,2.71,23.85,-18.9,0.25,-0.2,30,,15.0,,,,20.0,3.0,-25.0,,,,,,,,
PENNY_CRASH,278,138,133,7,153,49.6,2.71,-0.42,3.7,2.71,25.0,-19.26,0.25,-0.2,30,,20.0,,,,20.0,5.0,-50.0,,,,,,,,
PENNY_CRASH,1863,860,917,86,864,46.2,2.7,-9.29,7.2,2.7,27.71,-18.75,0.3,-0.2,30,,20.0,,,,30.0,3.0,-25.0,,,,,,,,
BB_SQUEEZE,12481,8453,335,3693,4410,67.7,2.69,2.02,13.4,2.69,5.65,-3.52,0.15,-0.15,15,,,,,,25.0,,,,,,15.0,-0.1,,,
PENNY_CRASH,3186,1462,1565,159,1101,45.9,2.69,-11.08,7.3,2.69,27.98,-18.76,0.3,-0.2,30,,15.0,,,,30.0,5.0,-30.0,,,,,,,,
PENNY_CRASH,3830,1787,1828,215,1368,46.7,2.68,-7.96,8.5,2.68,27.05,-18.65,0.3,-0.2,30,,15.0,,,,25.0,10.0,-25.0,,,,,,,,
PENNY_CRASH,1242,570,604,68,586,45.9,2.68,-11.74,7.3,2.68,27.92,-18.72,0.3,-0.2,30,,15.0,,,,20.0,10.0,-30.0,,,,,,,,
PENNY_CRASH,1994,913,981,100,808,45.8,2.66,-9.62,7.1,2.66,27.91,-18.67,0.3,-0.2,30,,15.0,,,,30.0,3.0,-30.0,,,,,,,,
BB_SQUEEZE,12481,8353,769,3359,4410,66.9,2.66,1.93,13.3,2.66,5.69,-3.46,0.2,-0.1,15,,,,,,25.0,,,,,,15.0,-0.1,,,
BB_SQUEEZE,12481,8370,757,3354,4410,67.1,2.64,1.96,13.1,2.64,5.63,-3.44,0.15,-0.1,15,,,,,,25.0,,,,,,15.0,-0.1,,,
PENNY_CRASH,402,156,223,23,271,38.8,2.63,-20.0,6.5,2.63,36.18,-18.64,0.4,-0.2,30,,30.0,,,,20.0,10.0,-40.0,,,,,,,,
PENNY_CRASH,1727,783,856,88,709,45.3,2.62,-13.99,6.5,2.62,28.32,-18.7,0.3,-0.2,30,,15.0,,,,30.0,5.0,-40.0,,,,,,,,
PENNY_CRASH,815,456,337,22,402,56.0,2.6,20.0,4.7,2.6,19.73,-19.16,0.2,-0.2,30,,15.0,,,,20.0,5.0,-30.0,,,,,,,,
PENNY_CRASH,1593,801,721,71,709,50.3,2.6,1.38,6.7,2.6,23.61,-18.66,0.25,-0.2,30,,15.0,,,,25.0,3.0,-25.0,,,,,,,,
PENNY_CRASH,2219,883,1209,127,1102,39.8,2.57,-20.0,8.0,2.57,34.64,-18.63,0.4,-0.2,30,,30.0,,,,30.0,10.0,-25.0,,,,,,,,
PENNY_CRASH,2928,1347,1426,155,1132,46.0,2.54,-10.94,7.7,2.54,27.48,-18.72,0.3,-0.2,30,,15.0,,,,25.0,10.0,-30.0,,,,,,,,
PENNY_CRASH,1170,580,538,52,520,49.6,2.53,-0.42,5.6,2.53,24.19,-18.76,0.25,-0.2,30,,15.0,,,,25.0,5.0,-40.0,,,,,,,,
PENNY_CRASH,552,251,281,20,301,45.5,2.52,-20.0,5.5,2.52,28.26,-18.94,0.3,-0.2,30,,20.0,,,,25.0,3.0,-40.0,,,,,,,,
PENNY_CRASH,505,250,236,19,264,49.5,2.51,-0.41,5.3,2.51,24.23,-18.77,0.25,-0.2,30,,15.0,,,,20.0,3.0,-30.0,,,,,,,,
PENNY_CRASH,1305,511,722,72,638,39.2,2.51,-20.0,7.4,2.51,35.56,-18.76,0.4,-0.2,30,,20.0,,,,25.0,10.0,-40.0,,,,,,,,
PENNY_CRASH,781,357,397,27,499,45.7,2.5,-20.0,5.4,2.5,28.0,-18.97,0.3,-0.2,30,,30.0,,,,30.0,3.0,-30.0,,,,,,,,
PENNY_CRASH,2625,1210,1283,132,1142,46.1,2.5,-11.2,7.6,2.5,27.37,-18.77,0.3,-0.2,30,,20.0,,,,25.0,10.0,-25.0,,,,,,,,
PENNY_CRASH,641,290,320,31,347,45.2,2.49,-16.67,5.9,2.49,28.31,-18.83,0.3,-0.2,30,,20.0,,,,20.0,10.0,-40.0,,,,,,,,
PENNY_CRASH,187,92,91,4,127,49.2,2.48,-2.04,3.0,2.48,25.0,-19.32,0.25,-0.2,30,,30.0,,,,20.0,5.0,-50.0,,,,,,,,
PENNY_CRASH,456,228,213,15,268,50.0,2.47,0.7,5.6,2.47,23.95,-19.01,0.25,-0.2,30,,20.0,,,,20.0,3.0,-25.0,,,,,,,,
PENNY_CRASH,2484,969,1367,148,911,39.0,2.47,-20.0,7.9,2.47,35.52,-18.67,0.4,-0.2,30,,15.0,,,,30.0,10.0,-40.0,,,,,,,,
PENNY_CRASH,2094,958,1039,97,958,45.7,2.46,-14.18,6.8,2.46,27.72,-18.84,0.3,-0.2,30,,20.0,,,,25.0,10.0,-30.0,,,,,,,,
PENNY_CRASH,1112,509,542,61,595,45.8,2.46,-11.74,7.3,2.46,27.52,-18.7,0.3,-0.2,30,,20.0,,,,20.0,10.0,-25.0,,,,,,,,
PENNY_CRASH,1840,722,1025,93,956,39.2,2.45,-20.0,7.1,2.45,35.31,-18.77,0.4,-0.2,30,,30.0,,,,30.0,10.0,-30.0,,,,,,,,
PENNY_CRASH,804,312,449,43,436,38.8,2.45,-20.0,7.0,2.45,35.76,-18.68,0.4,-0.2,30,,20.0,,,,30.0,3.0,-40.0,,,,,,,,
BB_SQUEEZE,12481,8494,315,3672,4410,68.1,2.45,2.09,12.5,2.45,5.22,-3.46,0.1,-0.15,15,,,,,,25.0,,,,,,15.0,-0.1,,,
PENNY_CRASH,1082,420,597,65,493,38.8,2.44,-20.0,7.7,2.44,35.51,-18.54,0.4,-0.2,30,,15.0,,,,30.0,3.0,-40.0,,,,,,,,
PENNY_CRASH,2987,1358,1479,150,1168,45.5,2.43,-12.74,7.3,2.43,27.82,-18.74,0.3,-0.2,30,,20.0,,,,30.0,5.0,-25.0,,,,,,,,
PENNY_CRASH,508,227,262,19,244,44.7,2.42,-20.0,5.5,2.42,29.02,-19.08,0.3,-0.2,30,,15.0,,,,20.0,10.0,-50.0,,,,,,,,
BB_SQUEEZE,12481,8412,730,3339,4410,67.4,2.4,2.01,12.2,2.4,5.21,-3.4,0.1,-0.1,15,,,,,,25.0,,,,,,15.0,-0.1,,,
PENNY_CRASH,2270,1026,1142,102,968,45.2,2.4,-20.0,6.4,2.4,28.16,-18.85,0.3,-0.2,30,,20.0,,,,30.0,5.0,-30.0,,,,,,,,
PENNY_CRASH,910,411,451,48,490,45.2,2.38,-13.64,6.5,2.38,28.02,-18.74,0.3,-0.2,30,,20.0,,,,20.0,10.0,-30.0,,,,,,,,
PENNY_CRASH,1227,609,564,54,567,49.6,2.38,0.0,6.1,2.38,23.75,-18.69,0.25,-0.2,30,,15.0,,,,25.0,3.0,-30.0,,,,,,,,
PENNY_CRASH,1390,631,693,66,803,45.4,2.36,-14.9,6.7,2.36,27.75,-18.75,0.3,-0.2,30,,30.0,,,,25.0,10.0,-25.0,,,,,,,,
PENNY_CRASH,2755,1368,1259,128,1025,49.7,2.36,0.0,6.9,2.36,23.67,-18.66,0.25,-0.2,30,,15.0,,,,30.0,3.0,-25.0,,,,,,,,
PENNY_CRASH,812,314,453,45,497,38.7,2.35,-20.0,6.7,2.35,35.63,-18.63,0.4,-0.2,30,,30.0,,,,25.0,10.0,-40.0,,,,,,,,
PENNY_CRASH,429,237,182,10,240,55.2,2.35,20.0,3.4,2.35,19.87,-19.28,0.2,-0.2,30,,20.0,,,,20.0,5.0,-40.0,,,,,,,,
PENNY_CRASH,1530,692,770,68,838,45.2,2.34,-20.0,6.3,2.34,27.98,-18.84,0.3,-0.2,30,,30.0,,,,30.0,5.0,-25.0,,,,,,,,
PENNY_CRASH,275,135,130,10,186,49.1,2.33,-2.04,4.0,2.33,24.42,-18.96,0.25,-0.2,30,,30.0,,,,20.0,5.0,-40.0,,,,,,,,
PENNY_CRASH,213,104,103,6,106,48.8,2.32,-0.43,4.0,2.32,24.78,-19.1,0.25,-0.2,30,,15.0,,,,20.0,3.0,-50.0,,,,,,,,
PENNY_CRASH,729,404,305,20,420,55.4,2.31,20.0,4.8,2.31,19.62,-19.2,0.2,-0.2,30,,20.0,,,,20.0,5.0,-25.0,,,,,,,,
PENNY_CRASH,377,185,178,14,223,49.1,2.31,-1.52,4.8,2.31,24.25,-18.83,0.25,-0.2,30,,20.0,,,,20.0,3.0,-30.0,,,,,,,,
PENNY_CRASH,1285,574,655,56,624,44.7,2.3,-20.0,5.6,2.3,28.51,-18.86,0.3,-0.2,30,,20.0,,,,30.0,5.0,-40.0,,,,,,,,
PENNY_CRASH,1868,723,1047,98,832,38.7,2.3,-20.0,7.2,2.3,35.73,-18.81,0.4,-0.2,30,,20.0,,,,30.0,10.0,-40.0,,,,,,,,
PENNY_CRASH,1415,638,716,61,702,45.1,2.3,-20.0,6.4,2.3,28.03,-18.82,0.3,-0.2,30,,20.0,,,,30.0,3.0,-30.0,,,,,,,,
PENNY_CRASH,497,192,291,14,294,38.6,2.3,-20.0,5.0,2.3,36.57,-19.28,0.4,-0.2,30,,30.0,,,,30.0,5.0,-50.0,,,,,,,,
PENNY_CRASH,1778,879,825,74,842,49.4,2.29,-0.84,6.4,2.29,23.86,-18.8,0.25,-0.2,30,,20.0,,,,25.0,5.0,-25.0,,,,,,,,
PENNY_CRASH,1580,788,716,76,723,49.9,2.29,0.0,7.0,2.29,23.49,-18.8,0.25,-0.2,30,,15.0,,,,20.0,10.0,-25.0,,,,,,,,
PENNY_CRASH,4385,2170,2004,211,1345,49.5,2.29,-0.81,7.1,2.29,23.72,-18.71,0.25,-0.2,30,,15.0,,,,30.0,5.0,-25.0,,,,,,,,
PENNY_CRASH,822,402,384,36,384,48.9,2.26,-2.12,5.4,2.26,24.31,-18.85,0.25,-0.2,30,,15.0,,,,20.0,10.0,-40.0,,,,,,,,
PENNY_CRASH,1711,766,862,83,709,44.8,2.25,-20.0,6.6,2.25,28.28,-18.85,0.3,-0.2,30,,15.0,,,,25.0,10.0,-40.0,,,,,,,,
BB_SQUEEZE,12481,8557,307,3617,4410,68.6,2.23,2.22,11.7,2.23,4.82,-3.44,0.08,-0.15,15,,,,,,25.0,,,,,,15.0,-0.1,,,
PENNY_CRASH,6449,2928,3144,377,1745,45.4,2.22,-11.33,8.4,2.22,27.28,-18.61,0.3,-0.2,30,,15.0,,,,30.0,10.0,-25.0,,,,,,,,
PENNY_CRASH,1968,1082,822,64,812,55.0,2.2,20.0,5.2,2.2,19.57,-19.0,0.2,-0.2,30,,15.0,,,,25.0,5.0,-30.0,,,,,,,,
PENNY_CRASH,1242,610,574,58,586,49.1,2.2,-1.78,6.2,2.2,23.97,-18.82,0.25,-0.2,30,,15.0,,,,20.0,10.0,-30.0,,,,,,,,
PENNY_CRASH,637,351,271,15,326,55.1,2.19,20.0,4.8,2.19,19.61,-19.18,0.2,-0.2,30,,15.0,,,,20.0,3.0,-25.0,,,,,,,,
PENNY_CRASH,2556,1406,1060,90,995,55.0,2.19,20.0,5.8,2.19,19.44,-18.91,0.2,-0.2,30,,15.0,,,,25.0,5.0,-25.0,,,,,,,,
PENNY_CRASH,804,359,413,32,485,44.7,2.19,-20.0,5.0,2.19,28.33,-18.91,0.3,-0.2,30,,30.0,,,,30.0,5.0,-40.0,,,,,,,,
PENNY_CRASH,1195,537,603,55,708,44.9,2.19,-20.0,6.1,2.19,27.88,-18.77,0.3,-0.2,30,,30.0,,,,25.0,10.0,-30.0,,,,,,,,
BB_SQUEEZE,12481,8481,711,3289,4410,68.0,2.19,2.14,11.4,2.19,4.82,-3.37,0.08,-0.1,15,,,,,,25.0,,,,,,15.0,-0.1,,,
PENNY_CRASH,1422,696,668,58,691,48.9,2.17,-1.64,5.7,2.17,24.07,-18.82,0.25,-0.2,30,,20.0,,,,25.0,5.0,-30.0,,,,,,,,
PENNY_CRASH,1269,568,650,51,711,44.8,2.17,-20.0,5.5,2.17,28.19,-18.92,0.3,-0.2,30,,30.0,,,,30.0,5.0,-30.0,,,,,,,,
PENNY_CRASH,213,117,93,3,106,54.9,2.15,20.0,3.1,2.15,19.85,-19.43,0.2,-0.2,30,,15.0,,,,20.0,3.0,-50.0,,,,,,,,
PENNY_CRASH,264,129,126,9,155,48.9,2.15,-1.94,4.2,2.15,24.23,-18.94,0.25,-0.2,30,,20.0,,,,20.0,3.0,-40.0,,,,,,,,
PENNY_CRASH,526,200,293,33,352,38.0,2.14,-20.0,7.1,2.14,35.88,-18.56,0.4,-0.2,30,,30.0,,,,20.0,10.0,-30.0,,,,,,,,
PENNY_CRASH,339,165,161,13,174,48.7,2.13,-0.43,4.6,2.13,24.18,-18.78,0.25,-0.2,30,,15.0,,,,20.0,3.0,-40.0,,,,,,,,
PENNY_CRASH,400,197,189,14,274,49.2,2.12,-2.37,5.2,2.12,23.95,-19.07,0.25,-0.2,30,,30.0,,,,20.0,5.0,-25.0,,,,,,,,
PENNY_CRASH,350,170,167,13,236,48.6,2.12,-4.0,4.3,2.12,24.45,-18.96,0.25,-0.2,30,,30.0,,,,20.0,5.0,-30.0,,,,,,,,
PENNY_CRASH,3187,1560,1489,138,1101,48.9,2.12,-2.63,6.2,2.12,23.98,-18.84,0.25,-0.2,30,,15.0,,,,30.0,5.0,-30.0,,,,,,,,
PENNY_CRASH,172,83,85,4,98,48.3,2.1,-6.3,3.5,2.1,25.0,-19.25,0.25,-0.2,30,,20.0,,,,20.0,3.0,-50.0,,,,,,,,
PENNY_CRASH,4346,1954,2160,232,1504,45.0,2.09,-15.25,7.5,2.09,27.58,-18.72,0.3,-0.2,30,,20.0,,,,30.0,10.0,-25.0,,,,,,,,
PENNY_CRASH,496,222,258,16,337,44.8,2.09,-20.0,4.8,2.09,28.18,-19.05,0.3,-0.2,30,,30.0,,,,30.0,3.0,-40.0,,,,,,,,
PENNY_CRASH,3830,1893,1749,188,1368,49.4,2.08,-0.84,7.4,2.08,23.39,-18.74,0.25,-0.2,30,,15.0,,,,25.0,10.0,-25.0,,,,,,,,
PENNY_CRASH,948,462,445,41,580,48.7,2.08,-2.32,5.6,2.08,24.0,-18.76,0.25,-0.2,30,,30.0,,,,25.0,5.0,-25.0,,,,,,,,
PENNY_CRASH,1118,550,527,41,577,49.2,2.07,-1.44,6.1,2.07,23.7,-18.88,0.25,-0.2,30,,20.0,,,,25.0,3.0,-25.0,,,,,,,,
PENNY_CRASH,1863,915,875,73,864,49.1,2.07,-1.52,6.2,2.07,23.75,-18.86,0.25,-0.2,30,,20.0,,,,30.0,3.0,-25.0,,,,,,,,
PENNY_CRASH,4651,2088,2324,239,1449,44.9,2.07,-17.67,7.5,2.07,27.67,-18.78,0.3,-0.2,30,,15.0,,,,30.0,10.0,-30.0,,,,,,,,
PENNY_CRASH,955,366,546,43,398,38.3,2.05,-20.0,6.9,2.05,35.88,-18.97,0.4,-0.2,30,,15.0,,,,30.0,5.0,-50.0,,,,,,,,
PENNY_CRASH,675,299,353,23,297,44.3,2.04,-20.0,5.6,2.04,28.64,-19.11,0.3,-0.2,30,,15.0,,,,25.0,5.0,-50.0,,,,,,,,
PENNY_CRASH,1593,871,671,51,709,54.7,2.04,20.0,5.4,2.04,19.44,-18.95,0.2,-0.2,30,,15.0,,,,25.0,3.0,-25.0,,,,,,,,
PENNY_CRASH,3296,1473,1674,149,1262,44.7,2.04,-20.0,6.6,2.04,27.95,-18.9,0.3,-0.2,30,,20.0,,,,30.0,10.0,-30.0,,,,,,,,
PENNY_CRASH,1305,580,668,57,638,44.4,2.03,-20.0,6.0,2.03,28.24,-18.94,0.3,-0.2,30,,20.0,,,,25.0,10.0,-40.0,,,,,,,,
PENNY_CRASH,598,326,257,15,340,54.5,2.02,20.0,3.9,2.02,19.77,-19.25,0.2,-0.2,30,,20.0,,,,20.0,5.0,-30.0,,,,,,,,
PENNY_CRASH,339,184,146,9,174,54.3,2.01,20.0,3.4,2.01,19.73,-19.03,0.2,-0.2,30,,15.0,,,,20.0,3.0,-40.0,,,,,,,,
PENNY_CRASH,115,51,62,2,80,44.3,2.0,-20.0,3.4,2.0,28.91,-19.45,0.3,-0.2,30,,30.0,,,,20.0,3.0,-50.0,,,,,,,,
PENNY_CRASH,892,432,426,34,453,48.4,1.99,-3.46,5.0,1.99,24.22,-18.9,0.25,-0.2,30,,20.0,,,,25.0,5.0,-40.0,,,,,,,,
PENNY_CRASH,2928,1432,1359,137,1132,48.9,1.99,-2.12,6.7,1.99,23.7,-18.79,0.25,-0.2,30,,15.0,,,,25.0,10.0,-30.0,,,,,,,,
PENNY_CRASH,508,244,247,17,244,48.0,1.99,-6.3,4.6,1.99,24.78,-19.08,0.25,-0.2,30,,15.0,,,,20.0,10.0,-50.0,,,,,,,,
PENNY_CRASH,1170,634,498,38,520,54.2,1.98,20.0,4.5,1.98,19.71,-19.0,0.2,-0.2,30,,15.0,,,,25.0,5.0,-40.0,,,,,,,,
PENNY_CRASH,815,394,386,35,501,48.3,1.97,-3.46,5.0,1.97,24.11,-18.76,0.25,-0.2,30,,30.0,,,,25.0,5.0,-30.0,,,,,,,,
PENNY_CRASH,1995,970,938,87,808,48.6,1.97,-2.7,6.1,1.97,23.87,-18.76,0.25,-0.2,30,,15.0,,,,30.0,3.0,-30.0,,,,,,,,
PENNY_CRASH,2484,1097,1265,122,911,44.2,1.97,-20.0,6.5,1.97,28.25,-18.83,0.3,-0.2,30,,15.0,,,,30.0,10.0,-40.0,,,,,,,,
PENNY_CRASH,1154,438,662,54,649,38.0,1.97,-20.0,6.3,1.97,35.98,-18.84,0.4,-0.2,30,,30.0,,,,30.0,10.0,-40.0,,,,,,,,
PENNY_CRASH,641,308,305,28,347,48.0,1.96,-4.42,4.8,1.96,24.45,-18.85,0.25,-0.2,30,,20.0,,,,20.0,10.0,-40.0,,,,,,,,
PENNY_CRASH,593,290,281,22,393,48.9,1.96,-1.96,5.3,1.96,23.75,-18.89,0.25,-0.2,30,,30.0,,,,25.0,3.0,-25.0,,,,,,,,
PENNY_CRASH,405,177,212,16,220,43.7,1.95,-20.0,5.0,1.95,28.97,-19.02,0.3,-0.2,30,,20.0,,,,20.0,10.0,-50.0,,,,,,,,
PENNY_CRASH,2755,1498,1162,95,1025,54.4,1.95,20.0,5.6,1.95,19.45,-18.89,0.2,-0.2,30,,15.0,,,,30.0,3.0,-25.0,,,,,,,,
BB_SQUEEZE,33909,21767,1107,11035,6897,64.2,1.95,1.41,13.5,1.95,5.22,-3.91,0.2,-0.15,15,,,,,,30.0,,,,,,15.0,-0.1,,,
PENNY_CRASH,278,151,123,4,153,54.3,1.94,20.0,2.8,1.94,20.0,-19.52,0.2,-0.2,30,,20.0,,,,20.0,5.0,-50.0,,,,,,,,
PENNY_CRASH,602,231,332,39,396,38.4,1.94,-20.0,7.8,1.94,34.86,-18.55,0.4,-0.2,30,,30.0,,,,20.0,10.0,-25.0,,,,,,,,
BB_SQUEEZE,33909,21814,1092,11003,6897,64.3,1.93,1.43,13.4,1.93,5.16,-3.9,0.15,-0.15,15,,,,,,30.0,,,,,,15.0,-0.1,,,
PENNY_CRASH,456,248,198,10,268,54.4,1.93,20.0,4.3,1.93,19.74,-19.31,0.2,-0.2,30,,20.0,,,,20.0,3.0,-25.0,,,,,,,,
PENNY_CRASH,505,274,219,12,264,54.3,1.93,20.0,4.3,1.93,19.7,-19.14,0.2,-0.2,30,,15.0,,,,20.0,3.0,-30.0,,,,,,,,
PENNY_CRASH,174,77,91,6,122,44.3,1.93,-20.0,4.5,1.93,28.32,-19.01,0.3,-0.2,30,,30.0,,,,20.0,3.0,-40.0,,,,,,,,
PENNY_CRASH,1727,833,817,77,709,48.2,1.92,-4.42,5.5,1.92,24.15,-18.79,0.25,-0.2,30,,15.0,,,,30.0,5.0,-40.0,,,,,,,,
PENNY_CRASH,1227,667,524,36,567,54.4,1.91,20.0,4.9,1.91,19.51,-19.06,0.2,-0.2,30,,15.0,,,,25.0,3.0,-30.0,,,,,,,,
PENNY_CRASH,264,143,115,6,155,54.2,1.9,20.0,2.9,1.9,19.78,-19.24,0.2,-0.2,30,,20.0,,,,20.0,3.0,-40.0,,,,,,,,
PENNY_CRASH,416,159,243,14,191,38.2,1.9,-20.0,6.8,1.9,35.82,-19.09,0.4,-0.2,30,,15.0,,,,25.0,3.0,-50.0,,,,,,,,
PENNY_CRASH,510,193,299,18,307,37.8,1.89,-20.0,5.4,1.89,36.35,-19.09,0.4,-0.2,30,,30.0,,,,25.0,10.0,-50.0,,,,,,,,
BB_SQUEEZE,33909,21497,2659,9753,6897,63.4,1.89,1.34,13.1,1.89,5.21,-3.86,0.2,-0.1,15,,,,,,30.0,,,,,,15.0,-0.1,,,
PENNY_CRASH,2987,1448,1408,131,1168,48.5,1.88,-3.68,6.3,1.88,23.89,-18.82,0.25,-0.2,30,,20.0,,,,30.0,5.0,-25.0,,,,,,,,
PENNY_CRASH,4385,2373,1850,162,1345,54.1,1.86,20.0,5.8,1.86,19.46,-18.9,0.2,-0.2,30,,15.0,,,,30.0,5.0,-25.0,,,,,,,,
PENNY_CRASH,2219,983,1132,104,1102,44.3,1.86,-20.0,6.5,1.86,27.84,-18.81,0.3,-0.2,30,,30.0,,,,30.0,10.0,-25.0,,,,,,,,
BB_SQUEEZE,33909,21542,2635,9732,6897,63.5,1.86,1.36,13.0,1.86,5.14,-3.85,0.15,-0.1,15,,,,,,30.0,,,,,,15.0,-0.1,,,
PENNY_CRASH,1082,474,556,52,493,43.8,1.84,-20.0,6.2,1.84,28.19,-18.71,0.3,-0.2,30,,15.0,,,,30.0,3.0,-40.0,,,,,,,,
PENNY_CRASH,804,352,419,33,436,43.8,1.84,-20.0,5.5,1.84,28.43,-18.87,0.3,-0.2,30,,20.0,,,,30.0,3.0,-40.0,,,,,,,,
PENNY_CRASH,822,442,356,24,384,53.8,1.84,20.0,4.2,1.84,19.85,-19.11,0.2,-0.2,30,,15.0,,,,20.0,10.0,-40.0,,,,,,,,
PENNY_CRASH,350,170,168,12,240,48.6,1.83,-2.71,4.2,1.83,23.79,-18.92,0.25,-0.2,30,,30.0,,,,25.0,3.0,-40.0,,,,,,,,
PENNY_CRASH,725,349,347,29,344,48.1,1.83,-3.46,5.2,1.83,24.06,-18.8,0.25,-0.2,30,,15.0,,,,25.0,3.0,-40.0,,,,,,,,
PENNY_CRASH,910,437,430,43,490,48.0,1.82,-4.78,5.5,1.82,24.13,-18.78,0.25,-0.2,30,,20.0,,,,20.0,10.0,-30.0,,,,,,,,
PENNY_CRASH,1112,538,520,54,595,48.4,1.82,-3.86,6.2,1.82,23.77,-18.76,0.25,-0.2,30,,20.0,,,,20.0,10.0,-25.0,,,,,,,,
PENNY_CRASH,897,434,429,34,478,48.4,1.81,-3.45,5.5,1.81,23.83,-18.83,0.25,-0.2,30,,20.0,,,,25.0,3.0,-30.0,,,,,,,,
PENNY_CRASH,6450,3135,2990,325,1745,48.6,1.81,-3.64,7.3,1.81,23.52,-18.73,0.25,-0.2,30,,15.0,,,,30.0,10.0,-25.0,,,,,,,,
PENNY_CRASH,1580,857,668,55,723,54.2,1.8,20.0,5.7,1.8,19.38,-19.05,0.2,-0.2,30,,15.0,,,,20.0,10.0,-25.0,,,,,,,,
PENNY_CRASH,1868,819,969,80,832,43.8,1.8,-20.0,5.8,1.8,28.38,-18.95,0.3,-0.2,30,,20.0,,,,30.0,10.0,-40.0,,,,,,,,
BB_SQUEEZE,20732,12495,458,7779,4856,60.3,1.79,0.92,13.6,1.79,4.95,-3.01,0.2,-0.15,15,,,,,,25.0,,,,,,15.0,0.0,,,
PENNY_CRASH,511,248,245,18,342,48.5,1.78,-3.46,4.8,1.78,23.72,-18.91,0.25,-0.2,30,,30.0,,,,25.0,3.0,-30.0,,,,,,,,
PENNY_CRASH,220,85,130,5,145,38.6,1.78,-20.0,5.1,1.78,35.28,-19.32,0.4,-0.2,30,,30.0,,,,25.0,3.0,-50.0,,,,,,,,
PENNY_CRASH,2625,1272,1236,117,1142,48.5,1.77,-3.65,6.5,1.77,23.7,-18.83,0.25,-0.2,30,,20.0,,,,25.0,10.0,-25.0,,,,,,,,
BB_SQUEEZE,20732,12517,445,7770,4856,60.4,1.77,0.93,13.5,1.77,4.9,-2.99,0.15,-0.15,15,,,,,,25.0,,,,,,15.0,0.0,,,
PENNY_CRASH,560,268,268,24,355,47.9,1.77,-3.94,4.5,1.77,24.11,-18.73,0.25,-0.2,30,,30.0,,,,25.0,5.0,-40.0,,,,,,,,
BB_SQUEEZE,33909,21960,1055,10894,6897,64.8,1.77,1.5,12.6,1.77,4.84,-3.87,0.1,-0.15,15,,,,,,30.0,,,,,,15.0,-0.1,,,
BB_SQUEEZE,20732,12397,1046,7289,4856,59.8,1.76,0.87,13.3,1.76,4.93,-2.95,0.2,-0.1,15,,,,,,25.0,,,,,,15.0,0.0,,,
PENNY_CRASH,2270,1090,1090,90,968,48.0,1.76,-5.46,5.5,1.76,24.15,-18.93,0.25,-0.2,30,,20.0,,,,30.0,5.0,-30.0,,,,,,,,
PENNY_CRASH,533,200,315,18,269,37.5,1.76,-20.0,6.0,1.76,36.59,-19.15,0.4,-0.2,30,,20.0,,,,25.0,5.0,-50.0,,,,,,,,
PENNY_CRASH,951,460,457,34,591,48.4,1.76,-3.59,5.3,1.76,23.82,-18.92,0.25,-0.2,30,,30.0,,,,30.0,3.0,-25.0,,,,,,,,
BB_SQUEEZE,20732,12418,1032,7282,4856,59.9,1.75,0.88,13.2,1.75,4.89,-2.94,0.15,-0.1,15,,,,,,25.0,,,,,,15.0,0.0,,,
PENNY_CRASH,976,366,568,42,405,37.5,1.73,-20.0,6.9,1.73,36.3,-19.01,0.4,-0.2,30,,15.0,,,,25.0,10.0,-50.0,,,,,,,,
BB_SQUEEZE,12481,8838,274,3369,4410,70.8,1.73,3.11,9.6,1.73,3.82,-3.36,0.05,-0.15,15,,,,,,25.0,,,,,,15.0,-0.1,,,
PENNY_CRASH,2094,1007,999,88,958,48.1,1.72,-5.25,5.8,1.72,23.96,-18.88,0.25,-0.2,30,,20.0,,,,25.0,10.0,-30.0,,,,,,,,
BB_SQUEEZE,33909,21687,2572,9650,6897,64.0,1.71,1.42,12.3,1.71,4.83,-3.83,0.1,-0.1,15,,,,,,30.0,,,,,,15.0,-0.1,,,
PENNY_CRASH,1778,955,766,57,842,53.7,1.7,20.0,5.2,1.7,19.53,-19.0,0.2,-0.2,30,,20.0,,,,25.0,5.0,-25.0,,,,,,,,
PENNY_CRASH,3187,1711,1375,101,1101,53.7,1.69,20.0,5.1,1.69,19.58,-19.06,0.2,-0.2,30,,15.0,,,,30.0,5.0,-30.0,,,,,,,,
BB_SQUEEZE,12481,8759,643,3079,4410,70.2,1.69,3.0,9.4,1.69,3.82,-3.31,0.05,-0.1,15,,,,,,25.0,,,,,,15.0,-0.1,,,
PENNY_CRASH,350,188,153,9,240,53.7,1.69,20.0,3.1,1.69,19.63,-19.13,0.2,-0.2,30,,30.0,,,,25.0,3.0,-40.0,,,,,,,,
PENNY_CRASH,377,202,166,9,223,53.6,1.67,20.0,3.7,1.67,19.75,-19.19,0.2,-0.2,30,,20.0,,,,20.0,3.0,-30.0,,,,,,,,
PENNY_CRASH,1242,666,537,39,586,53.6,1.65,20.0,5.0,1.65,19.6,-19.12,0.2,-0.2,30,,15.0,,,,20.0,10.0,-30.0,,,,,,,,
PENNY_CRASH,275,146,121,8,186,53.1,1.65,20.0,2.9,1.65,20.0,-19.11,0.2,-0.2,30,,30.0,,,,20.0,5.0,-40.0,,,,,,,,
BB_SQUEEZE,7107,4409,124,2574,2633,62.0,1.65,0.91,13.6,1.65,4.21,-2.54,0.2,-0.15,15,,,,,,25.0,,,,,,10.0,-0.1,,,
PENNY_CRASH,1995,1070,864,61,808,53.6,1.65,20.0,5.0,1.65,19.52,-19.03,0.2,-0.2,30,,15.0,,,,30.0,3.0,-30.0,,,,,,,,
PENNY_CRASH,1415,677,684,54,702,47.8,1.65,-5.19,5.4,1.65,24.04,-18.89,0.25,-0.2,30,,20.0,,,,30.0,3.0,-30.0,,,,,,,,
BB_SQUEEZE,7107,4418,115,2574,2633,62.2,1.64,0.92,13.5,1.64,4.16,-2.5,0.15,-0.15,15,,,,,,25.0,,,,,,10.0,-0.1,,,
PENNY_CRASH,812,354,422,36,497,43.6,1.64,-20.0,5.6,1.64,28.11,-18.82,0.3,-0.2,30,,30.0,,,,25.0,10.0,-40.0,,,,,,,,
PENNY_CRASH,1711,815,823,73,709,47.6,1.64,-6.7,5.7,1.64,24.22,-18.91,0.25,-0.2,30,,15.0,,,,25.0,10.0,-40.0,,,,,,,,
PENNY_CRASH,725,388,317,20,344,53.5,1.64,20.0,4.0,1.64,19.63,-19.07,0.2,-0.2,30,,15.0,,,,25.0,3.0,-40.0,,,,,,,,
PENNY_CRASH,1840,805,960,75,956,43.8,1.64,-20.0,5.8,1.64,28.08,-18.93,0.3,-0.2,30,,30.0,,,,30.0,10.0,-30.0,,,,,,,,
BB_SQUEEZE,33909,22175,1023,10711,6897,65.4,1.64,1.61,11.9,1.64,4.54,-3.85,0.08,-0.15,15,,,,,,30.0,,,,,,15.0,-0.1,,,
BB_SQUEEZE,20732,12573,425,7734,4856,60.6,1.64,0.97,12.8,1.64,4.63,-2.97,0.1,-0.15,15,,,,,,25.0,,,,,,15.0,0.0,,,
BB_SQUEEZE,12481,8296,229,3956,4410,66.5,1.63,1.09,8.3,1.63,3.9,-2.88,0.1,-0.15,10,,,,,,25.0,,,,,,15.0,-0.1,,,
PENNY_CRASH,1863,1001,812,50,864,53.7,1.63,20.0,5.0,1.63,19.49,-19.11,0.2,-0.2,30,,20.0,,,,30.0,3.0,-25.0,,,,,,,,
PENNY_CRASH,1422,759,619,44,691,53.4,1.61,20.0,4.6,1.61,19.64,-19.02,0.2,-0.2,30,,20.0,,,,25.0,5.0,-30.0,,,,,,,,
BB_SQUEEZE,20732,12473,1005,7254,4856,60.2,1.61,0.92,12.6,1.61,4.61,-2.92,0.1,-0.1,15,,,,,,25.0,,,,,,15.0,0.0,,,
BB_SQUEEZE,7107,4375,274,2458,2633,61.6,1.6,0.87,13.4,1.6,4.16,-2.5,0.2,-0.1,15,,,,,,25.0,,,,,,10.0,-0.1,,,
BB_SQUEEZE,12481,8346,223,3912,4410,66.9,1.6,1.13,7.9,1.6,3.81,-2.86,0.08,-0.15,10,,,,,,25.0,,,,,,15.0,-0.1,,,
PENNY_CRASH,1390,663,668,59,803,47.7,1.6,-5.46,5.7,1.6,24.0,-18.82,0.25,-0.2,30,,30.0,,,,25.0,10.0,-25.0,,,,,,,,
BB_SQUEEZE,12481,8235,551,3695,4410,66.0,1.6,1.06,8.2,1.6,3.89,-2.85,0.1,-0.1,10,,,,,,25.0,,,,,,15.0,-0.1,,,
BB_SQUEEZE,7107,4383,266,2458,2633,61.7,1.59,0.87,13.4,1.59,4.12,-2.48,0.15,-0.1,15,,,,,,25.0,,,,,,10.0,-0.1,,,
PENNY_CRASH,4652,2232,2214,206,1449,48.0,1.59,-5.74,6.5,1.59,23.78,-18.88,0.25,-0.2,30,,15.0,,,,30.0,10.0,-30.0,,,,,,,,
PENNY_CRASH,641,340,282,19,347,53.0,1.58,20.0,3.6,1.58,19.91,-19.13,0.2,-0.2,30,,20.0,,,,20.0,10.0,-40.0,,,,,,,,
PENNY_CRASH,3830,2055,1630,145,1368,53.7,1.58,20.0,6.1,1.58,19.31,-18.94,0.2,-0.2,30,,15.0,,,,25.0,10.0,-25.0,,,,,,,,
BB_SQUEEZE,12481,8288,537,3656,4410,66.4,1.58,1.1,7.8,1.58,3.8,-2.83,0.08,-0.1,10,,,,,,25.0,,,,,,15.0,-0.1,,,
RSI_OVERSOLD,13432,7128,4482,1822,3122,53.1,1.58,3.53,6.6,1.58,17.29,-16.19,0.2,-0.2,15,15.0,10.0,ret_5d,-15.0,3.0,,,,,,,,,,,
PENNY_CRASH,4346,2082,2062,202,1504,47.9,1.58,-5.26,6.5,1.58,23.76,-18.81,0.25,-0.2,30,,20.0,,,,30.0,10.0,-25.0,,,,,,,,
BB_SQUEEZE,33909,21905,2509,9495,6897,64.6,1.58,1.53,11.6,1.58,4.54,-3.81,0.08,-0.1,15,,,,,,30.0,,,,,,15.0,-0.1,,,
PENNY_CRASH,892,475,392,25,453,53.3,1.57,20.0,3.9,1.57,19.74,-19.13,0.2,-0.2,30,,20.0,,,,25.0,5.0,-40.0,,,,,,,,
PENNY_CRASH,405,190,201,14,220,46.9,1.56,-11.76,4.0,1.56,24.87,-19.04,0.25,-0.2,30,,20.0,,,,20.0,10.0,-50.0,,,,,,,,
BB_SQUEEZE,7107,4436,103,2568,2633,62.4,1.56,0.95,13.2,1.56,3.96,-2.44,0.1,-0.15,15,,,,,,25.0,,,,,,10.0,-0.1,,,
BB_SQUEEZE,12481,8268,246,3967,4410,66.2,1.55,1.07,8.7,1.55,3.83,-2.93,0.15,-0.15,10,,,,,,25.0,,,,,,15.0,-0.1,,,
PENNY_CRASH,1285,609,628,48,624,47.4,1.55,-7.51,4.7,1.55,24.32,-18.96,0.25,-0.2,30,,20.0,,,,30.0,5.0,-40.0,,,,,,,,
PENNY_CRASH,508,270,228,10,244,53.1,1.54,20.0,3.6,1.54,19.93,-19.32,0.2,-0.2,30,,15.0,,,,20.0,10.0,-50.0,,,,,,,,
PENNY_CRASH,1530,728,740,62,838,47.6,1.53,-5.92,5.4,1.53,24.02,-18.88,0.25,-0.2,30,,30.0,,,,30.0,5.0,-25.0,,,,,,,,
PENNY_CRASH,1118,598,491,29,577,53.5,1.53,20.0,4.8,1.53,19.5,-19.12,0.2,-0.2,30,,20.0,,,,25.0,3.0,-25.0,,,,,,,,
BB_SQUEEZE,12481,8372,145,3964,4410,67.1,1.53,1.12,3.8,1.53,3.48,-2.44,0.1,-0.15,5,,,,,,25.0,,,,,,15.0,-0.1,,,
RSI_OVERSOLD,14283,7580,4634,2069,3376,53.1,1.52,3.17,6.8,1.52,16.95,-15.93,0.2,-0.2,15,15.0,10.0,ret_3d,-10.0,3.0,,,,,,,,,,,
BB_SQUEEZE,12481,8253,258,3970,4410,66.1,1.52,1.06,8.8,1.52,3.82,-2.96,0.2,-0.15,10,,,,,,25.0,,,,,,15.0,-0.1,,,
BB_SQUEEZE,7107,4404,251,2452,2633,62.0,1.52,0.91,13.0,1.52,3.94,-2.44,0.1,-0.1,15,,,,,,25.0,,,,,,10.0,-0.1,,,
BB_SQUEEZE,12481,8338,363,3780,4410,66.8,1.51,1.1,3.8,1.51,3.47,-2.44,0.1,-0.1,5,,,,,,25.0,,,,,,15.0,-0.1,,,
BB_SQUEEZE,12481,8206,572,3703,4410,65.7,1.51,1.04,8.6,1.51,3.8,-2.88,0.15,-0.1,10,,,,,,25.0,,,,,,15.0,-0.1,,,
BB_SQUEEZE,12481,8408,142,3931,4410,67.4,1.51,1.15,3.7,1.51,3.41,-2.43,0.08,-0.15,5,,,,,,25.0,,,,,,15.0,-0.1,,,
BB_SQUEEZE,12481,8354,156,3971,4410,66.9,1.5,1.1,3.9,1.5,3.46,-2.48,0.15,-0.15,5,,,,,,25.0,,,,,,15.0,-0.1,,,
BB_SQUEEZE,20732,12660,416,7656,4856,61.1,1.5,1.05,12.2,1.5,4.33,-2.95,0.08,-0.15,15,,,,,,25.0,,,,,,15.0,0.0,,,
PENNY_CRASH,223,96,118,9,156,43.0,1.5,-20.0,5.0,1.5,28.39,-18.83,0.3,-0.2,30,,30.0,,,,20.0,3.0,-30.0,,,,,,,,
PENNY_CRASH,2928,1561,1268,99,1132,53.3,1.49,20.0,5.5,1.49,19.46,-19.04,0.2,-0.2,30,,15.0,,,,25.0,10.0,-30.0,,,,,,,,
BB_SQUEEZE,12481,8376,354,3751,4410,67.1,1.49,1.13,3.7,1.49,3.4,-2.43,0.08,-0.1,5,,,,,,25.0,,,,,,15.0,-0.1,,,
BB_SQUEEZE,12481,8343,161,3977,4410,66.8,1.49,1.1,4.0,1.49,3.46,-2.5,0.2,-0.15,5,,,,,,25.0,,,,,,15.0,-0.1,,,
BB_SQUEEZE,20732,12566,984,7182,4856,60.6,1.48,0.99,12.0,1.48,4.32,-2.91,0.08,-0.1,15,,,,,,25.0,,,,,,15.0,0.0,,,
BB_SQUEEZE,12481,8193,583,3705,4410,65.6,1.48,1.03,8.7,1.48,3.78,-2.9,0.2,-0.1,10,,,,,,25.0,,,,,,15.0,-0.1,,,
RSI_OVERSOLD,23158,12264,7767,3127,3620,53.0,1.48,3.15,6.7,1.48,17.23,-16.24,0.2,-0.2,15,20.0,10.0,ret_5d,-15.0,3.0,,,,,,,,,,,
PENNY_CRASH,254,110,132,12,178,43.3,1.48,-20.0,5.8,1.48,28.05,-18.82,0.3,-0.2,30,,30.0,,,,20.0,3.0,-25.0,,,,,,,,
PENNY_CRASH,298,112,179,7,194,37.6,1.48,-20.0,4.9,1.48,36.11,-19.37,0.4,-0.2,30,,30.0,,,,30.0,3.0,-50.0,,,,,,,,
BB_SQUEEZE,12481,8320,375,3786,4410,66.7,1.47,1.09,3.9,1.47,3.44,-2.46,0.15,-0.1,5,,,,,,25.0,,,,,,15.0,-0.1,,,
BB_SQUEEZE,7107,4461,99,2547,2633,62.8,1.46,0.99,12.7,1.46,3.76,-2.42,0.08,-0.15,15,,,,,,25.0,,,,,,10.0,-0.1,,,
PENNY_CRASH,781,372,383,26,499,47.6,1.46,-5.5,4.6,1.46,23.92,-18.98,0.25,-0.2,30,,30.0,,,,30.0,3.0,-30.0,,,,,,,,
BB_SQUEEZE,12481,8310,380,3791,4410,66.6,1.46,1.08,3.9,1.46,3.43,-2.47,0.2,-0.1,5,,,,,,25.0,,,,,,15.0,-0.1,,,
PENNY_CRASH,416,180,225,11,191,43.3,1.45,-20.0,5.3,1.45,28.53,-19.22,0.3,-0.2,30,,15.0,,,,25.0,3.0,-50.0,,,,,,,,
PENNY_CRASH,402,173,209,20,271,43.0,1.44,-20.0,5.6,1.44,28.18,-18.76,0.3,-0.2,30,,30.0,,,,20.0,10.0,-40.0,,,,,,,,
PENNY_CRASH,115,54,59,2,80,47.0,1.44,-20.0,2.6,1.44,25.0,-19.42,0.25,-0.2,30,,30.0,,,,20.0,3.0,-50.0,,,,,,,,
PENNY_CRASH,3296,1565,1601,130,1262,47.5,1.44,-7.82,5.6,1.44,24.03,-18.98,0.25,-0.2,30,,20.0,,,,30.0,10.0,-30.0,,,,,,,,
PENNY_CRASH,1195,564,581,50,708,47.2,1.43,-7.13,5.1,1.43,24.1,-18.84,0.25,-0.2,30,,30.0,,,,25.0,10.0,-30.0,,,,,,,,
BB_SQUEEZE,7107,4433,242,2432,2633,62.4,1.43,0.96,12.6,1.43,3.75,-2.41,0.08,-0.1,15,,,,,,25.0,,,,,,10.0,-0.1,,,
RSI_OVERSOLD,10425,5473,3708,1244,2634,52.5,1.43,3.59,5.9,1.43,17.85,-16.72,0.2,-0.2,15,15.0,10.0,ret_5d,-20.0,3.0,,,,,,,,,,,
PENNY_CRASH,552,293,246,13,301,53.1,1.43,20.0,3.4,1.43,19.66,-19.2,0.2,-0.2,30,,20.0,,,,25.0,3.0,-40.0,,,,,,,,
RSI_OVERSOLD,16853,8874,6023,1956,3053,52.7,1.42,3.52,6.0,1.42,17.81,-16.82,0.2,-0.2,15,20.0,10.0,ret_5d,-20.0,3.0,,,,,,,,,,,
RSI_OVERSOLD,7441,3889,2549,1003,2271,52.3,1.42,2.72,6.5,1.42,17.56,-16.25,0.2,-0.2,15,15.0,10.0,ret_5d,-15.0,5.0,,,,,,,,,,,
PENNY_CRASH,2987,1584,1306,97,1168,53.0,1.42,20.0,5.1,1.42,19.53,-19.03,0.2,-0.2,30,,20.0,,,,30.0,5.0,-25.0,,,,,,,,
RSI_OVERSOLD,11520,6034,3934,1552,2687,52.4,1.41,2.72,6.6,1.41,17.5,-16.27,0.2,-0.2,15,20.0,10.0,ret_5d,-15.0,5.0,,,,,,,,,,,
PENNY_CRASH,2484,1172,1208,104,911,47.2,1.41,-8.31,5.5,1.41,24.17,-18.93,0.25,-0.2,30,,15.0,,,,30.0,10.0,-40.0,,,,,,,,
PENNY_CRASH,1727,911,757,59,709,52.8,1.4,20.0,4.5,1.4,19.65,-18.98,0.2,-0.2,30,,15.0,,,,30.0,5.0,-40.0,,,,,,,,
PENNY_CRASH,552,261,271,20,301,47.3,1.4,-6.8,4.7,1.4,24.03,-18.9,0.25,-0.2,30,,20.0,,,,25.0,3.0,-40.0,,,,,,,,
RSI_OVERSOLD,10778,5679,3728,1371,2841,52.7,1.4,3.21,6.2,1.4,17.44,-16.47,0.2,-0.2,15,15.0,10.0,ret_3d,-15.0,3.0,,,,,,,,,,,
PENNY_CRASH,359,155,194,10,224,43.2,1.39,-20.0,4.1,1.39,28.5,-19.21,0.3,-0.2,30,,30.0,,,,25.0,5.0,-50.0,,,,,,,,
PENNY_CRASH,948,500,416,32,580,52.7,1.39,20.0,4.5,1.39,19.63,-18.96,0.2,-0.2,30,,30.0,,,,25.0,5.0,-25.0,,,,,,,,
RSI_OVERSOLD,25869,13684,8385,3800,4035,52.9,1.39,2.86,7.1,1.39,16.79,-15.89,0.2,-0.2,15,20.0,10.0,ret_3d,-10.0,3.0,,,,,,,,,,,
PENNY_CRASH,804,379,396,29,485,47.1,1.39,-7.78,4.2,1.39,24.19,-18.94,0.25,-0.2,30,,30.0,,,,30.0,5.0,-40.0,,,,,,,,
BB_SQUEEZE,12481,8571,202,3708,4410,68.7,1.39,1.45,6.7,1.39,3.3,-2.8,0.05,-0.15,10,,,,,,25.0,,,,,,15.0,-0.1,,,
RSI_OVERSOLD,7353,3846,2493,1014,2326,52.3,1.38,2.72,6.6,1.38,17.37,-16.17,0.2,-0.2,15,15.0,10.0,ret_3d,-10.0,5.0,,,,,,,,,,,
BB_SQUEEZE,73503,44649,2917,25937,8504,60.7,1.38,0.98,13.4,1.38,5.01,-4.22,0.2,-0.15,15,,,,,,35.0,,,,,,15.0,-0.1,,,
PENNY_CRASH,6451,3421,2775,255,1746,53.0,1.38,20.0,6.1,1.38,19.34,-18.9,0.2,-0.2,30,,15.0,,,,30.0,10.0,-25.0,,,,,,,,
PENNY_CRASH,593,314,263,16,393,53.0,1.38,20.0,4.1,1.38,19.6,-19.14,0.2,-0.2,30,,30.0,,,,25.0,3.0,-25.0,,,,,,,,
RSI_OVERSOLD,18597,9817,6420,2360,3400,52.8,1.38,3.18,6.4,1.38,17.37,-16.5,0.2,-0.2,15,20.0,10.0,ret_3d,-15.0,3.0,,,,,,,,,,,
PENNY_CRASH,172,91,79,2,98,52.9,1.37,20.0,2.5,1.37,20.0,-19.57,0.2,-0.2,30,,20.0,,,,20.0,3.0,-50.0,,,,,,,,
RSI_OVERSOLD,11523,6054,3770,1699,3169,52.5,1.37,2.56,6.8,1.37,17.0,-15.93,0.2,-0.2,15,15.0,10.0,ret_1d,-5.0,3.0,,,,,,,,,,,
PENNY_CRASH,1154,496,614,44,649,43.0,1.37,-20.0,5.1,1.37,28.36,-18.98,0.3,-0.2,30,,30.0,,,,30.0,10.0,-40.0,,,,,,,,
PENNY_CRASH,1038,626,386,26,507,60.3,1.36,15.0,4.2,1.36,14.87,-19.16,0.15,-0.2,30,,15.0,,,,20.0,5.0,-25.0,,,,,,,,
BB_SQUEEZE,73503,44756,2886,25861,8504,60.9,1.36,1.0,13.3,1.36,4.94,-4.21,0.15,-0.15,15,,,,,,35.0,,,,,,15.0,-0.1,,,
PENNY_CRASH,1415,748,630,37,702,52.9,1.36,20.0,4.3,1.36,19.63,-19.12,0.2,-0.2,30,,20.0,,,,30.0,3.0,-30.0,,,,,,,,
BB_SQUEEZE,12481,8511,492,3478,4410,68.2,1.36,1.4,6.6,1.36,3.3,-2.78,0.05,-0.1,10,,,,,,25.0,,,,,,15.0,-0.1,,,
PENNY_CRASH,553,333,207,13,274,60.2,1.36,15.0,3.2,1.36,14.94,-19.18,0.15,-0.2,30,,15.0,,,,20.0,5.0,-40.0,,,,,,,,
PENNY_CRASH,1269,598,624,47,711,47.1,1.36,-8.92,4.7,1.36,24.16,-18.95,0.25,-0.2,30,,30.0,,,,30.0,5.0,-30.0,,,,,,,,
RSI_OVERSOLD,7967,4169,2868,930,2272,52.3,1.36,3.34,5.9,1.36,17.9,-16.79,0.2,-0.2,15,20.0,10.0,ret_3d,-15.0,5.0,,,,,,,,,,,
PENNY_CRASH,955,411,507,37,398,43.0,1.35,-20.0,5.5,1.35,28.36,-19.05,0.3,-0.2,30,,15.0,,,,30.0,5.0,-50.0,,,,,,,,
BB_SQUEEZE,64744,39026,1692,24026,7363,60.3,1.35,0.85,13.5,1.35,4.54,-3.49,0.2,-0.15,15,,,,,,30.0,,,,,,15.0,0.0,,,
BB_SQUEEZE,64744,39087,1674,23983,7363,60.4,1.34,0.86,13.4,1.34,4.5,-3.48,0.15,-0.15,15,,,,,,30.0,,,,,,15.0,0.0,,,
BB_SQUEEZE,33909,23181,918,9810,6897,68.4,1.34,2.31,10.0,1.34,3.72,-3.8,0.05,-0.15,15,,,,,,30.0,,,,,,15.0,-0.1,,,
BB_SQUEEZE,20084,12411,318,7355,5043,61.8,1.34,0.79,13.6,1.34,3.86,-2.73,0.2,-0.15,15,,,,,,30.0,,,,,,10.0,-0.1,,,
BB_SQUEEZE,20084,12426,308,7350,5043,61.9,1.33,0.8,13.6,1.33,3.82,-2.72,0.15,-0.15,15,,,,,,30.0,,,,,,10.0,-0.1,,,
PENNY_CRASH,897,474,399,24,478,52.8,1.33,20.0,4.4,1.33,19.56,-19.1,0.2,-0.2,30,,20.0,,,,25.0,3.0,-30.0,,,,,,,,
RSI_OVERSOLD,9039,4709,3268,1062,2303,52.1,1.33,3.21,6.0,1.33,18.02,-16.81,0.2,-0.2,15,20.0,10.0,ret_5d,-20.0,5.0,,,,,,,,,,,
PENNY_CRASH,815,428,360,27,501,52.5,1.33,20.0,4.0,1.33,19.69,-18.98,0.2,-0.2,30,,30.0,,,,25.0,5.0,-30.0,,,,,,,,
RSI_OVERSOLD,11326,5914,3861,1551,2755,52.2,1.32,2.57,6.7,1.32,17.35,-16.21,0.2,-0.2,15,20.0,10.0,ret_3d,-10.0,5.0,,,,,,,,,,,
PENNY_CRASH,400,211,178,11,274,52.8,1.32,20.0,4.0,1.32,19.75,-19.25,0.2,-0.2,30,,30.0,,,,20.0,5.0,-25.0,,,,,,,,
BB_SQUEEZE,73503,43970,7057,22476,8504,59.8,1.31,0.9,13.0,1.31,4.98,-4.16,0.2,-0.1,15,,,,,,35.0,,,,,,15.0,-0.1,,,
PENNY_CRASH,733,270,439,24,355,36.8,1.31,-20.0,5.8,1.31,36.53,-19.23,0.4,-0.2,30,,20.0,,,,30.0,5.0,-50.0,,,,,,,,
BB_SQUEEZE,64744,38665,4242,21837,7363,59.7,1.31,0.81,13.2,1.31,4.53,-3.45,0.2,-0.1,15,,,,,,30.0,,,,,,15.0,0.0,,,
BB_SQUEEZE,64744,38723,4210,21811,7363,59.8,1.3,0.82,13.1,1.3,4.48,-3.44,0.15,-0.1,15,,,,,,30.0,,,,,,15.0,0.0,,,
PENNY_CRASH,675,317,335,23,297,47.0,1.3,-9.51,4.8,1.3,24.31,-19.07,0.25,-0.2,30,,15.0,,,,25.0,5.0,-50.0,,,,,,,,
RSI_OVERSOLD,5847,3048,1967,832,2222,52.1,1.3,2.26,6.6,1.3,17.26,-16.07,0.2,-0.2,15,15.0,10.0,ret_1d,-5.0,5.0,,,,,,,,,,,
BB_SQUEEZE,20084,12321,829,6934,5043,61.3,1.29,0.76,13.4,1.29,3.83,-2.75,0.2,-0.1,15,,,,,,30.0,,,,,,10.0,-0.1,,,
PENNY_CRASH,2270,1195,1010,65,968,52.6,1.29,20.0,4.4,1.29,19.66,-19.13,0.2,-0.2,30,,20.0,,,,30.0,5.0,-30.0,,,,,,,,
BB_SQUEEZE,73503,44067,7008,22428,8504,60.0,1.29,0.91,12.8,1.29,4.92,-4.16,0.15,-0.1,15,,,,,,35.0,,,,,,15.0,-0.1,,,
PENNY_CRASH,697,256,419,22,386,36.7,1.29,-20.0,5.1,1.29,36.6,-19.21,0.4,-0.2,30,,30.0,,,,30.0,10.0,-50.0,,,,,,,,
BB_SQUEEZE,73503,45204,2788,25511,8504,61.5,1.28,1.09,12.6,1.28,4.69,-4.18,0.1,-0.15,15,,,,,,35.0,,,,,,15.0,-0.1,,,
PENNY_CRASH,1305,611,643,51,638,46.8,1.28,-10.86,5.1,1.28,24.27,-18.97,0.25,-0.2,30,,20.0,,,,25.0,10.0,-40.0,,,,,,,,
RSI_OVERSOLD,6320,3297,2442,581,1829,52.2,1.28,4.03,5.2,1.28,18.5,-17.5,0.2,-0.2,15,20.0,10.0,ret_5d,-25.0,5.0,,,,,,,,,,,
BB_SQUEEZE,20084,12335,820,6929,5043,61.4,1.28,0.77,13.4,1.28,3.8,-2.74,0.15,-0.1,15,,,,,,30.0,,,,,,10.0,-0.1,,,
RSI_OVERSOLD,5404,2806,1945,653,1905,51.9,1.28,2.83,5.9,1.28,17.92,-16.68,0.2,-0.2,15,15.0,10.0,ret_3d,-15.0,5.0,,,,,,,,,,,
BB_SQUEEZE,33909,22908,2272,8729,6897,67.6,1.28,2.19,9.7,1.28,3.72,-3.78,0.05,-0.1,15,,,,,,30.0,,,,,,15.0,-0.1,,,
BB_SQUEEZE,20084,12465,291,7328,5043,62.1,1.27,0.82,13.3,1.27,3.69,-2.69,0.1,-0.15,15,,,,,,30.0,,,,,,10.0,-0.1,,,
PENNY_CRASH,270,114,146,10,181,42.2,1.27,-20.0,4.5,1.27,29.03,-19.01,0.3,-0.2,30,,30.0,,,,20.0,10.0,-50.0,,,,,,,,
RSI_OVERSOLD,21089,11078,6936,3075,3837,52.5,1.26,2.44,6.8,1.26,16.85,-15.98,0.2,-0.2,15,15.0,10.0,ret_3d,-10.0,0.0,,,,,,,,,,,
PENNY_CRASH,187,98,86,3,127,52.4,1.25,20.0,2.5,1.25,20.0,-19.4,0.2,-0.2,30,,30.0,,,,20.0,5.0,-50.0,,,,,,,,
BB_SQUEEZE,64744,39306,1625,23813,7363,60.7,1.25,0.9,12.8,1.25,4.3,-3.46,0.1,-0.15,15,,,,,,30.0,,,,,,15.0,0.0,,,
BB_SQUEEZE,29433,16188,529,12716,4973,55.0,1.25,0.4,13.6,1.25,4.55,-2.78,0.2,-0.15,15,,,,,,25.0,,,,,,15.0,0.1,,,
BB_SQUEEZE,12481,8527,131,3823,4410,68.3,1.25,1.25,3.3,1.25,2.94,-2.38,0.05,-0.15,5,,,,,,25.0,,,,,,15.0,-0.1,,,
BB_SQUEEZE,29433,16084,1243,12106,4973,54.6,1.24,0.37,13.4,1.24,4.53,-2.74,0.2,-0.1,15,,,,,,25.0,,,,,,15.0,0.1,,,
RSI_OVERSOLD,6073,3135,2202,736,1935,51.6,1.24,2.72,5.9,1.24,18.07,-16.72,0.2,-0.2,15,15.0,10.0,ret_5d,-20.0,5.0,,,,,,,,,,,
BB_SQUEEZE,12481,8495,331,3655,4410,68.1,1.24,1.23,3.3,1.24,2.93,-2.39,0.05,-0.1,5,,,,,,25.0,,,,,,15.0,-0.1,,,
RSI_OVERSOLD,20900,10940,7121,2839,3556,52.3,1.24,2.46,6.5,1.24,17.2,-16.28,0.2,-0.2,15,15.0,10.0,ret_5d,-15.0,0.0,,,,,,,,,,,
PENNY_CRASH,2625,1384,1151,90,1142,52.7,1.24,20.0,5.3,1.24,19.42,-19.04,0.2,-0.2,30,,20.0,,,,25.0,10.0,-25.0,,,,,,,,
BB_SQUEEZE,29433,16211,516,12706,4973,55.1,1.24,0.4,13.5,1.24,4.52,-2.77,0.15,-0.15,15,,,,,,25.0,,,,,,15.0,0.1,,,
PENNY_CRASH,1353,500,793,60,517,37.0,1.23,-20.0,6.9,1.23,35.78,-19.02,0.4,-0.2,30,,15.0,,,,30.0,10.0,-50.0,,,,,,,,
RSI_OVERSOLD,7460,3895,2768,797,2250,52.2,1.23,3.51,5.5,1.23,17.99,-17.07,0.2,-0.2,15,15.0,15.0,ret_3d,-10.0,3.0,,,,,,,,,,,
BB_SQUEEZE,29433,16106,1229,12098,4973,54.7,1.23,0.38,13.3,1.23,4.5,-2.73,0.15,-0.1,15,,,,,,25.0,,,,,,15.0,0.1,,,
RSI_OVERSOLD,13432,7005,3852,2575,3122,52.2,1.23,1.4,5.1,1.23,15.97,-14.84,0.2,-0.2,10,15.0,10.0,ret_5d,-15.0,3.0,,,,,,,,,,,
BB_SQUEEZE,20084,12379,795,6910,5043,61.6,1.23,0.79,13.1,1.23,3.68,-2.72,0.1,-0.1,15,,,,,,30.0,,,,,,10.0,-0.1,,,
RSI_OVERSOLD,20762,10861,6774,3127,3778,52.3,1.23,2.23,7.0,1.23,16.81,-15.86,0.2,-0.2,15,20.0,10.0,ret_1d,-5.0,3.0,,,,,,,,,,,
RSI_OVERSOLD,8999,4687,3039,1273,2667,52.1,1.23,2.22,6.8,1.23,17.19,-16.11,0.2,-0.2,15,20.0,10.0,ret_1d,-5.0,5.0,,,,,,,,,,,
PENNY_CRASH,496,233,247,16,337,47.0,1.22,-11.02,4.0,1.22,24.05,-19.01,0.25,-0.2,30,,30.0,,,,30.0,3.0,-40.0,,,,,,,,
RSI_OVERSOLD,7269,3788,2724,757,2188,52.1,1.22,3.44,5.4,1.22,18.12,-17.16,0.2,-0.2,15,15.0,15.0,ret_5d,-15.0,3.0,,,,,,,,,,,
PENNY_CRASH,560,292,249,19,355,52.1,1.22,20.0,3.6,1.22,19.73,-18.94,0.2,-0.2,30,,30.0,,,,25.0,5.0,-40.0,,,,,,,,
BB_SQUEEZE,64744,38939,4125,21680,7363,60.1,1.22,0.86,12.6,1.22,4.29,-3.43,0.1,-0.1,15,,,,,,30.0,,,,,,15.0,0.0,,,
RSI_OVERSOLD,11960,6236,4463,1261,2653,52.1,1.21,3.18,5.5,1.21,18.05,-17.15,0.2,-0.2,15,20.0,15.0,ret_5d,-15.0,3.0,,,,,,,,,,,
RSI_OVERSOLD,4791,2501,1868,422,1652,52.2,1.21,4.22,5.0,1.21,18.48,-17.65,0.2,-0.2,15,20.0,10.0,ret_3d,-20.0,5.0,,,,,,,,,,,
PENNY_CRASH,1112,584,488,40,595,52.5,1.21,20.0,5.0,1.21,19.49,-19.02,0.2,-0.2,30,,20.0,,,,20.0,10.0,-25.0,,,,,,,,
PENNY_CRASH,2557,1531,960,66,995,59.9,1.21,15.0,4.4,1.21,14.84,-19.12,0.15,-0.2,30,,15.0,,,,25.0,5.0,-25.0,,,,,,,,
RSI_OVERSOLD,6355,3309,2448,598,1993,52.1,1.21,3.87,5.0,1.21,18.4,-17.46,0.2,-0.2,15,15.0,15.0,ret_5d,-20.0,3.0,,,,,,,,,,,
PENNY_CRASH,511,269,229,13,342,52.6,1.21,20.0,3.7,1.21,19.54,-19.17,0.2,-0.2,30,,30.0,,,,25.0,3.0,-30.0,,,,,,,,
PENNY_CRASH,350,182,158,10,236,52.0,1.2,20.0,3.3,1.2,20.0,-19.18,0.2,-0.2,30,,30.0,,,,20.0,5.0,-30.0,,,,,,,,
BB_SQUEEZE,33909,21279,753,11877,6897,62.8,1.2,0.92,8.4,1.2,3.85,-3.27,0.1,-0.15,10,,,,,,30.0,,,,,,15.0,-0.1,,,
BB_SQUEEZE,20084,12521,285,7278,5043,62.3,1.2,0.84,12.9,1.2,3.55,-2.68,0.08,-0.15,15,,,,,,30.0,,,,,,10.0,-0.1,,,
BB_SQUEEZE,73503,44503,6831,22169,8504,60.5,1.2,0.99,12.2,1.2,4.68,-4.13,0.1,-0.1,15,,,,,,35.0,,,,,,15.0,-0.1,,,
PENNY_CRASH,2219,1040,1087,92,1102,46.9,1.2,-8.92,5.5,1.2,23.96,-18.88,0.25,-0.2,30,,30.0,,,,30.0,10.0,-25.0,,,,,,,,
RSI_OVERSOLD,40084,20909,13621,5554,4110,52.2,1.2,2.3,6.7,1.2,17.19,-16.24,0.2,-0.2,15,20.0,10.0,ret_5d,-15.0,0.0,,,,,,,,,,,
BB_SQUEEZE,73503,45780,2704,25019,8504,62.3,1.2,1.2,12.0,1.2,4.44,-4.16,0.08,-0.15,15,,,,,,35.0,,,,,,15.0,-0.1,,,
PENNY_CRASH,910,476,404,30,490,52.3,1.19,20.0,4.3,1.19,19.66,-19.08,0.2,-0.2,30,,20.0,,,,20.0,10.0,-30.0,,,,,,,,
BB_SQUEEZE,20732,13087,375,7270,4856,63.1,1.19,1.43,10.5,1.19,3.57,-2.89,0.05,-0.15,15,,,,,,25.0,,,,,,15.0,0.0,,,
RSI_OVERSOLD,6564,3418,2493,653,2077,52.1,1.19,3.54,5.2,1.19,18.2,-17.29,0.2,-0.2,15,15.0,15.0,ret_3d,-15.0,3.0,,,,,,,,,,,
BB_SQUEEZE,33909,21434,732,11743,6897,63.2,1.19,0.97,8.0,1.19,3.78,-3.25,0.08,-0.15,10,,,,,,30.0,,,,,,15.0,-0.1,,,
PENNY_CRASH,1082,505,530,47,493,46.7,1.19,-7.62,5.3,1.19,23.99,-18.77,0.25,-0.2,30,,15.0,,,,30.0,3.0,-40.0,,,,,,,,
RSI_OVERSOLD,9997,5215,3851,931,2368,52.2,1.19,3.66,5.1,1.19,18.33,-17.5,0.2,-0.2,15,20.0,15.0,ret_5d,-20.0,3.0,,,,,,,,,,,
PENNY_CRASH,526,224,275,27,352,42.6,1.19,-20.0,5.9,1.19,28.06,-18.74,0.3,-0.2,30,,30.0,,,,20.0,10.0,-30.0,,,,,,,,
BB_SQUEEZE,64744,39642,1578,23524,7363,61.2,1.18,0.97,12.3,1.18,4.1,-3.44,0.08,-0.15,15,,,,,,30.0,,,,,,15.0,0.0,,,
PENNY_CRASH,764,280,455,29,369,36.6,1.18,-20.0,6.1,1.18,36.25,-19.11,0.4,-0.2,30,,20.0,,,,25.0,10.0,-50.0,,,,,,,,
RSI_OVERSOLD,14283,7456,3964,2863,3376,52.2,1.18,1.3,5.2,1.18,15.59,-14.57,0.2,-0.2,10,15.0,10.0,ret_3d,-10.0,3.0,,,,,,,,,,,
RSI_OVERSOLD,4895,2541,1927,427,1620,51.9,1.18,3.84,4.9,1.18,18.65,-17.68,0.2,-0.2,15,20.0,15.0,ret_5d,-20.0,5.0,,,,,,,,,,,
BB_SQUEEZE,7107,4538,85,2484,2633,63.9,1.17,1.14,11.5,1.17,3.15,-2.34,0.05,-0.15,15,,,,,,25.0,,,,,,10.0,-0.1,,,
BB_SQUEEZE,20084,12441,779,6864,5043,61.9,1.17,0.82,12.7,1.17,3.54,-2.7,0.08,-0.1,15,,,,,,30.0,,,,,,10.0,-0.1,,,
RSI_OVERSOLD,5515,2856,2117,542,1771,51.8,1.17,3.02,5.3,1.17,18.41,-17.35,0.2,-0.2,15,20.0,15.0,ret_5d,-15.0,5.0,,,,,,,,,,,
RSI_OVERSOLD,10425,5412,3238,1775,2634,51.9,1.17,1.45,4.7,1.17,16.61,-15.49,0.2,-0.2,10,15.0,10.0,ret_5d,-20.0,3.0,,,,,,,,,,,
BB_SQUEEZE,20732,12990,903,6839,4856,62.7,1.17,1.37,10.3,1.17,3.57,-2.86,0.05,-0.1,15,,,,,,25.0,,,,,,15.0,0.0,,,
PENNY_CRASH,2094,1098,931,65,958,52.4,1.17,20.0,4.7,1.17,19.56,-19.11,0.2,-0.2,30,,20.0,,,,25.0,10.0,-30.0,,,,,,,,
RSI_OVERSOLD,41617,21785,13574,6258,4586,52.3,1.17,2.25,7.0,1.17,16.69,-15.87,0.2,-0.2,15,20.0,10.0,ret_3d,-10.0,0.0,,,,,,,,,,,
RSI_OVERSOLD,16853,8720,5226,2907,3053,51.7,1.16,1.37,4.7,1.16,16.63,-15.42,0.2,-0.2,10,20.0,10.0,ret_5d,-20.0,3.0,,,,,,,,,,,
PENNY_CRASH,174,81,87,6,122,46.6,1.16,-13.76,3.7,1.16,24.28,-18.97,0.25,-0.2,30,,30.0,,,,20.0,3.0,-40.0,,,,,,,,
BB_SQUEEZE,33909,21262,1904,10743,6897,62.7,1.16,0.94,7.9,1.16,3.77,-3.23,0.08,-0.1,10,,,,,,30.0,,,,,,15.0,-0.1,,,
RSI_OVERSOLD,31843,16600,10924,4319,3808,52.1,1.16,2.35,6.8,1.16,17.19,-16.3,0.2,-0.2,15,25.0,10.0,ret_5d,-15.0,3.0,,,,,,,,,,,
BB_SQUEEZE,33909,21105,1948,10856,6897,62.2,1.16,0.89,8.2,1.16,3.84,-3.25,0.1,-0.1,10,,,,,,30.0,,,,,,15.0,-0.1,,,
RSI_OVERSOLD,10829,5637,4087,1105,2556,52.1,1.15,3.19,5.4,1.15,18.11,-17.26,0.2,-0.2,15,20.0,15.0,ret_3d,-15.0,3.0,,,,,,,,,,,
RSI_OVERSOLD,12595,6549,4657,1389,2760,52.0,1.15,2.99,5.7,1.15,17.9,-17.01,0.2,-0.2,15,20.0,15.0,ret_3d,-10.0,3.0,,,,,,,,,,,
BB_SQUEEZE,29433,16285,493,12655,4973,55.3,1.15,0.43,13.0,1.15,4.31,-2.75,0.1,-0.15,15,,,,,,25.0,,,,,,15.0,0.1,,,
PENNY_CRASH,1711,893,767,51,709,52.2,1.15,20.0,4.6,1.15,19.75,-19.15,0.2,-0.2,30,,15.0,,,,25.0,10.0,-40.0,,,,,,,,
RSI_OVERSOLD,23158,11976,6601,4581,3620,51.7,1.15,1.22,5.2,1.15,15.94,-14.69,0.2,-0.2,10,20.0,10.0,ret_5d,-15.0,3.0,,,,,,,,,,,
BB_SQUEEZE,7107,4508,223,2376,2633,63.4,1.14,1.1,11.3,1.14,3.15,-2.35,0.05,-0.1,15,,,,,,25.0,,,,,,10.0,-0.1,,,
PENNY_CRASH,1868,869,931,68,832,46.5,1.14,-15.82,4.8,1.14,24.34,-19.04,0.25,-0.2,30,,20.0,,,,30.0,10.0,-40.0,,,,,,,,
BB_SQUEEZE,64744,39278,4036,21430,7363,60.7,1.14,0.92,12.0,1.14,4.09,-3.41,0.08,-0.1,15,,,,,,30.0,,,,,,15.0,0.0,,,
RSI_OVERSOLD,17688,9221,5775,2692,3735,52.1,1.14,2.03,6.9,1.14,16.73,-15.85,0.2,-0.2,15,15.0,10.0,ret_1d,-5.0,0.0,,,,,,,,,,,
BB_SQUEEZE,33909,21179,780,11950,6897,62.5,1.14,0.9,8.7,1.14,3.8,-3.3,0.15,-0.15,10,,,,,,30.0,,,,,,15.0,-0.1,,,
BB_SQUEEZE,29433,16178,1198,12057,4973,55.0,1.14,0.4,12.8,1.14,4.3,-2.72,0.1,-0.1,15,,,,,,25.0,,,,,,15.0,0.1,,,
PENNY_CRASH,804,374,401,29,436,46.5,1.14,-15.83,4.6,1.14,24.25,-18.96,0.25,-0.2,30,,20.0,,,,30.0,3.0,-40.0,,,,,,,,
RSI_OVERSOLD,15406,8016,5359,2031,3255,52.0,1.13,2.28,6.2,1.13,17.3,-16.41,0.2,-0.2,15,15.0,10.0,ret_3d,-15.0,0.0,,,,,,,,,,,
RSI_OVERSOLD,13434,7776,4154,1504,3122,57.9,1.13,15.0,5.4,1.13,13.95,-16.5,0.15,-0.2,15,15.0,10.0,ret_5d,-15.0,3.0,,,,,,,,,,,
RSI_OVERSOLD,11532,6013,4310,1209,2696,52.1,1.12,3.03,5.5,1.12,17.92,-17.18,0.2,-0.2,15,20.0,10.0,ret_3d,-20.0,3.0,,,,,,,,,,,
BB_SQUEEZE,20732,12606,304,7822,4856,60.8,1.12,0.66,8.5,1.12,3.46,-2.5,0.1,-0.15,10,,,,,,25.0,,,,,,15.0,0.0,,,
RSI_OVERSOLD,13434,6357,6003,1074,3122,47.3,1.12,-2.66,5.4,1.12,17.37,-13.49,0.2,-0.15,15,15.0,10.0,ret_5d,-15.0,3.0,,,,,,,,,,,
BB_SQUEEZE,73503,45070,6658,21775,8504,61.3,1.12,1.11,11.6,1.12,4.43,-4.12,0.08,-0.1,15,,,,,,35.0,,,,,,15.0,-0.1,,,
PENNY_CRASH,4653,2438,2062,153,1450,52.4,1.12,20.0,5.3,1.12,19.47,-19.09,0.2,-0.2,30,,15.0,,,,30.0,10.0,-30.0,,,,,,,,
RSI_OVERSOLD,22078,11467,8047,2564,3210,51.9,1.12,2.56,6.0,1.12,17.77,-16.88,0.2,-0.2,15,25.0,10.0,ret_5d,-20.0,3.0,,,,,,,,,,,
RSI_OVERSOLD,25895,13518,9080,3297,3648,52.2,1.12,2.44,6.5,1.12,17.29,-16.55,0.2,-0.2,15,25.0,10.0,ret_3d,-15.0,3.0,,,,,,,,,,,
RSI_OVERSOLD,23160,13419,7155,2586,3620,57.9,1.12,15.0,5.5,1.12,13.94,-16.54,0.15,-0.2,15,20.0,10.0,ret_5d,-15.0,3.0,,,,,,,,,,,
RSI_OVERSOLD,11523,5990,3219,2314,3169,52.0,1.12,1.2,5.2,1.12,15.65,-14.61,0.2,-0.2,10,15.0,10.0,ret_1d,-5.0,3.0,,,,,,,,,,,
BB_SQUEEZE,33909,21152,793,11964,6897,62.4,1.12,0.89,8.8,1.12,3.79,-3.31,0.2,-0.15,10,,,,,,30.0,,,,,,15.0,-0.1,,,
RSI_OVERSOLD,4438,2287,1709,442,1531,51.5,1.11,2.96,5.2,1.11,18.44,-17.31,0.2,-0.2,15,15.0,10.0,ret_5d,-25.0,5.0,,,,,,,,,,,
RSI_OVERSOLD,11344,5886,4357,1101,2448,51.9,1.11,3.0,5.2,1.11,18.27,-17.39,0.2,-0.2,15,20.0,10.0,ret_5d,-25.0,3.0,,,,,,,,,,,
RSI_OVERSOLD,11348,5856,4151,1341,2480,51.6,1.11,2.37,6.1,1.11,17.95,-16.85,0.2,-0.2,15,25.0,10.0,ret_5d,-20.0,5.0,,,,,,,,,,,
RSI_OVERSOLD,14285,6806,6233,1246,3376,47.6,1.11,-2.19,5.7,1.11,16.99,-13.34,0.2,-0.15,15,15.0,10.0,ret_3d,-10.0,3.0,,,,,,,,,,,
BB_SQUEEZE,157964,93440,5285,59239,8892,59.2,1.11,0.8,13.4,1.11,4.6,-3.94,0.2,-0.15,15,,,,,,35.0,,,,,,15.0,0.0,,,
RSI_OVERSOLD,4594,2376,1807,411,1607,51.7,1.11,3.18,4.9,1.11,18.57,-17.59,0.2,-0.2,15,20.0,15.0,ret_3d,-15.0,5.0,,,,,,,,,,,
BB_SQUEEZE,20732,12666,298,7768,4856,61.1,1.11,0.69,8.2,1.11,3.4,-2.49,0.08,-0.15,10,,,,,,25.0,,,,,,15.0,0.0,,,
BB_SQUEEZE,20732,12538,727,7467,4856,60.5,1.11,0.64,8.4,1.11,3.44,-2.46,0.1,-0.1,10,,,,,,25.0,,,,,,15.0,0.0,,,
RSI_OVERSOLD,14776,7629,5144,2003,2887,51.6,1.1,1.87,6.7,1.1,17.45,-16.35,0.2,-0.2,15,25.0,10.0,ret_5d,-15.0,5.0,,,,,,,,,,,
