ticker,signals,hit50,hit100,prec50,prec100
MTC,24,7,5,29.166666666666668,20.833333333333336
NERV,24,2,1,8.333333333333332,4.166666666666666
ELVN,24,1,0,4.166666666666666,0.0
QNRX,24,4,2,16.666666666666664,8.333333333333332
NEGG,23,2,2,8.695652173913043,8.695652173913043
MLTX,23,1,1,4.3478260869565215,4.3478260869565215
INDO,23,7,1,30.434782608695656,4.3478260869565215
JBIO,22,0,0,0.0,0.0
AEHR,22,2,1,9.090909090909092,4.545454545454546
AGIG,22,2,0,9.090909090909092,0.0
PPSI,21,2,0,9.523809523809524,0.0
SNOA,21,1,0,4.761904761904762,0.0
IMMX,21,1,0,4.761904761904762,0.0
HURA,21,3,1,14.285714285714285,4.761904761904762
SOGP,21,2,1,9.523809523809524,4.761904761904762
NEON,21,2,1,9.523809523809524,4.761904761904762
AVTX,21,0,0,0.0,0.0
XFOR,20,0,0,0.0,0.0
BMEA,20,2,0,10.0,0.0
RMNI,20,0,0,0.0,0.0
ORIC,20,0,0,0.0,0.0
AMBA,20,0,0,0.0,0.0
DOGZ,20,3,0,15.0,0.0
VIVO,19,2,1,10.526315789473683,5.263157894736842
CABA,19,0,0,0.0,0.0
ANY,19,1,0,5.263157894736842,0.0
BCTX,19,2,1,10.526315789473683,5.263157894736842
CCCC,19,1,1,5.263157894736842,5.263157894736842
ANIX,19,0,0,0.0,0.0
AEMD,19,2,1,10.526315789473683,5.263157894736842
LMFA,19,1,0,5.263157894736842,0.0
ANNX,19,0,0,0.0,0.0
IBIO,19,3,0,15.789473684210526,0.0
BBW,19,0,0,0.0,0.0
DLO,19,0,0,0.0,0.0
OMER,19,2,0,10.526315789473683,0.0
QTTB,19,0,0,0.0,0.0
FIEE,18,1,1,5.555555555555555,5.555555555555555
CELC,18,0,0,0.0,0.0
SEMR,18,0,0,0.0,0.0
DWTX,18,2,1,11.11111111111111,5.555555555555555
ALXO,18,0,0,0.0,0.0
RZLT,18,0,0,0.0,0.0
VSTM,18,0,0,0.0,0.0
FLNA,18,0,0,0.0,0.0
TERN,18,2,0,11.11111111111111,0.0
VRDN,18,0,0,0.0,0.0
UPC,18,1,0,5.555555555555555,0.0
ACIC,18,0,0,0.0,0.0
WVE,18,0,0,0.0,0.0
AMST,18,0,0,0.0,0.0
KALA,18,3,1,16.666666666666664,5.555555555555555
NXTT,18,0,0,0.0,0.0
RING,17,0,0,0.0,0.0
GLUE,17,0,0,0.0,0.0
NKTR,17,1,0,5.88235294117647,0.0
SCNX,17,3,3,17.647058823529413,17.647058823529413
NEXR,17,1,0,5.88235294117647,0.0
ABOS,17,1,0,5.88235294117647,0.0
SMMT,17,2,1,11.76470588235294,5.88235294117647
VTGN,17,0,0,0.0,0.0
SRRK,17,0,0,0.0,0.0
RIGL,17,0,0,0.0,0.0
FHTX,17,0,0,0.0,0.0
TRVI,17,0,0,0.0,0.0
GOVX,17,4,2,23.52941176470588,11.76470588235294
RLMD,17,0,0,0.0,0.0
CNTA,17,0,0,0.0,0.0
WIMI,17,1,0,5.88235294117647,0.0
RNAZ,17,3,0,17.647058823529413,0.0
RENT,17,3,1,17.647058823529413,5.88235294117647
CODX,17,0,0,0.0,0.0
PRAX,17,0,0,0.0,0.0
URGN,17,0,0,0.0,0.0
FTXN,17,0,0,0.0,0.0
EPU,16,0,0,0.0,0.0
BNKK,16,2,2,12.5,12.5
VKTX,16,0,0,0.0,0.0
RUM,16,0,0,0.0,0.0
HOWL,16,1,0,6.25,0.0
SAIH,16,2,0,12.5,0.0
BLNE,16,0,0,0.0,0.0
MSGM,16,1,0,6.25,0.0
RVPH,16,3,2,18.75,12.5
NNOX,16,1,0,6.25,0.0
AMSC,16,1,0,6.25,0.0
CAPR,16,2,0,12.5,0.0
VYGR,16,2,0,12.5,0.0
QNTM,16,1,1,6.25,6.25
SXTC,16,2,2,12.5,12.5
FTXL,16,0,0,0.0,0.0
OLOX,16,1,1,6.25,6.25
IMRX,16,1,0,6.25,0.0
AEHL,16,1,0,6.25,0.0
GLP,16,0,0,0.0,0.0
KXIN,16,2,1,12.5,6.25
SPCB,16,2,0,12.5,0.0
COGT,16,0,0,0.0,0.0
WGS,16,1,0,6.25,0.0
TECX,16,1,0,6.25,0.0
IPDN,16,1,1,6.25,6.25
PDYN,16,2,1,12.5,6.25
DTSS,16,3,1,18.75,6.25
MCRB,16,2,0,12.5,0.0
TANH,16,1,0,6.25,0.0
GSIT,16,2,0,12.5,0.0
FTK,16,1,0,6.25,0.0
ZURA,16,0,0,0.0,0.0
CRBP,16,0,0,0.0,0.0
OLMA,16,0,0,0.0,0.0
DRUG,15,2,1,13.333333333333334,6.666666666666667
LUCY,15,3,1,20.0,6.666666666666667
DMRA,15,2,0,13.333333333333334,0.0
JAKK,15,0,0,0.0,0.0
DBVT,15,1,0,6.666666666666667,0.0
GRI,15,0,0,0.0,0.0
GHRS,15,0,0,0.0,0.0
APLD,15,1,0,6.666666666666667,0.0
HERE,15,2,1,13.333333333333334,6.666666666666667
ASTS,15,0,0,0.0,0.0
TYRA,15,0,0,0.0,0.0
BVS,15,0,0,0.0,0.0
CMTL,15,0,0,0.0,0.0
SPRC,15,1,0,6.666666666666667,0.0
SLAI,15,1,0,6.666666666666667,0.0
MNPR,15,1,1,6.666666666666667,6.666666666666667
ALAR,15,0,0,0.0,0.0
MESO,15,1,1,6.666666666666667,6.666666666666667
LRN,15,0,0,0.0,0.0
ACET,15,0,0,0.0,0.0
NPCE,15,1,0,6.666666666666667,0.0
BATL,15,2,1,13.333333333333334,6.666666666666667
PSNL,15,0,0,0.0,0.0
VTSI,15,0,0,0.0,0.0
HUDI,15,3,1,20.0,6.666666666666667
APYX,15,1,0,6.666666666666667,0.0
VOR,15,1,1,6.666666666666667,6.666666666666667
BKKT,15,2,1,13.333333333333334,6.666666666666667
HCTI,15,1,0,6.666666666666667,0.0
IFRX,15,1,0,6.666666666666667,0.0
KOSS,15,0,0,0.0,0.0
DRCT,15,1,0,6.666666666666667,0.0
EHTH,15,0,0,0.0,0.0
LASE,15,1,0,6.666666666666667,0.0
CLRO,15,1,0,6.666666666666667,0.0
BWEN,15,1,0,6.666666666666667,0.0
DUO,15,3,2,20.0,13.333333333333334
PROK,15,1,0,6.666666666666667,0.0
WORX,15,5,2,33.33333333333333,13.333333333333334
XGN,15,1,0,6.666666666666667,0.0
WHWK,15,0,0,0.0,0.0
PXJ,15,0,0,0.0,0.0
MLGO,15,2,2,13.333333333333334,13.333333333333334
MRAM,15,0,0,0.0,0.0
CMPX,15,0,0,0.0,0.0
GNPX,15,1,1,6.666666666666667,6.666666666666667
PTGX,15,0,0,0.0,0.0
INBS,14,2,2,14.285714285714285,14.285714285714285
PXS,14,0,0,0.0,0.0
IVF,14,1,0,7.142857142857142,0.0
INAB,14,1,0,7.142857142857142,0.0
SGMT,14,2,0,14.285714285714285,0.0
ISSC,14,0,0,0.0,0.0
XCUR,14,3,1,21.428571428571427,7.142857142857142
RRGB,14,0,0,0.0,0.0
DYN,14,0,0,0.0,0.0
SURG,14,0,0,0.0,0.0
ABEO,14,0,0,0.0,0.0
BNAI,14,3,1,21.428571428571427,7.142857142857142
TTD,14,0,0,0.0,0.0
XAIR,14,0,0,0.0,0.0
TSHA,14,1,0,7.142857142857142,0.0
TDUP,14,0,0,0.0,0.0
DAKT,14,0,0,0.0,0.0
DFTX,14,0,0,0.0,0.0
GFAI,14,0,0,0.0,0.0
MYSE,14,2,0,14.285714285714285,0.0
ATGL,14,2,1,14.285714285714285,7.142857142857142
PRCH,14,1,0,7.142857142857142,0.0
MNTS,14,1,1,7.142857142857142,7.142857142857142
NEUP,14,1,0,7.142857142857142,0.0
JXN,14,0,0,0.0,0.0
ZSTK,14,4,0,28.57142857142857,0.0
SNTG,14,3,1,21.428571428571427,7.142857142857142
EDSA,14,3,2,21.428571428571427,14.285714285714285
RLYB,14,0,0,0.0,0.0
RCMT,14,0,0,0.0,0.0
EWTX,14,0,0,0.0,0.0
PRFX,14,3,2,21.428571428571427,14.285714285714285
PLSE,14,0,0,0.0,0.0
IPWR,14,0,0,0.0,0.0
GREE,14,1,1,7.142857142857142,7.142857142857142
TONX,14,1,1,7.142857142857142,7.142857142857142
IMTE,14,3,2,21.428571428571427,14.285714285714285
CRDF,14,1,0,7.142857142857142,0.0
BJDX,14,2,2,14.285714285714285,14.285714285714285
MGTX,14,0,0,0.0,0.0
GOGO,14,0,0,0.0,0.0
ROOT,14,1,1,7.142857142857142,7.142857142857142
BTSGU,14,0,0,0.0,0.0
EET,14,0,0,0.0,0.0
GRRR,14,1,1,7.142857142857142,7.142857142857142
PVLA,14,0,0,0.0,0.0
FNUC,14,2,1,14.285714285714285,7.142857142857142
ROM,14,0,0,0.0,0.0
VVOS,14,0,0,0.0,0.0
CLPT,14,0,0,0.0,0.0
CHNR,14,1,0,7.142857142857142,0.0
WNW,14,1,0,7.142857142857142,0.0
NVVE,14,0,0,0.0,0.0
JANX,14,1,1,7.142857142857142,7.142857142857142
NGNE,14,0,0,0.0,0.0
ENGN,14,1,1,7.142857142857142,7.142857142857142
TALK,13,0,0,0.0,0.0
ALDX,13,0,0,0.0,0.0
NCMI,13,0,0,0.0,0.0
SRTS,13,0,0,0.0,0.0
LFCR,13,0,0,0.0,0.0
NRXP,13,1,1,7.6923076923076925,7.6923076923076925
PALI,13,0,0,0.0,0.0
BBLG,13,2,0,15.384615384615385,0.0
NOTV,13,0,0,0.0,0.0
XPOF,13,0,0,0.0,0.0
WKEY,13,2,1,15.384615384615385,7.6923076923076925
SLDB,13,1,0,7.6923076923076925,0.0
IMMP,13,0,0,0.0,0.0
THRY,13,0,0,0.0,0.0
SRTA,13,0,0,0.0,0.0
LIXT,13,0,0,0.0,0.0
CPS,13,0,0,0.0,0.0
CRVO,13,2,0,15.384615384615385,0.0
KSS,13,0,0,0.0,0.0
BYSI,13,0,0,0.0,0.0
LIDR,13,3,1,23.076923076923077,7.6923076923076925
EYPT,13,0,0,0.0,0.0
NEXT,13,0,0,0.0,0.0
AUR,13,1,0,7.6923076923076925,0.0
CVRX,13,0,0,0.0,0.0
CLRB,13,0,0,0.0,0.0
ARQQ,13,1,1,7.6923076923076925,7.6923076923076925
GYRE,13,0,0,0.0,0.0
DC,13,0,0,0.0,0.0
TAOX,13,3,1,23.076923076923077,7.6923076923076925
UPWK,13,0,0,0.0,0.0
CNVS,13,0,0,0.0,0.0
PSTV,13,2,0,15.384615384615385,0.0
SKYT,13,0,0,0.0,0.0
JWEL,13,1,0,7.6923076923076925,0.0
OM,13,0,0,0.0,0.0
PXI,13,0,0,0.0,0.0
TAYD,13,0,0,0.0,0.0
AIRS,13,0,0,0.0,0.0
JZXN,13,0,0,0.0,0.0
AVX,13,2,1,15.384615384615385,7.6923076923076925
IPM,13,1,1,7.6923076923076925,7.6923076923076925
NVNI,13,3,2,23.076923076923077,15.384615384615385
RILY,13,1,0,7.6923076923076925,0.0
PHAT,13,1,1,7.6923076923076925,7.6923076923076925
CRVS,13,2,0,15.384615384615385,0.0
LGHL,13,0,0,0.0,0.0
VNDA,13,0,0,0.0,0.0
ENSC,13,3,2,23.076923076923077,15.384615384615385
SPRB,13,1,0,7.6923076923076925,0.0
CDIO,13,3,3,23.076923076923077,23.076923076923077
SGHT,13,0,0,0.0,0.0
ENVB,13,2,1,15.384615384615385,7.6923076923076925
ANF,13,0,0,0.0,0.0
AMTX,13,1,0,7.6923076923076925,0.0
IHRT,13,0,0,0.0,0.0
IVDA,12,2,1,16.666666666666664,8.333333333333332
HTCR,12,3,1,25.0,8.333333333333332
SOS,12,1,0,8.333333333333332,0.0
INUV,12,0,0,0.0,0.0
DFSC,12,0,0,0.0,0.0
TNYA,12,0,0,0.0,0.0
LPCN,12,0,0,0.0,0.0
VEEE,12,0,0,0.0,0.0
TCMD,12,0,0,0.0,0.0
PXLW,12,1,0,8.333333333333332,0.0
WLDS,12,2,1,16.666666666666664,8.333333333333332
COE,12,1,0,8.333333333333332,0.0
ZYME,12,0,0,0.0,0.0
APPS,12,0,0,0.0,0.0
NVNO,12,0,0,0.0,0.0
GLSI,12,0,0,0.0,0.0
NXTS,12,2,1,16.666666666666664,8.333333333333332
CRNC,12,0,0,0.0,0.0
LXEH,12,2,1,16.666666666666664,8.333333333333332
TUSK,12,0,0,0.0,0.0
MXC,12,2,1,16.666666666666664,8.333333333333332
STRO,12,0,0,0.0,0.0
WTO,12,2,0,16.666666666666664,0.0
ALVO,12,0,0,0.0,0.0
CRNX,12,0,0,0.0,0.0
PHIO,12,0,0,0.0,0.0
NCNA,12,1,0,8.333333333333332,0.0
NRDS,12,0,0,0.0,0.0
SYPR,12,0,0,0.0,0.0
SONM,12,1,0,8.333333333333332,0.0
CYN,12,4,1,33.33333333333333,8.333333333333332
APM,12,2,0,16.666666666666664,0.0
LWLG,12,1,0,8.333333333333332,0.0
SPIR,12,0,0,0.0,0.0
GPCR,12,0,0,0.0,0.0
AIP,12,0,0,0.0,0.0
CMND,12,0,0,0.0,0.0
DFLI,12,3,1,25.0,8.333333333333332
MARPS,12,1,1,8.333333333333332,8.333333333333332
MANU,12,0,0,0.0,0.0
SNSE,12,0,0,0.0,0.0
CETX,12,0,0,0.0,0.0
OXBR,12,0,0,0.0,0.0
FEIM,12,0,0,0.0,0.0
DTST,12,0,0,0.0,0.0
SQNS,12,1,1,8.333333333333332,8.333333333333332
CTMX,12,0,0,0.0,0.0
SABS,12,1,1,8.333333333333332,8.333333333333332
STXS,12,0,0,0.0,0.0
NKTX,12,0,0,0.0,0.0
GRDX,12,1,0,8.333333333333332,0.0
ANRO,12,1,0,8.333333333333332,0.0
LONA,12,0,0,0.0,0.0
LUNR,12,2,2,16.666666666666664,16.666666666666664
ORGO,12,0,0,0.0,0.0
BFRG,12,2,1,16.666666666666664,8.333333333333332
CRIS,12,0,0,0.0,0.0
SST,12,2,1,16.666666666666664,8.333333333333332
SEED,12,0,0,0.0,0.0
MYSZ,12,1,1,8.333333333333332,8.333333333333332
MLYS,12,0,0,0.0,0.0
NMRA,12,0,0,0.0,0.0
PHUN,12,4,2,33.33333333333333,16.666666666666664
TENX,12,1,0,8.333333333333332,0.0
HOUR,12,1,0,8.333333333333332,0.0
FDMT,12,0,0,0.0,0.0
SMHI,12,0,0,0.0,0.0
DNTH,12,0,0,0.0,0.0
SUNE,12,3,1,25.0,8.333333333333332
ESOA,12,0,0,0.0,0.0
ALT,12,1,1,8.333333333333332,8.333333333333332
BTOG,12,2,0,16.666666666666664,0.0
HCM,12,0,0,0.0,0.0
DOCS,12,0,0,0.0,0.0
CHAI,12,2,1,16.666666666666664,8.333333333333332
SYBT,12,0,0,0.0,0.0
ABSI,12,0,0,0.0,0.0
TRAW,12,0,0,0.0,0.0
LEE,12,0,0,0.0,0.0
BOSC,12,0,0,0.0,0.0
ATRO,12,0,0,0.0,0.0
HROW,12,0,0,0.0,0.0
XHG,12,3,1,25.0,8.333333333333332
EVAX,12,1,0,8.333333333333332,0.0
CDZI,12,0,0,0.0,0.0
IRTC,12,0,0,0.0,0.0
ATHE,12,0,0,0.0,0.0
INDV,12,0,0,0.0,0.0
MVV,12,0,0,0.0,0.0
AD,12,0,0,0.0,0.0
YDKG,12,4,2,33.33333333333333,16.666666666666664
MRKR,12,1,0,8.333333333333332,0.0
ONCO,12,1,1,8.333333333333332,8.333333333333332
ORKA,12,0,0,0.0,0.0
KZIA,12,2,0,16.666666666666664,0.0
TIVC,12,1,0,8.333333333333332,0.0
RVYL,12,0,0,0.0,0.0
LGVN,12,2,2,16.666666666666664,16.666666666666664
BKTI,12,0,0,0.0,0.0
HIMS,12,0,0,0.0,0.0
MDIA,12,6,1,50.0,8.333333333333332
SKIL,12,0,0,0.0,0.0
VRCA,11,1,1,9.090909090909092,9.090909090909092
GPGI,11,0,0,0.0,0.0
HDSN,11,0,0,0.0,0.0
SDOT,11,1,0,9.090909090909092,0.0
REPL,11,0,0,0.0,0.0
COEP,11,0,0,0.0,0.0
KTTA,11,0,0,0.0,0.0
PLCE,11,1,0,9.090909090909092,0.0
EH,11,0,0,0.0,0.0
FLBR,11,0,0,0.0,0.0
ATOM,11,2,0,18.181818181818183,0.0
JYNT,11,0,0,0.0,0.0
CAAP,11,0,0,0.0,0.0
BTMD,11,0,0,0.0,0.0
RDGT,11,1,0,9.090909090909092,0.0
TVRD,11,0,0,0.0,0.0
STTK,11,1,0,9.090909090909092,0.0
HBIO,11,0,0,0.0,0.0
VSA,11,1,0,9.090909090909092,0.0
SPRO,11,0,0,0.0,0.0
RETO,11,1,0,9.090909090909092,0.0
POET,11,0,0,0.0,0.0
ATEN,11,0,0,0.0,0.0
PGY,11,1,1,9.090909090909092,9.090909090909092
PCVX,11,0,0,0.0,0.0
DCOY,11,0,0,0.0,0.0
ATLN,11,2,1,18.181818181818183,9.090909090909092
OPRX,11,0,0,0.0,0.0
ABTC,11,1,0,9.090909090909092,0.0
CCLD,11,0,0,0.0,0.0
LNAI,11,1,1,9.090909090909092,9.090909090909092
ACAD,11,0,0,0.0,0.0
ACXP,11,2,1,18.181818181818183,9.090909090909092
SRG,11,0,0,0.0,0.0
UPW,11,0,0,0.0,0.0
ANTX,11,2,1,18.181818181818183,9.090909090909092
MFI,11,2,1,18.181818181818183,9.090909090909092
ARBB,11,2,1,18.181818181818183,9.090909090909092
DNUT,11,0,0,0.0,0.0
KORE,11,0,0,0.0,0.0
STKL,11,0,0,0.0,0.0
IVVD,11,2,0,18.181818181818183,0.0
CLLS,11,0,0,0.0,0.0
FSI,11,0,0,0.0,0.0
PANL,11,0,0,0.0,0.0
FRGT,11,1,0,9.090909090909092,0.0
ACLX,11,0,0,0.0,0.0
SERA,11,1,0,9.090909090909092,0.0
MEDP,11,0,0,0.0,0.0
NVCR,11,1,0,9.090909090909092,0.0
XWIN,11,1,0,9.090909090909092,0.0
RYTM,11,1,0,9.090909090909092,0.0
XTN,11,0,0,0.0,0.0
BNED,11,0,0,0.0,0.0
GWAV,11,3,1,27.27272727272727,9.090909090909092
ICU,11,1,1,9.090909090909092,9.090909090909092
AXTI,11,0,0,0.0,0.0
HOLO,11,1,1,9.090909090909092,9.090909090909092
MKTW,11,0,0,0.0,0.0
OKYO,11,0,0,0.0,0.0
ATON,11,0,0,0.0,0.0
KPTI,11,0,0,0.0,0.0
CTLP,11,0,0,0.0,0.0
BCAB,11,1,1,9.090909090909092,9.090909090909092
RGS,11,1,0,9.090909090909092,0.0
QMCO,11,3,1,27.27272727272727,9.090909090909092
LFST,11,0,0,0.0,0.0
STI,11,1,0,9.090909090909092,0.0
GCT,11,0,0,0.0,0.0
ARDX,11,0,0,0.0,0.0
HOTH,11,2,1,18.181818181818183,9.090909090909092
DAO,11,0,0,0.0,0.0
VERA,11,1,0,9.090909090909092,0.0
RFIL,11,0,0,0.0,0.0
MCHB,11,0,0,0.0,0.0
RDW,11,0,0,0.0,0.0
FLL,11,0,0,0.0,0.0
EVEX,11,0,0,0.0,0.0
GRCE,11,0,0,0.0,0.0
VTEX,11,0,0,0.0,0.0
LYEL,11,0,0,0.0,0.0
KRUS,11,0,0,0.0,0.0
ARBE,11,1,1,9.090909090909092,9.090909090909092
IEZ,11,0,0,0.0,0.0
CING,11,0,0,0.0,0.0
TMDX,11,0,0,0.0,0.0
WAFU,11,0,0,0.0,0.0
KLRS,11,2,1,18.181818181818183,9.090909090909092
IDAI,11,1,1,9.090909090909092,9.090909090909092
RKLB,11,0,0,0.0,0.0
BQ,11,2,1,18.181818181818183,9.090909090909092
CELU,11,2,1,18.181818181818183,9.090909090909092
AIMD,11,0,0,0.0,0.0
CELH,11,0,0,0.0,0.0
AI,11,1,0,9.090909090909092,0.0
IMA,11,0,0,0.0,0.0
LVWR,11,0,0,0.0,0.0
AGPU,11,2,0,18.181818181818183,0.0
BNTC,11,0,0,0.0,0.0
GME,11,0,0,0.0,0.0
SHC,11,1,1,9.090909090909092,9.090909090909092
PTN,11,4,1,36.36363636363637,9.090909090909092
VIVS,11,0,0,0.0,0.0
MDB,11,0,0,0.0,0.0
MIGI,11,2,1,18.181818181818183,9.090909090909092
CXAI,11,1,0,9.090909090909092,0.0
ANGO,11,0,0,0.0,0.0
XLO,11,0,0,0.0,0.0
NCI,10,3,2,30.0,20.0
CYD,10,0,0,0.0,0.0
PENG,10,0,0,0.0,0.0
FWDI,10,1,0,10.0,0.0
LE,10,0,0,0.0,0.0
RIME,10,0,0,0.0,0.0
CHWY,10,0,0,0.0,0.0
NBP,10,0,0,0.0,0.0
IMPP,10,0,0,0.0,0.0
VTAK,10,0,0,0.0,0.0
CXSE,10,0,0,0.0,0.0
BBIO,10,0,0,0.0,0.0
ASNS,10,1,1,10.0,10.0
RCEL,10,0,0,0.0,0.0
WULF,10,0,0,0.0,0.0
EJH,10,0,0,0.0,0.0
AMBO,10,0,0,0.0,0.0
GOOS,10,0,0,0.0,0.0
INDP,10,0,0,0.0,0.0
WOOF,10,0,0,0.0,0.0
REBN,10,3,2,30.0,20.0
CLYM,10,2,1,20.0,10.0
POLA,10,0,0,0.0,0.0
SSP,10,1,0,10.0,0.0
JAGX,10,1,1,10.0,10.0
NUVL,10,0,0,0.0,0.0
BIVI,10,1,1,10.0,10.0
TLS,10,1,0,10.0,0.0
WALD,10,0,0,0.0,0.0
FTFT,10,2,0,20.0,0.0
TV,10,0,0,0.0,0.0
ZVRA,10,0,0,0.0,0.0
DDD,10,0,0,0.0,0.0
MIRM,10,0,0,0.0,0.0
APLM,10,1,1,10.0,10.0
QUIK,10,0,0,0.0,0.0
MGNX,10,0,0,0.0,0.0
GXAI,10,4,2,40.0,20.0
QUBT,10,0,0,0.0,0.0
EBON,10,0,0,0.0,0.0
CURV,10,0,0,0.0,0.0
SWBI,10,0,0,0.0,0.0
EKSO,10,0,0,0.0,0.0
SOPA,10,0,0,0.0,0.0
RVSN,10,3,3,30.0,30.0
TRT,10,1,0,10.0,0.0
XOMA,10,0,0,0.0,0.0
DRIO,10,0,0,0.0,0.0
IRON,10,0,0,0.0,0.0
SSSS,10,0,0,0.0,0.0
INSG,10,0,0,0.0,0.0
IPSC,10,0,0,0.0,0.0
CLFD,10,0,0,0.0,0.0
CYTK,10,0,0,0.0,0.0
HPK,10,0,0,0.0,0.0
CNSP,10,0,0,0.0,0.0
EVLV,10,0,0,0.0,0.0
CNET,10,0,0,0.0,0.0
DMAC,10,0,0,0.0,0.0
SPAI,10,1,0,10.0,0.0
SATS,10,0,0,0.0,0.0
PRQR,10,0,0,0.0,0.0
OPTX,10,1,0,10.0,0.0
OPRT,10,0,0,0.0,0.0
FLXS,10,0,0,0.0,0.0
BMR,10,1,1,10.0,10.0
TKO,10,0,0,0.0,0.0
BZFD,10,1,0,10.0,0.0
LMND,10,0,0,0.0,0.0
INSM,10,0,0,0.0,0.0
MBAI,10,1,0,10.0,0.0
RELY,10,0,0,0.0,0.0
CREX,10,0,0,0.0,0.0
ARMP,10,1,0,10.0,0.0
ARQ,10,0,0,0.0,0.0
VRA,10,0,0,0.0,0.0
CPSH,10,0,0,0.0,0.0
ASUR,10,0,0,0.0,0.0
PULM,10,1,1,10.0,10.0
LSAK,10,0,0,0.0,0.0
ERIE,10,0,0,0.0,0.0
MOVE,10,1,1,10.0,10.0
GSIW,10,1,0,10.0,0.0
TC,10,1,0,10.0,0.0
AGEN,10,0,0,0.0,0.0
BTCS,10,2,1,20.0,10.0
ILAG,10,3,0,30.0,0.0
DFNS,10,3,1,30.0,10.0
SYM,10,0,0,0.0,0.0
ZVIA,10,0,0,0.0,0.0
DOUG,10,0,0,0.0,0.0
SLN,10,0,0,0.0,0.0
FRMM,10,2,0,20.0,0.0
CLNN,10,0,0,0.0,0.0
VSEC,10,0,0,0.0,0.0
ARCT,10,0,0,0.0,0.0
BLBD,10,0,0,0.0,0.0
GSAT,10,0,0,0.0,0.0
CNEY,10,3,0,30.0,0.0
SINT,10,2,1,20.0,10.0
GWH,10,1,1,10.0,10.0
DAVE,10,0,0,0.0,0.0
INM,10,0,0,0.0,0.0
ULBI,10,0,0,0.0,0.0
ADCT,10,1,0,10.0,0.0
CLDX,10,0,0,0.0,0.0
PAYS,10,0,0,0.0,0.0
BAER,10,0,0,0.0,0.0
CADL,10,1,0,10.0,0.0
IKT,10,0,0,0.0,0.0
HSCS,10,2,1,20.0,10.0
AIIO,10,2,0,20.0,0.0
PLAG,10,0,0,0.0,0.0
SEGG,10,2,1,20.0,10.0
TATT,10,0,0,0.0,0.0
IMCC,10,2,2,20.0,20.0
GXC,10,0,0,0.0,0.0
BETR,10,2,2,20.0,20.0
LTBR,10,1,0,10.0,0.0
QVCGA,10,1,0,10.0,0.0
TPST,10,1,0,10.0,0.0
PHGE,10,3,1,30.0,10.0
OKUR,10,0,0,0.0,0.0
ACB,10,0,0,0.0,0.0
CTNM,10,0,0,0.0,0.0
AUUD,10,1,1,10.0,10.0
CPIX,10,2,0,20.0,0.0
BNR,10,0,0,0.0,0.0
MVST,10,0,0,0.0,0.0
TSQ,10,0,0,0.0,0.0
EVTL,10,2,0,20.0,0.0
GERN,10,0,0,0.0,0.0
ASLE,10,0,0,0.0,0.0
RELL,10,0,0,0.0,0.0
OSS,10,0,0,0.0,0.0
PDSB,10,1,0,10.0,0.0
IE,10,0,0,0.0,0.0
LENZ,10,0,0,0.0,0.0
TCRX,10,0,0,0.0,0.0
UGRO,10,1,1,10.0,10.0
SHOP,10,0,0,0.0,0.0
BDTX,10,0,0,0.0,0.0
PYXS,10,2,1,20.0,10.0
KRKR,10,0,0,0.0,0.0
XBP,10,1,1,10.0,10.0
GV,10,2,0,20.0,0.0
JXG,10,0,0,0.0,0.0
BHC,10,0,0,0.0,0.0
ALTS,9,0,0,0.0,0.0
AVAH,9,0,0,0.0,0.0
UBXG,9,1,1,11.11111111111111,11.11111111111111
HCI,9,0,0,0.0,0.0
YCBD,9,0,0,0.0,0.0
EEX,9,0,0,0.0,0.0
VATE,9,1,0,11.11111111111111,0.0
LEDS,9,1,1,11.11111111111111,11.11111111111111
GTEC,9,2,1,22.22222222222222,11.11111111111111
NEXA,9,0,0,0.0,0.0
AXG,9,2,1,22.22222222222222,11.11111111111111
ACRS,9,1,1,11.11111111111111,11.11111111111111
DDL,9,0,0,0.0,0.0
FOSL,9,0,0,0.0,0.0
HLLY,9,0,0,0.0,0.0
TDAY,9,0,0,0.0,0.0
SENS,9,0,0,0.0,0.0
NBTX,9,0,0,0.0,0.0
ATYR,9,0,0,0.0,0.0
PAYO,9,0,0,0.0,0.0
HUBC,9,1,0,11.11111111111111,0.0
IMNM,9,0,0,0.0,0.0
ENPH,9,0,0,0.0,0.0
GSUN,9,0,0,0.0,0.0
DARE,9,0,0,0.0,0.0
INCR,9,0,0,0.0,0.0
NAMS,9,0,0,0.0,0.0
DOCU,9,0,0,0.0,0.0
MRX,9,0,0,0.0,0.0
ACON,9,1,0,11.11111111111111,0.0
PSQH,9,1,0,11.11111111111111,0.0
LITS,9,1,1,11.11111111111111,11.11111111111111
EVC,9,0,0,0.0,0.0
WBUY,9,2,0,22.22222222222222,0.0
MYO,9,0,0,0.0,0.0
HSHP,9,0,0,0.0,0.0
REAL,9,0,0,0.0,0.0
FTAI,9,0,0,0.0,0.0
BDRX,9,1,1,11.11111111111111,11.11111111111111
MAIA,9,0,0,0.0,0.0
NVAX,9,1,0,11.11111111111111,0.0
ACMR,9,0,0,0.0,0.0
XBIO,9,1,0,11.11111111111111,0.0
INVZ,9,0,0,0.0,0.0
CAVA,9,0,0,0.0,0.0
GRPN,9,0,0,0.0,0.0
WRAP,9,1,0,11.11111111111111,0.0
KALV,9,0,0,0.0,0.0
TWI,9,0,0,0.0,0.0
VS,9,1,0,11.11111111111111,0.0
OTLK,9,0,0,0.0,0.0
SIFY,9,1,0,11.11111111111111,0.0
EVTV,9,1,0,11.11111111111111,0.0
CELZ,9,2,0,22.22222222222222,0.0
XPP,9,0,0,0.0,0.0
JFIN,9,0,0,0.0,0.0
NBY,9,4,2,44.44444444444444,22.22222222222222
PBYI,9,0,0,0.0,0.0
INNV,9,0,0,0.0,0.0
NTRP,9,3,0,33.33333333333333,0.0
EGHT,9,0,0,0.0,0.0
CCRN,9,0,0,0.0,0.0
KOD,9,0,0,0.0,0.0
SVRE,9,0,0,0.0,0.0
ANIP,9,0,0,0.0,0.0
AGYS,9,0,0,0.0,0.0
HKD,9,1,0,11.11111111111111,0.0
MI,9,0,0,0.0,0.0
WKSP,9,0,0,0.0,0.0
JVA,9,1,0,11.11111111111111,0.0
FUBO,9,0,0,0.0,0.0
PI,9,0,0,0.0,0.0
MGRX,9,0,0,0.0,0.0
DXPE,9,0,0,0.0,0.0
FTCI,9,0,0,0.0,0.0
ALTO,9,0,0,0.0,0.0
FARM,9,0,0,0.0,0.0
AQST,9,0,0,0.0,0.0
SCNI,9,0,0,0.0,0.0
TKNO,9,1,0,11.11111111111111,0.0
ISTR,9,0,0,0.0,0.0
NUVB,9,0,0,0.0,0.0
EEIQ,9,1,0,11.11111111111111,0.0
ALGS,9,0,0,0.0,0.0
FROG,9,0,0,0.0,0.0
CROX,9,0,0,0.0,0.0
REVB,9,0,0,0.0,0.0
PRPO,9,0,0,0.0,0.0
UPLD,9,1,0,11.11111111111111,0.0
ARTV,9,0,0,0.0,0.0
TROO,9,1,1,11.11111111111111,11.11111111111111
MYE,9,0,0,0.0,0.0
PIII,9,1,0,11.11111111111111,0.0
WAVE,9,1,0,11.11111111111111,0.0
SFIX,9,0,0,0.0,0.0
GTX,9,0,0,0.0,0.0
PSI,9,0,0,0.0,0.0
KRYS,9,0,0,0.0,0.0
VHC,9,0,0,0.0,0.0
ELVA,9,0,0,0.0,0.0
PTON,9,0,0,0.0,0.0
IBUY,9,0,0,0.0,0.0
IDN,9,0,0,0.0,0.0
RAIL,9,0,0,0.0,0.0
MBC,9,0,0,0.0,0.0
TISI,9,0,0,0.0,0.0
AURA,9,0,0,0.0,0.0
XRTX,9,0,0,0.0,0.0
LC,9,0,0,0.0,0.0
BOXL,9,2,1,22.22222222222222,11.11111111111111
SNGX,9,2,1,22.22222222222222,11.11111111111111
JFB,9,0,0,0.0,0.0
INSE,9,0,0,0.0,0.0
BRN,9,1,0,11.11111111111111,0.0
DRTS,9,1,0,11.11111111111111,0.0
ADEA,9,0,0,0.0,0.0
NCTY,9,0,0,0.0,0.0
DBGI,9,0,0,0.0,0.0
PAVS,9,1,0,11.11111111111111,0.0
PRTA,9,0,0,0.0,0.0
LXRX,9,0,0,0.0,0.0
BTCT,9,1,1,11.11111111111111,11.11111111111111
MRCY,9,0,0,0.0,0.0
PRSO,9,1,0,11.11111111111111,0.0
IHT,9,2,0,22.22222222222222,0.0
AUTL,9,0,0,0.0,0.0
OUST,9,1,0,11.11111111111111,0.0
SBEV,9,1,1,11.11111111111111,11.11111111111111
TVTX,9,0,0,0.0,0.0
TNXP,9,2,1,22.22222222222222,11.11111111111111
LFWD,9,0,0,0.0,0.0
CTEV,9,1,0,11.11111111111111,0.0
INTR,9,0,0,0.0,0.0
IBRX,9,2,0,22.22222222222222,0.0
VERX,9,0,0,0.0,0.0
CPHI,9,0,0,0.0,0.0
NN,9,0,0,0.0,0.0
PPIH,9,0,0,0.0,0.0
AZTA,9,0,0,0.0,0.0
BEEM,9,1,0,11.11111111111111,0.0
ONIT,9,0,0,0.0,0.0
MGIH,9,1,1,11.11111111111111,11.11111111111111
CGNT,9,0,0,0.0,0.0
FLYE,9,2,0,22.22222222222222,0.0
SEZL,9,0,0,0.0,0.0
DHX,9,0,0,0.0,0.0
ZBAI,9,1,0,11.11111111111111,0.0
LFVN,9,0,0,0.0,0.0
ASMB,9,0,0,0.0,0.0
VEON,9,0,0,0.0,0.0
CRNT,9,0,0,0.0,0.0
IZEA,9,0,0,0.0,0.0
SLAB,9,0,0,0.0,0.0
FENG,9,0,0,0.0,0.0
BIB,9,0,0,0.0,0.0
CECO,9,0,0,0.0,0.0
CVM,9,1,0,11.11111111111111,0.0
SWVL,9,2,1,22.22222222222222,11.11111111111111
CRBU,9,0,0,0.0,0.0
BOF,9,2,0,22.22222222222222,0.0
BMRC,9,0,0,0.0,0.0
DH,9,0,0,0.0,0.0
BIOA,8,0,0,0.0,0.0
EZGO,8,0,0,0.0,0.0
QH,8,1,0,12.5,0.0
PETZ,8,2,1,25.0,12.5
NXDT,8,0,0,0.0,0.0
SNT,8,0,0,0.0,0.0
CINT,8,0,0,0.0,0.0
PRLD,8,0,0,0.0,0.0
SLNH,8,0,0,0.0,0.0
LXEO,8,0,0,0.0,0.0
ADPT,8,0,0,0.0,0.0
SPPL,8,1,1,12.5,12.5
BRLT,8,0,0,0.0,0.0
CRML,8,3,2,37.5,25.0
MDAI,8,1,0,12.5,0.0
SNCY,8,0,0,0.0,0.0
XPON,8,0,0,0.0,0.0
PLRZ,8,1,1,12.5,12.5
HGTY,8,0,0,0.0,0.0
BBAI,8,1,0,12.5,0.0
ORBS,8,1,0,12.5,0.0
IINN,8,0,0,0.0,0.0
IHS,8,0,0,0.0,0.0
XTIA,8,0,0,0.0,0.0
XENE,8,0,0,0.0,0.0
ECOR,8,0,0,0.0,0.0
LOCL,8,1,1,12.5,12.5
INDI,8,0,0,0.0,0.0
IBEX,8,0,0,0.0,0.0
ELTK,8,0,0,0.0,0.0
LICN,8,0,0,0.0,0.0
CCEC,8,0,0,0.0,0.0
AMPG,8,0,0,0.0,0.0
TIGR,8,1,1,12.5,12.5
SCYX,8,0,0,0.0,0.0
OWLT,8,0,0,0.0,0.0
EZJ,8,0,0,0.0,0.0
XITK,8,0,0,0.0,0.0
PASG,8,0,0,0.0,0.0
EVGO,8,0,0,0.0,0.0
OMEX,8,0,0,0.0,0.0
PLAB,8,0,0,0.0,0.0
BURU,8,1,0,12.5,0.0
WLFC,8,0,0,0.0,0.0
CGEM,8,1,0,12.5,0.0
DAWN,8,0,0,0.0,0.0
RSI,8,0,0,0.0,0.0
STOK,8,0,0,0.0,0.0
ZETA,8,0,0,0.0,0.0
IRD,8,0,0,0.0,0.0
HSDT,8,2,1,25.0,12.5
OWL,8,0,0,0.0,0.0
APEI,8,0,0,0.0,0.0
AVAV,8,0,0,0.0,0.0
OLB,8,0,0,0.0,0.0
KALU,8,0,0,0.0,0.0
ARKO,8,0,0,0.0,0.0
ABUS,8,0,0,0.0,0.0
OSCR,8,0,0,0.0,0.0
VNCE,8,1,1,12.5,12.5
ADMA,8,0,0,0.0,0.0
VMAR,8,0,0,0.0,0.0
EXFY,8,0,0,0.0,0.0
MGNI,8,0,0,0.0,0.0
SLSN,8,0,0,0.0,0.0
OPRA,8,0,0,0.0,0.0
OBTC,8,0,0,0.0,0.0
MRM,8,0,0,0.0,0.0
MDWD,8,0,0,0.0,0.0
GDMN,8,0,0,0.0,0.0
TBI,8,0,0,0.0,0.0
IPO,8,0,0,0.0,0.0
BGM,8,1,0,12.5,0.0
GMEX,8,0,0,0.0,0.0
WIX,8,0,0,0.0,0.0
ATNM,8,0,0,0.0,0.0
UP,8,3,0,37.5,0.0
JG,8,0,0,0.0,0.0
TNON,8,1,1,12.5,12.5
SANA,8,0,0,0.0,0.0
BELFA,8,0,0,0.0,0.0
RCAT,8,2,0,25.0,0.0
CLMT,8,0,0,0.0,0.0
ORLA,8,0,0,0.0,0.0
LVLU,8,1,1,12.5,12.5
CNM,8,0,0,0.0,0.0
BMBL,8,0,0,0.0,0.0
TRIP,8,0,0,0.0,0.0
TE,8,0,0,0.0,0.0
ALBT,8,1,0,12.5,0.0
CTKB,8,0,0,0.0,0.0
MAAS,8,1,1,12.5,12.5
OCG,8,3,1,37.5,12.5
GP,8,0,0,0.0,0.0
VTVT,8,1,0,12.5,0.0
BDRY,8,0,0,0.0,0.0
MEC,8,0,0,0.0,0.0
SXTP,8,2,0,25.0,0.0
TTT,8,0,0,0.0,0.0
IMNN,8,2,1,25.0,12.5
ASTH,8,0,0,0.0,0.0
CFBK,8,0,0,0.0,0.0
OST,8,0,0,0.0,0.0
MASS,8,1,0,12.5,0.0
PBT,8,0,0,0.0,0.0
SNTI,8,2,1,25.0,12.5
URE,8,0,0,0.0,0.0
AMC,8,1,1,12.5,12.5
GALT,8,1,0,12.5,0.0
PYZ,8,0,0,0.0,0.0
SLGL,8,0,0,0.0,0.0
GLMD,8,1,1,12.5,12.5
IMUX,8,1,0,12.5,0.0
TLN,8,0,0,0.0,0.0
DCTH,8,0,0,0.0,0.0
AREB,8,0,0,0.0,0.0
SRFM,8,1,0,12.5,0.0
ECNS,8,0,0,0.0,0.0
ASPS,8,0,0,0.0,0.0
MIST,8,0,0,0.0,0.0
MOMO,8,0,0,0.0,0.0
BTAI,8,1,1,12.5,12.5
CHCI,8,0,0,0.0,0.0
DOYU,8,0,0,0.0,0.0
PETS,8,0,0,0.0,0.0
ALZN,8,0,0,0.0,0.0
STGW,8,0,0,0.0,0.0
MDXH,8,0,0,0.0,0.0
RDWR,8,0,0,0.0,0.0
MNTK,8,0,0,0.0,0.0
KOPN,8,0,0,0.0,0.0
SE,8,0,0,0.0,0.0
GTLB,8,0,0,0.0,0.0
MBI,8,0,0,0.0,0.0
ODC,8,0,0,0.0,0.0
PMTS,8,0,0,0.0,0.0
IFBD,8,1,1,12.5,12.5
SOC,8,0,0,0.0,0.0
EDBL,8,0,0,0.0,0.0
KLTR,8,0,0,0.0,0.0
SMCI,8,0,0,0.0,0.0
ENTX,8,2,1,25.0,12.5
EFOI,8,3,1,37.5,12.5
SPOT,8,0,0,0.0,0.0
YHGJ,8,0,0,0.0,0.0
LZM,8,1,0,12.5,0.0
AVNW,8,0,0,0.0,0.0
WATT,8,0,0,0.0,0.0
REPX,8,0,0,0.0,0.0
ADAG,8,0,0,0.0,0.0
FUFU,8,0,0,0.0,0.0
SNOW,8,0,0,0.0,0.0
AMRX,8,0,0,0.0,0.0
KODK,8,0,0,0.0,0.0
SES,8,0,0,0.0,0.0
HWH,8,3,2,37.5,25.0
SKYE,8,1,0,12.5,0.0
DELL,8,0,0,0.0,0.0
DTIL,8,0,0,0.0,0.0
RVMD,8,0,0,0.0,0.0
ARBK,8,2,1,25.0,12.5
JYD,8,2,1,25.0,12.5
IRWD,8,0,0,0.0,0.0
BLFS,8,0,0,0.0,0.0
ZJYL,8,1,0,12.5,0.0
ABTS,8,1,0,12.5,0.0
NRSN,8,2,0,25.0,0.0
OSPN,8,0,0,0.0,0.0
ARLO,8,0,0,0.0,0.0
AGMH,8,0,0,0.0,0.0
GOEX,8,0,0,0.0,0.0
YRD,8,1,0,12.5,0.0
STEP,8,0,0,0.0,0.0
VIR,8,0,0,0.0,0.0
BGI,8,0,0,0.0,0.0
DCH,8,0,0,0.0,0.0
ACHV,8,0,0,0.0,0.0
ANAB,8,0,0,0.0,0.0
HUMA,8,0,0,0.0,0.0
UDMY,8,0,0,0.0,0.0
CYH,8,0,0,0.0,0.0
AORT,8,0,0,0.0,0.0
GETY,8,1,0,12.5,0.0
COYA,8,0,0,0.0,0.0
CBIO,8,1,1,12.5,12.5
EDN,8,0,0,0.0,0.0
SBET,8,2,1,25.0,12.5
MP,8,0,0,0.0,0.0
ABVX,8,0,0,0.0,0.0
IDYA,8,0,0,0.0,0.0
SBFM,8,0,0,0.0,0.0
SGA,7,0,0,0.0,0.0
HELP,7,0,0,0.0,0.0
ATPC,7,0,0,0.0,0.0
TPL,7,0,0,0.0,0.0
TIPT,7,0,0,0.0,0.0
MSC,7,1,0,14.285714285714285,0.0
PACS,7,1,0,14.285714285714285,0.0
UNFI,7,0,0,0.0,0.0
AIXC,7,2,1,28.57142857142857,14.285714285714285
PCT,7,0,0,0.0,0.0
DLLL,7,0,0,0.0,0.0
DDOG,7,0,0,0.0,0.0
DRS,7,0,0,0.0,0.0
CVGI,7,1,0,14.285714285714285,0.0
NRDY,7,0,0,0.0,0.0
PSHG,7,0,0,0.0,0.0
TROX,7,0,0,0.0,0.0
GGRP,7,3,0,42.857142857142854,0.0
SNDA,7,0,0,0.0,0.0
SFWL,7,1,1,14.285714285714285,14.285714285714285
GRBK,7,0,0,0.0,0.0
ELBM,7,1,1,14.285714285714285,14.285714285714285
BSET,7,0,0,0.0,0.0
PTHS,7,2,2,28.57142857142857,28.57142857142857
MEGL,7,0,0,0.0,0.0
CRMT,7,0,0,0.0,0.0
TWIN,7,0,0,0.0,0.0
FENC,7,0,0,0.0,0.0
SEER,7,0,0,0.0,0.0
UNCY,7,1,0,14.285714285714285,0.0
PNBK,7,1,0,14.285714285714285,0.0
HEPS,7,0,0,0.0,0.0
EOLS,7,0,0,0.0,0.0
SUIG,7,0,0,0.0,0.0
FFAI,7,1,1,14.285714285714285,14.285714285714285
PESI,7,0,0,0.0,0.0
AMPY,7,0,0,0.0,0.0
TUYA,7,0,0,0.0,0.0
STKH,7,1,0,14.285714285714285,0.0
CEE,7,0,0,0.0,0.0
ARGT,7,0,0,0.0,0.0
PANW,7,0,0,0.0,0.0
NYXH,7,1,0,14.285714285714285,0.0
RJET,7,0,0,0.0,0.0
ONON,7,0,0,0.0,0.0
TORO,7,0,0,0.0,0.0
WKHS,7,1,1,14.285714285714285,14.285714285714285
IOT,7,0,0,0.0,0.0
ADXN,7,1,0,14.285714285714285,0.0
DKS,7,0,0,0.0,0.0
TIGO,7,0,0,0.0,0.0
FGI,7,0,0,0.0,0.0
UXIN,7,1,1,14.285714285714285,14.285714285714285
ERAS,7,1,0,14.285714285714285,0.0
KPLT,7,0,0,0.0,0.0
PPBT,7,0,0,0.0,0.0
TOPS,7,1,0,14.285714285714285,0.0
GROV,7,0,0,0.0,0.0
EGAN,7,0,0,0.0,0.0
ATLX,7,1,1,14.285714285714285,14.285714285714285
MSEX,7,0,0,0.0,0.0
IOVA,7,0,0,0.0,0.0
CXDO,7,0,0,0.0,0.0
FAMI,7,1,0,14.285714285714285,0.0
UONEK,7,0,0,0.0,0.0
BTM,7,2,1,28.57142857142857,14.285714285714285
GEVO,7,0,0,0.0,0.0
MLI,7,0,0,0.0,0.0
PSNY,7,0,0,0.0,0.0
UXI,7,0,0,0.0,0.0
OPAL,7,0,0,0.0,0.0
AIHS,7,2,0,28.57142857142857,0.0
DYAI,7,0,0,0.0,0.0
ROIV,7,1,0,14.285714285714285,0.0
UHG,7,1,0,14.285714285714285,0.0
CIEN,7,0,0,0.0,0.0
CBUS,7,0,0,0.0,0.0
ARTL,7,1,1,14.285714285714285,14.285714285714285
ATER,7,0,0,0.0,0.0
SOPH,7,1,0,14.285714285714285,0.0
MCB,7,0,0,0.0,0.0
BYFC,7,0,0,0.0,0.0
LUCK,7,0,0,0.0,0.0
HNST,7,0,0,0.0,0.0
ATOS,7,0,0,0.0,0.0
PUBM,7,0,0,0.0,0.0
WD,7,0,0,0.0,0.0
XTLB,7,2,1,28.57142857142857,14.285714285714285
GAMB,7,0,0,0.0,0.0
JDZG,7,2,1,28.57142857142857,14.285714285714285
QUCY,7,0,0,0.0,0.0
GDYN,7,0,0,0.0,0.0
RSSS,7,0,0,0.0,0.0
ONLN,7,0,0,0.0,0.0
SBDS,7,0,0,0.0,0.0
OPAD,7,3,0,42.857142857142854,0.0
ELF,7,0,0,0.0,0.0
BKSY,7,1,0,14.285714285714285,0.0
PROF,7,0,0,0.0,0.0
AMWL,7,0,0,0.0,0.0
USGO,7,1,0,14.285714285714285,0.0
RAPP,7,0,0,0.0,0.0
SUPX,7,1,0,14.285714285714285,0.0
ASRT,7,0,0,0.0,0.0
SPNT,7,0,0,0.0,0.0
FET,7,0,0,0.0,0.0
FBYD,7,0,0,0.0,0.0
MTRX,7,0,0,0.0,0.0
RCUS,7,0,0,0.0,0.0
MNDY,7,0,0,0.0,0.0
YOU,7,0,0,0.0,0.0
WEAV,7,0,0,0.0,0.0
PRCT,7,0,0,0.0,0.0
VIRC,7,0,0,0.0,0.0
LIVE,7,1,1,14.285714285714285,14.285714285714285
FTLF,7,0,0,0.0,0.0
IONR,7,0,0,0.0,0.0
CERT,7,0,0,0.0,0.0
GANX,7,0,0,0.0,0.0
QNST,7,0,0,0.0,0.0
AAOI,7,1,0,14.285714285714285,0.0
SND,7,0,0,0.0,0.0
UONE,7,1,0,14.285714285714285,0.0
WTTR,7,0,0,0.0,0.0
TASK,7,0,0,0.0,0.0
NXXT,7,0,0,0.0,0.0
RXD,7,0,0,0.0,0.0
HRTG,7,0,0,0.0,0.0
GNS,7,2,1,28.57142857142857,14.285714285714285
SKYW,7,0,0,0.0,0.0
WHG,7,0,0,0.0,0.0
SJ,7,0,0,0.0,0.0
KURE,7,0,0,0.0,0.0
BGMS,7,1,0,14.285714285714285,0.0
VISN,7,0,0,0.0,0.0
NKE,7,0,0,0.0,0.0
CPSS,7,0,0,0.0,0.0
LAB,7,0,0,0.0,0.0
PMN,7,0,0,0.0,0.0
SKWD,7,0,0,0.0,0.0
MGNR,7,0,0,0.0,0.0
DRMA,7,0,0,0.0,0.0
RGC,7,3,3,42.857142857142854,42.857142857142854
VRAX,7,1,0,14.285714285714285,0.0
CMMB,7,1,1,14.285714285714285,14.285714285714285
PYPD,7,1,0,14.285714285714285,0.0
ARAY,7,0,0,0.0,0.0
MTEX,7,0,0,0.0,0.0
LEXX,7,0,0,0.0,0.0
OOMA,7,0,0,0.0,0.0
INFU,7,0,0,0.0,0.0
ETON,7,0,0,0.0,0.0
LMNR,7,0,0,0.0,0.0
SPCE,7,0,0,0.0,0.0
IAI,7,0,0,0.0,0.0
GLBS,7,0,0,0.0,0.0
CEPU,7,0,0,0.0,0.0
VAL,7,0,0,0.0,0.0
BUR,7,0,0,0.0,0.0
INO,7,0,0,0.0,0.0
SHFS,7,1,0,14.285714285714285,0.0
DNOW,7,0,0,0.0,0.0
ACTG,7,0,0,0.0,0.0
PMAX,7,1,1,14.285714285714285,14.285714285714285
SPRU,7,1,0,14.285714285714285,0.0
ZENA,7,2,0,28.57142857142857,0.0
AIOS,7,2,1,28.57142857142857,14.285714285714285
HWKN,7,0,0,0.0,0.0
AIRI,7,0,0,0.0,0.0
TKLF,7,1,1,14.285714285714285,14.285714285714285
BCDA,7,0,0,0.0,0.0
ESPR,7,0,0,0.0,0.0
LTRX,7,0,0,0.0,0.0
DRD,7,0,0,0.0,0.0
NTNX,7,0,0,0.0,0.0
PATK,7,0,0,0.0,0.0
RANI,7,1,0,14.285714285714285,0.0
UCC,7,0,0,0.0,0.0
FSLY,7,0,0,0.0,0.0
BHVN,7,0,0,0.0,0.0
FNGR,7,2,1,28.57142857142857,14.285714285714285
ENVX,7,0,0,0.0,0.0
SOTK,7,0,0,0.0,0.0
CMPR,7,0,0,0.0,0.0
ATLC,7,0,0,0.0,0.0
PECO,7,0,0,0.0,0.0
CALC,7,0,0,0.0,0.0
HNRG,7,0,0,0.0,0.0
LOVE,7,0,0,0.0,0.0
NEWT,7,0,0,0.0,0.0
LGND,7,0,0,0.0,0.0
ABVC,7,0,0,0.0,0.0
ADTN,7,0,0,0.0,0.0
OPTU,7,0,0,0.0,0.0
CMP,7,0,0,0.0,0.0
FRST,7,0,0,0.0,0.0
GURE,7,0,0,0.0,0.0
MLKN,7,0,0,0.0,0.0
LPSN,7,0,0,0.0,0.0
NEXN,7,0,0,0.0,0.0
HOFT,7,0,0,0.0,0.0
AIOT,7,0,0,0.0,0.0
HRMY,7,0,0,0.0,0.0
OSUR,7,0,0,0.0,0.0
AKAN,7,2,1,28.57142857142857,14.285714285714285
QVCC,7,0,0,0.0,0.0
PDLB,7,0,0,0.0,0.0
AGRO,7,0,0,0.0,0.0
TSAT,7,0,0,0.0,0.0
ADSE,7,1,0,14.285714285714285,0.0
CTRM,7,0,0,0.0,0.0
AMZE,7,0,0,0.0,0.0
SPH,7,0,0,0.0,0.0
GGR,7,0,0,0.0,0.0
AIRG,7,0,0,0.0,0.0
ONL,7,0,0,0.0,0.0
BYRN,7,0,0,0.0,0.0
AYTU,7,0,0,0.0,0.0
ESLT,7,0,0,0.0,0.0
NUWE,7,0,0,0.0,0.0
SOHU,7,0,0,0.0,0.0
NXDR,7,0,0,0.0,0.0
VYNE,7,1,0,14.285714285714285,0.0
FBRX,7,2,0,28.57142857142857,0.0
BTU,7,0,0,0.0,0.0
MAXN,7,0,0,0.0,0.0
CGEN,7,0,0,0.0,0.0
EMPD,6,1,0,16.666666666666664,0.0
FIX,6,0,0,0.0,0.0
IDR,6,0,0,0.0,0.0
LSCC,6,0,0,0.0,0.0
KLXE,6,1,0,16.666666666666664,0.0
VVX,6,0,0,0.0,0.0
ZNTL,6,1,0,16.666666666666664,0.0
AXON,6,0,0,0.0,0.0
VICR,6,0,0,0.0,0.0
TEVA,6,0,0,0.0,0.0
VSTD,6,2,0,33.33333333333333,0.0
BON,6,0,0,0.0,0.0
LFMD,6,0,0,0.0,0.0
OPHC,6,0,0,0.0,0.0
BWMX,6,0,0,0.0,0.0
LNTH,6,0,0,0.0,0.0
ARKR,6,0,0,0.0,0.0
RCKT,6,0,0,0.0,0.0
TSBK,6,0,0,0.0,0.0
TPH,6,0,0,0.0,0.0
QS,6,0,0,0.0,0.0
ARQT,6,0,0,0.0,0.0
MIR,6,0,0,0.0,0.0
PKST,6,0,0,0.0,0.0
KFS,6,0,0,0.0,0.0
TOYO,6,0,0,0.0,0.0
EOSE,6,1,0,16.666666666666664,0.0
MMLP,6,0,0,0.0,0.0
BATT,6,0,0,0.0,0.0
FF,6,0,0,0.0,0.0
VRT,6,0,0,0.0,0.0
PPC,6,0,0,0.0,0.0
KSTR,6,0,0,0.0,0.0
GBR,6,1,0,16.666666666666664,0.0
AMCX,6,0,0,0.0,0.0
RXO,6,0,0,0.0,0.0
AVIR,6,0,0,0.0,0.0
CNRG,6,0,0,0.0,0.0
CSPI,6,0,0,0.0,0.0
ELMD,6,0,0,0.0,0.0
RXRX,6,0,0,0.0,0.0
EWP,6,0,0,0.0,0.0
CPOP,6,1,1,16.666666666666664,16.666666666666664
FORM,6,0,0,0.0,0.0
ARTW,6,1,0,16.666666666666664,0.0
NIKL,6,0,0,0.0,0.0
IQST,6,0,0,0.0,0.0
GEO,6,0,0,0.0,0.0
SPWH,6,1,0,16.666666666666664,0.0
GTM,6,0,0,0.0,0.0
HTZ,6,0,0,0.0,0.0
DSP,6,0,0,0.0,0.0
MPTI,6,0,0,0.0,0.0
SRAD,6,0,0,0.0,0.0
AROW,6,0,0,0.0,0.0
NDRA,6,0,0,0.0,0.0
BKCH,6,0,0,0.0,0.0
BLZE,6,0,0,0.0,0.0
CLOV,6,1,1,16.666666666666664,16.666666666666664
BORR,6,1,0,16.666666666666664,0.0
JMIA,6,0,0,0.0,0.0
GILT,6,0,0,0.0,0.0
EQ,6,1,0,16.666666666666664,0.0
UNL,6,0,0,0.0,0.0
NXL,6,1,0,16.666666666666664,0.0
KELYA,6,0,0,0.0,0.0
UCL,6,1,1,16.666666666666664,16.666666666666664
MOB,6,0,0,0.0,0.0
CRC,6,0,0,0.0,0.0
SPB,6,0,0,0.0,0.0
LOCO,6,0,0,0.0,0.0
FBNC,6,0,0,0.0,0.0
HRTX,6,0,0,0.0,0.0
CART,6,0,0,0.0,0.0
IIIN,6,0,0,0.0,0.0
DAPP,6,0,0,0.0,0.0
AMBP,6,0,0,0.0,0.0
BYND,6,0,0,0.0,0.0
OFIX,6,0,0,0.0,0.0
ATXG,6,0,0,0.0,0.0
TELA,6,0,0,0.0,0.0
LINC,6,0,0,0.0,0.0
CVU,6,0,0,0.0,0.0
CHGG,6,0,0,0.0,0.0
HYPD,6,1,1,16.666666666666664,16.666666666666664
SKLZ,6,0,0,0.0,0.0
GAME,6,1,0,16.666666666666664,0.0
SRL,6,0,0,0.0,0.0
EDAP,6,0,0,0.0,0.0
GWRE,6,0,0,0.0,0.0
CENN,6,0,0,0.0,0.0
FLEX,6,0,0,0.0,0.0
PAVM,6,0,0,0.0,0.0
ASTC,6,0,0,0.0,0.0
OABI,6,0,0,0.0,0.0
PFIS,6,0,0,0.0,0.0
SGDJ,6,0,0,0.0,0.0
IVA,6,0,0,0.0,0.0
SMX,6,1,1,16.666666666666664,16.666666666666664
LAES,6,2,0,33.33333333333333,0.0
XYZ,6,0,0,0.0,0.0
ENLV,6,0,0,0.0,0.0
FNGS,6,0,0,0.0,0.0
BAI,6,0,0,0.0,0.0
IPHA,6,1,0,16.666666666666664,0.0
LKFN,6,0,0,0.0,0.0
MCH,6,0,0,0.0,0.0
LNKB,6,0,0,0.0,0.0
RENX,6,0,0,0.0,0.0
MXI,6,0,0,0.0,0.0
MRT,6,0,0,0.0,0.0
AHCO,6,0,0,0.0,0.0
SRPT,6,0,0,0.0,0.0
BIOX,6,0,0,0.0,0.0
IXC,6,0,0,0.0,0.0
SSTI,6,0,0,0.0,0.0
EWV,6,0,0,0.0,0.0
ALMS,6,1,0,16.666666666666664,0.0
XBIT,6,0,0,0.0,0.0
FLMX,6,0,0,0.0,0.0
YHC,6,1,0,16.666666666666664,0.0
BITW,6,0,0,0.0,0.0
WHLRD,6,0,0,0.0,0.0
SEVN,6,0,0,0.0,0.0
SGML,6,1,0,16.666666666666664,0.0
INBK,6,0,0,0.0,0.0
ENGS,6,0,0,0.0,0.0
UYG,6,0,0,0.0,0.0
SOXQ,6,0,0,0.0,0.0
GTBP,6,0,0,0.0,0.0
ULCC,6,0,0,0.0,0.0
TRIB,6,0,0,0.0,0.0
GOCO,6,0,0,0.0,0.0
FNGG,6,0,0,0.0,0.0
OPCH,6,0,0,0.0,0.0
RDNW,6,0,0,0.0,0.0
CHIQ,6,0,0,0.0,0.0
ANGI,6,0,0,0.0,0.0
TLRY,6,1,0,16.666666666666664,0.0
FRHC,6,0,0,0.0,0.0
TITN,6,0,0,0.0,0.0
PRTH,6,0,0,0.0,0.0
ABCL,6,0,0,0.0,0.0
XMMO,6,0,0,0.0,0.0
NAKA,6,2,1,33.33333333333333,16.666666666666664
TEO,6,0,0,0.0,0.0
GNOM,6,0,0,0.0,0.0
IBG,6,1,0,16.666666666666664,0.0
ALRS,6,0,0,0.0,0.0
BRAG,6,0,0,0.0,0.0
MIRA,6,0,0,0.0,0.0
GFF,6,0,0,0.0,0.0
REE,6,0,0,0.0,0.0
BUUU,6,1,0,16.666666666666664,0.0
GMED,6,0,0,0.0,0.0
AEVA,6,0,0,0.0,0.0
MOLN,6,1,0,16.666666666666664,0.0
LCID,6,0,0,0.0,0.0
STKS,6,0,0,0.0,0.0
NXTC,6,1,0,16.666666666666664,0.0
SITM,6,0,0,0.0,0.0
HLF,6,0,0,0.0,0.0
INTS,6,1,0,16.666666666666664,0.0
ASPN,6,0,0,0.0,0.0
VREX,6,0,0,0.0,0.0
GASS,6,0,0,0.0,0.0
CVNY,6,0,0,0.0,0.0
CAAS,6,0,0,0.0,0.0
SDST,6,0,0,0.0,0.0
GNLX,6,1,0,16.666666666666664,0.0
SIEB,6,0,0,0.0,0.0
LINK,6,0,0,0.0,0.0
ZBIO,6,0,0,0.0,0.0
TVGN,6,1,1,16.666666666666664,16.666666666666664
CWCO,6,0,0,0.0,0.0
BNRG,6,1,1,16.666666666666664,16.666666666666664
STEM,6,1,1,16.666666666666664,16.666666666666664
SNES,6,1,0,16.666666666666664,0.0
COUR,6,0,0,0.0,0.0
LULU,6,0,0,0.0,0.0
CRCT,6,0,0,0.0,0.0
FORA,6,1,0,16.666666666666664,0.0
GXO,6,0,0,0.0,0.0
PXE,6,0,0,0.0,0.0
LXU,6,0,0,0.0,0.0
IRS,6,0,0,0.0,0.0
PLTR,6,0,0,0.0,0.0
PAY,6,0,0,0.0,0.0
UK,6,1,0,16.666666666666664,0.0
NVX,6,1,0,16.666666666666664,0.0
CPRI,6,0,0,0.0,0.0
NEOG,6,0,0,0.0,0.0
TOP,6,1,1,16.666666666666664,16.666666666666664
PAMT,6,0,0,0.0,0.0
DBE,6,0,0,0.0,0.0
XMTR,6,0,0,0.0,0.0
IPST,6,0,0,0.0,0.0
CTXR,6,0,0,0.0,0.0
EVCM,6,0,0,0.0,0.0
IRMD,6,0,0,0.0,0.0
PGJ,6,0,0,0.0,0.0
BKYI,6,0,0,0.0,0.0
EWCZ,6,0,0,0.0,0.0
IMRN,6,0,0,0.0,0.0
XNTK,6,0,0,0.0,0.0
ZEO,6,0,0,0.0,0.0
FCA,6,0,0,0.0,0.0
NVTS,6,1,0,16.666666666666664,0.0
MDXG,6,0,0,0.0,0.0
DGXX,6,0,0,0.0,0.0
POWL,6,0,0,0.0,0.0
CARG,6,0,0,0.0,0.0
XTL,6,0,0,0.0,0.0
TPET,6,1,0,16.666666666666664,0.0
TMC,6,1,0,16.666666666666664,0.0
UAVS,6,2,0,33.33333333333333,0.0
RILYG,6,0,0,0.0,0.0
EMBC,6,0,0,0.0,0.0
LQDT,6,0,0,0.0,0.0
ALAI,6,0,0,0.0,0.0
ROKU,6,0,0,0.0,0.0
AENT,6,0,0,0.0,0.0
MRVI,6,0,0,0.0,0.0
WYY,6,0,0,0.0,0.0
M,6,0,0,0.0,0.0
SNOY,6,0,0,0.0,0.0
NCNO,6,0,0,0.0,0.0
TYGO,6,1,1,16.666666666666664,16.666666666666664
ALTG,6,0,0,0.0,0.0
BIIB,6,0,0,0.0,0.0
BTDR,6,1,0,16.666666666666664,0.0
WRLD,6,0,0,0.0,0.0
CQP,6,0,0,0.0,0.0
AARD,6,0,0,0.0,0.0
GPUS,6,2,1,33.33333333333333,16.666666666666664
ELAN,6,0,0,0.0,0.0
COPX,6,0,0,0.0,0.0
BODI,6,0,0,0.0,0.0
PBM,6,1,0,16.666666666666664,0.0
NCL,6,2,0,33.33333333333333,0.0
REX,6,0,0,0.0,0.0
ZEPP,6,2,1,33.33333333333333,16.666666666666664
ZWS,6,0,0,0.0,0.0
AIFU,6,1,0,16.666666666666664,0.0
ZH,6,0,0,0.0,0.0
GITS,6,1,1,16.666666666666664,16.666666666666664
DGP,6,0,0,0.0,0.0
ELPW,6,3,1,50.0,16.666666666666664
EVI,6,0,0,0.0,0.0
SLVM,6,0,0,0.0,0.0
FCEL,6,0,0,0.0,0.0
JOBY,6,0,0,0.0,0.0
INTA,6,0,0,0.0,0.0
ROMA,6,3,2,50.0,33.33333333333333
EPM,6,0,0,0.0,0.0
CORT,6,0,0,0.0,0.0
MAC,6,0,0,0.0,0.0
FUN,6,0,0,0.0,0.0
AIA,6,0,0,0.0,0.0
RNXT,6,0,0,0.0,0.0
XOS,6,0,0,0.0,0.0
DHCNI,6,0,0,0.0,0.0
SRI,6,0,0,0.0,0.0
RADX,6,0,0,0.0,0.0
VELO,6,1,0,16.666666666666664,0.0
TBHC,6,0,0,0.0,0.0
SGRY,6,0,0,0.0,0.0
NSPR,6,0,0,0.0,0.0
WFRD,6,0,0,0.0,0.0
STRL,6,0,0,0.0,0.0
ARL,6,1,0,16.666666666666664,0.0
CIA,6,0,0,0.0,0.0
GDHG,6,2,2,33.33333333333333,33.33333333333333
RILYT,6,0,0,0.0,0.0
FMNB,6,0,0,0.0,0.0
AVAL,6,0,0,0.0,0.0
ALNY,6,0,0,0.0,0.0
BCYC,6,0,0,0.0,0.0
TCI,6,0,0,0.0,0.0
ESQ,6,0,0,0.0,0.0
FVCB,6,0,0,0.0,0.0
BNTX,6,0,0,0.0,0.0
NTIC,6,0,0,0.0,0.0
GSHD,6,0,0,0.0,0.0
TRVG,6,0,0,0.0,0.0
SQFT,6,0,0,0.0,0.0
MSOS,6,0,0,0.0,0.0
UNF,5,0,0,0.0,0.0
AAPU,5,0,0,0.0,0.0
MNSB,5,0,0,0.0,0.0
LUD,5,1,1,20.0,20.0
GAP,5,0,0,0.0,0.0
SLP,5,0,0,0.0,0.0
SILC,5,0,0,0.0,0.0
DXYZ,5,1,1,20.0,20.0
TGT,5,0,0,0.0,0.0
HTBK,5,0,0,0.0,0.0
CVGW,5,0,0,0.0,0.0
BH-A,5,0,0,0.0,0.0
LU,5,0,0,0.0,0.0
SCC,5,0,0,0.0,0.0
KOLD,5,0,0,0.0,0.0
EHAB,5,0,0,0.0,0.0
PSN,5,0,0,0.0,0.0
PRPL,5,0,0,0.0,0.0
SGLY,5,0,0,0.0,0.0
TURB,5,2,2,40.0,40.0
BNGO,5,0,0,0.0,0.0
NAMM,5,1,1,20.0,20.0
OVID,5,0,0,0.0,0.0
KBWY,5,0,0,0.0,0.0
ANDE,5,0,0,0.0,0.0
IPW,5,1,1,20.0,20.0
GDEN,5,0,0,0.0,0.0
EDHL,5,0,0,0.0,0.0
TRTX,5,0,0,0.0,0.0
FOA,5,0,0,0.0,0.0
SSM,5,1,0,20.0,0.0
LAC,5,0,0,0.0,0.0
FLUX,5,0,0,0.0,0.0
BBGI,5,0,0,0.0,0.0
CWEN,5,0,0,0.0,0.0
QTRX,5,0,0,0.0,0.0
LX,5,0,0,0.0,0.0
MX,5,0,0,0.0,0.0
CNTX,5,0,0,0.0,0.0
MODD,5,0,0,0.0,0.0
TMCI,5,0,0,0.0,0.0
LOMA,5,0,0,0.0,0.0
NAVI,5,0,0,0.0,0.0
BDL,5,0,0,0.0,0.0
CCO,5,0,0,0.0,0.0
NFBK,5,0,0,0.0,0.0
GREK,5,0,0,0.0,0.0
FBIOP,5,0,0,0.0,0.0
UCAR,5,0,0,0.0,0.0
VCR,5,0,0,0.0,0.0
TESL,5,0,0,0.0,0.0
SCKT,5,0,0,0.0,0.0
QRHC,5,0,0,0.0,0.0
SHAK,5,0,0,0.0,0.0
MRVL,5,0,0,0.0,0.0
BNC,5,0,0,0.0,0.0
GEG,5,0,0,0.0,0.0
PGEN,5,0,0,0.0,0.0
MCRP,5,0,0,0.0,0.0
RMSG,5,0,0,0.0,0.0
UPB,5,0,0,0.0,0.0
BTBT,5,0,0,0.0,0.0
MATX,5,0,0,0.0,0.0
FXN,5,0,0,0.0,0.0
HTT,5,0,0,0.0,0.0
MNKD,5,0,0,0.0,0.0
CNTB,5,0,0,0.0,0.0
RXL,5,0,0,0.0,0.0
EINC,5,0,0,0.0,0.0
LEG,5,0,0,0.0,0.0
MEG,5,0,0,0.0,0.0
WEED,5,0,0,0.0,0.0
PTF,5,0,0,0.0,0.0
ORIO,5,0,0,0.0,0.0
RDNT,5,0,0,0.0,0.0
RITR,5,0,0,0.0,0.0
IMCR,5,0,0,0.0,0.0
SBIO,5,0,0,0.0,0.0
ZG,5,0,0,0.0,0.0
SLE,5,0,0,0.0,0.0
EVH,5,0,0,0.0,0.0
FLTW,5,0,0,0.0,0.0
TREE,5,0,0,0.0,0.0
NTWK,5,0,0,0.0,0.0
AFRM,5,0,0,0.0,0.0
AAMI,5,0,0,0.0,0.0
OVLY,5,0,0,0.0,0.0
NRIX,5,0,0,0.0,0.0
FRD,5,0,0,0.0,0.0
NBN,5,0,0,0.0,0.0
HIMX,5,0,0,0.0,0.0
NCSM,5,0,0,0.0,0.0
TAOP,5,0,0,0.0,0.0
FRSX,5,1,1,20.0,20.0
SGHC,5,0,0,0.0,0.0
IYC,5,0,0,0.0,0.0
WBTN,5,0,0,0.0,0.0
AMR,5,0,0,0.0,0.0
RBBN,5,0,0,0.0,0.0
SCSC,5,0,0,0.0,0.0
DASH,5,0,0,0.0,0.0
LCUT,5,0,0,0.0,0.0
UZE,5,0,0,0.0,0.0
BIRD,5,0,0,0.0,0.0
LENS,5,0,0,0.0,0.0
ENVA,5,0,0,0.0,0.0
MYND,5,1,0,20.0,0.0
TEN,5,0,0,0.0,0.0
PSP,5,0,0,0.0,0.0
NUTX,5,1,0,20.0,0.0
AEI,5,0,0,0.0,0.0
BCRX,5,0,0,0.0,0.0
ARES,5,0,0,0.0,0.0
DIBS,5,0,0,0.0,0.0
BBBY,5,0,0,0.0,0.0
CMG,5,0,0,0.0,0.0
LGCB,5,0,0,0.0,0.0
BRBS,5,0,0,0.0,0.0
YJ,5,0,0,0.0,0.0
PERI,5,0,0,0.0,0.0
GRNT,5,0,0,0.0,0.0
JTAI,5,2,1,40.0,20.0
MGRT,5,1,1,20.0,20.0
ONEG,5,2,2,40.0,40.0
AREN,5,1,0,20.0,0.0
NYC,5,0,0,0.0,0.0
PROP,5,0,0,0.0,0.0
RYZ,5,0,0,0.0,0.0
CVEO,5,0,0,0.0,0.0
ADT,5,0,0,0.0,0.0
TELO,5,0,0,0.0,0.0
KRT,5,0,0,0.0,0.0
GOSS,5,0,0,0.0,0.0
INTT,5,0,0,0.0,0.0
CRS,5,0,0,0.0,0.0
CBNK,5,0,0,0.0,0.0
MGX,5,0,0,0.0,0.0
REAX,5,0,0,0.0,0.0
RPID,5,0,0,0.0,0.0
APPF,5,0,0,0.0,0.0
DJCO,5,0,0,0.0,0.0
EMET,5,0,0,0.0,0.0
NECB,5,0,0,0.0,0.0
WILC,5,0,0,0.0,0.0
MWG,5,1,0,20.0,0.0
BGSF,5,0,0,0.0,0.0
ASC,5,0,0,0.0,0.0
NRP,5,0,0,0.0,0.0
AIRJ,5,0,0,0.0,0.0
TG,5,0,0,0.0,0.0
SLNHP,5,1,0,20.0,0.0
FNGO,5,0,0,0.0,0.0
FXP,5,0,0,0.0,0.0
MSB,5,0,0,0.0,0.0
GEOS,5,1,1,20.0,20.0
SPUU,5,0,0,0.0,0.0
USIO,5,0,0,0.0,0.0
BKD,5,0,0,0.0,0.0
YTRA,5,0,0,0.0,0.0
ATS,5,0,0,0.0,0.0
NWPX,5,0,0,0.0,0.0
GCBC,5,0,0,0.0,0.0
BLRX,5,0,0,0.0,0.0
SKE,5,0,0,0.0,0.0
TNMG,5,0,0,0.0,0.0
MBIN,5,0,0,0.0,0.0
APG,5,0,0,0.0,0.0
CRDL,5,0,0,0.0,0.0
CSTL,5,0,0,0.0,0.0
GTLS,5,0,0,0.0,0.0
ASYS,5,0,0,0.0,0.0
DQ,5,0,0,0.0,0.0
SBC,5,0,0,0.0,0.0
AHR,5,0,0,0.0,0.0
AFRI,5,0,0,0.0,0.0
NVCT,5,1,0,20.0,0.0
NGEN,5,0,0,0.0,0.0
DDI,5,0,0,0.0,0.0
IBAT,5,0,0,0.0,0.0
CIFR,5,0,0,0.0,0.0
SLX,5,0,0,0.0,0.0
SOAR,5,1,0,20.0,0.0
SNWV,5,0,0,0.0,0.0
HAFC,5,0,0,0.0,0.0
QVCGP,5,0,0,0.0,0.0
DKL,5,0,0,0.0,0.0
CBL,5,0,0,0.0,0.0
ITOC,5,0,0,0.0,0.0
PEGA,5,0,0,0.0,0.0
THNQ,5,0,0,0.0,0.0
IPX,5,0,0,0.0,0.0
ZLAB,5,0,0,0.0,0.0
TTI,5,0,0,0.0,0.0
SEI,5,0,0,0.0,0.0
CLW,5,0,0,0.0,0.0
WOR,5,0,0,0.0,0.0
CMCT,5,1,1,20.0,20.0
DCGO,5,0,0,0.0,0.0
STVN,5,0,0,0.0,0.0
FMBH,5,0,0,0.0,0.0
CSAN,5,0,0,0.0,0.0
MCRI,5,0,0,0.0,0.0
MQQQ,5,0,0,0.0,0.0
VNET,5,0,0,0.0,0.0
AMTD,5,0,0,0.0,0.0
STRS,5,0,0,0.0,0.0
SMRT,5,0,0,0.0,0.0
XSW,5,0,0,0.0,0.0
CTNT,5,1,1,20.0,20.0
KTOS,5,0,0,0.0,0.0
DCBO,5,0,0,0.0,0.0
PEW,5,0,0,0.0,0.0
QBTS,5,0,0,0.0,0.0
GNE,5,0,0,0.0,0.0
CYRX,5,0,0,0.0,0.0
LRHC,5,1,1,20.0,20.0
CRTO,5,0,0,0.0,0.0
CGON,5,0,0,0.0,0.0
ELE,5,0,0,0.0,0.0
UWM,5,0,0,0.0,0.0
QUAD,5,0,0,0.0,0.0
FOXX,5,1,0,20.0,0.0
CHR,5,0,0,0.0,0.0
ARVN,5,0,0,0.0,0.0
SLNG,5,0,0,0.0,0.0
ZIM,5,0,0,0.0,0.0
IETC,5,0,0,0.0,0.0
GGLL,5,0,0,0.0,0.0
TGEN,5,0,0,0.0,0.0
IMXI,5,0,0,0.0,0.0
SEPN,5,0,0,0.0,0.0
XES,5,0,0,0.0,0.0
RAMP,5,0,0,0.0,0.0
NXRT,5,0,0,0.0,0.0
ZDAI,5,0,0,0.0,0.0
PKB,5,0,0,0.0,0.0
SPHL,5,0,0,0.0,0.0
PCYO,5,0,0,0.0,0.0
LTL,5,0,0,0.0,0.0
OLPX,5,0,0,0.0,0.0
KUST,5,0,0,0.0,0.0
CVSA,5,0,0,0.0,0.0
SMN,5,0,0,0.0,0.0
FEDU,5,0,0,0.0,0.0
WISE,5,0,0,0.0,0.0
DDC,5,1,0,20.0,0.0
BARK,5,0,0,0.0,0.0
QNCX,5,1,0,20.0,0.0
BW,5,1,0,20.0,0.0
III,5,0,0,0.0,0.0
SLQT,5,0,0,0.0,0.0
AEYE,5,0,0,0.0,0.0
INHD,5,1,1,20.0,20.0
DLPN,5,0,0,0.0,0.0
CERS,5,0,0,0.0,0.0
TARA,5,0,0,0.0,0.0
AGX,5,0,0,0.0,0.0
VLN,5,0,0,0.0,0.0
PAM,5,0,0,0.0,0.0
NHC,5,0,0,0.0,0.0
FHN,5,0,0,0.0,0.0
EWN,5,0,0,0.0,0.0
SOCL,5,0,0,0.0,0.0
GNLN,5,1,1,20.0,20.0
SHMD,5,0,0,0.0,0.0
ABVE,5,0,0,0.0,0.0
HYPR,5,0,0,0.0,0.0
PKOH,5,0,0,0.0,0.0
IVR,5,0,0,0.0,0.0
BBNX,5,0,0,0.0,0.0
QSI,5,1,0,20.0,0.0
FDNI,5,0,0,0.0,0.0
TWN,5,0,0,0.0,0.0
CSTE,5,0,0,0.0,0.0
CWAN,5,0,0,0.0,0.0
NFLX,5,0,0,0.0,0.0
VSAT,5,0,0,0.0,0.0
SVC,5,0,0,0.0,0.0
CMT,5,0,0,0.0,0.0
EVO,5,0,0,0.0,0.0
CDNA,5,0,0,0.0,0.0
SHIM,5,0,0,0.0,0.0
NIU,5,0,0,0.0,0.0
LZB,5,0,0,0.0,0.0
VAC,5,0,0,0.0,0.0
DHC,5,0,0,0.0,0.0
OCGN,5,1,0,20.0,0.0
DSGR,5,0,0,0.0,0.0
AMWD,5,0,0,0.0,0.0
BOOM,5,0,0,0.0,0.0
VALU,5,0,0,0.0,0.0
FSUN,5,0,0,0.0,0.0
MBX,5,0,0,0.0,0.0
GDEV,5,0,0,0.0,0.0
DJTWW,5,2,0,40.0,0.0
OGIG,5,0,0,0.0,0.0
LEGN,5,0,0,0.0,0.0
UFPT,5,0,0,0.0,0.0
CTSO,5,0,0,0.0,0.0
SKYQ,5,1,1,20.0,20.0
INV,5,0,0,0.0,0.0
FWD,5,0,0,0.0,0.0
SION,5,0,0,0.0,0.0
EPOW,5,1,0,20.0,0.0
SKYX,5,0,0,0.0,0.0
ICUI,5,0,0,0.0,0.0
SMTK,5,1,0,20.0,0.0
STEL,5,0,0,0.0,0.0
BUZZ,5,0,0,0.0,0.0
OPBK,5,0,0,0.0,0.0
BANF,5,0,0,0.0,0.0
EMEQ,5,0,0,0.0,0.0
KCE,5,0,0,0.0,0.0
JZ,5,0,0,0.0,0.0
GDTC,5,0,0,0.0,0.0
LASR,5,0,0,0.0,0.0
LOT,5,0,0,0.0,0.0
NSYS,5,0,0,0.0,0.0
PTLE,4,0,0,0.0,0.0
BLCN,4,0,0,0.0,0.0
SILO,4,1,1,25.0,25.0
SNAP,4,0,0,0.0,0.0
KURA,4,0,0,0.0,0.0
RXT,4,0,0,0.0,0.0
VGAS,4,1,0,25.0,0.0
OPK,4,0,0,0.0,0.0
SSG,4,0,0,0.0,0.0
PWRD,4,0,0,0.0,0.0
SMP,4,0,0,0.0,0.0
VEL,4,0,0,0.0,0.0
ZKIN,4,0,0,0.0,0.0
METCB,4,1,0,25.0,0.0
CRESY,4,0,0,0.0,0.0
FCUS,4,0,0,0.0,0.0
KGRN,4,0,0,0.0,0.0
GLPG,4,0,0,0.0,0.0
BNKU,4,0,0,0.0,0.0
MCBS,4,0,0,0.0,0.0
SYNX,4,0,0,0.0,0.0
CWBC,4,0,0,0.0,0.0
APGE,4,0,0,0.0,0.0
ZCMD,4,0,0,0.0,0.0
HUYA,4,0,0,0.0,0.0
NABL,4,0,0,0.0,0.0
GENI,4,0,0,0.0,0.0
BAK,4,0,0,0.0,0.0
GWRS,4,0,0,0.0,0.0
KEQU,4,0,0,0.0,0.0
CPRX,4,0,0,0.0,0.0
RPT,4,0,0,0.0,0.0
BIS,4,0,0,0.0,0.0
FDD,4,0,0,0.0,0.0
BE,4,0,0,0.0,0.0
PZZA,4,0,0,0.0,0.0
ZGN,4,0,0,0.0,0.0
UROY,4,0,0,0.0,0.0
TOON,4,0,0,0.0,0.0
LTM,4,0,0,0.0,0.0
PLPC,4,0,0,0.0,0.0
DBD,4,0,0,0.0,0.0
NATR,4,0,0,0.0,0.0
URBN,4,0,0,0.0,0.0
BZAI,4,0,0,0.0,0.0
CNYA,4,0,0,0.0,0.0
NBTB,4,0,0,0.0,0.0
AL,4,0,0,0.0,0.0
FGM,4,0,0,0.0,0.0
DV,4,0,0,0.0,0.0
GFR,4,0,0,0.0,0.0
CREG,4,0,0,0.0,0.0
ALKT,4,0,0,0.0,0.0
NMTC,4,0,0,0.0,0.0
LLY,4,0,0,0.0,0.0
USCB,4,0,0,0.0,0.0
BROS,4,0,0,0.0,0.0
CHMG,4,0,0,0.0,0.0
NGVC,4,0,0,0.0,0.0
PLBY,4,0,0,0.0,0.0
MHO,4,0,0,0.0,0.0
BGC,4,0,0,0.0,0.0
CATO,4,0,0,0.0,0.0
PEJ,4,0,0,0.0,0.0
LOOP,4,0,0,0.0,0.0
PINS,4,0,0,0.0,0.0
ECX,4,0,0,0.0,0.0
CMCL,4,0,0,0.0,0.0
NYAX,4,0,0,0.0,0.0
FUTU,4,0,0,0.0,0.0
AUPH,4,0,0,0.0,0.0
CLGN,4,1,0,25.0,0.0
IESC,4,0,0,0.0,0.0
FBLG,4,0,0,0.0,0.0
HL,4,0,0,0.0,0.0
NTAP,4,0,0,0.0,0.0
PRTC,4,0,0,0.0,0.0
YPF,4,0,0,0.0,0.0
AOUT,4,0,0,0.0,0.0
ANET,4,0,0,0.0,0.0
CSIQ,4,0,0,0.0,0.0
FDG,4,0,0,0.0,0.0
TII,4,1,0,25.0,0.0
YOLO,4,0,0,0.0,0.0
UPST,4,0,0,0.0,0.0
SAIA,4,0,0,0.0,0.0
ATEX,4,0,0,0.0,0.0
IVZ,4,0,0,0.0,0.0
PGNY,4,0,0,0.0,0.0
ATNI,4,0,0,0.0,0.0
SMID,4,0,0,0.0,0.0
ONCY,4,0,0,0.0,0.0
SONO,4,0,0,0.0,0.0
PMEC,4,0,0,0.0,0.0
OWNB,4,0,0,0.0,0.0
AEF,4,0,0,0.0,0.0
DOCN,4,0,0,0.0,0.0
DHIL,4,0,0,0.0,0.0
NPT,4,2,1,50.0,25.0
DUSL,4,0,0,0.0,0.0
VABK,4,0,0,0.0,0.0
CLMB,4,0,0,0.0,0.0
VSTS,4,0,0,0.0,0.0
INSP,4,0,0,0.0,0.0
WNC,4,0,0,0.0,0.0
BSVN,4,0,0,0.0,0.0
UCO,4,0,0,0.0,0.0
ACIW,4,0,0,0.0,0.0
ON,4,0,0,0.0,0.0
TBCH,4,0,0,0.0,0.0
VRNS,4,0,0,0.0,0.0
FLYX,4,0,0,0.0,0.0
YETI,4,0,0,0.0,0.0
RYAN,4,0,0,0.0,0.0
INGN,4,0,0,0.0,0.0
GOTU,4,0,0,0.0,0.0
ESEA,4,0,0,0.0,0.0
CDT,4,1,0,25.0,0.0
ELA,4,0,0,0.0,0.0
RBRK,4,0,0,0.0,0.0
AFJK,4,1,1,25.0,25.0
AKO-B,4,0,0,0.0,0.0
DXLG,4,0,0,0.0,0.0
SAMG,4,0,0,0.0,0.0
RAY,4,0,0,0.0,0.0
CTDD,4,0,0,0.0,0.0
CLIK,4,1,1,25.0,25.0
NVMI,4,0,0,0.0,0.0
SABR,4,0,0,0.0,0.0
MITT,4,0,0,0.0,0.0
SKRE,4,0,0,0.0,0.0
WAL,4,0,0,0.0,0.0
IOBT,4,0,0,0.0,0.0
HFFG,4,1,0,25.0,0.0
XHE,4,0,0,0.0,0.0
NOA,4,0,0,0.0,0.0
NCIQ,4,0,0,0.0,0.0
BWAY,4,0,0,0.0,0.0
AXGN,4,0,0,0.0,0.0
DFDV,4,3,1,75.0,25.0
NDLS,4,0,0,0.0,0.0
VSME,4,0,0,0.0,0.0
RNAC,4,0,0,0.0,0.0
AMIX,4,0,0,0.0,0.0
RBKB,4,0,0,0.0,0.0
COOK,4,0,0,0.0,0.0
WAI,4,0,0,0.0,0.0
SUUN,4,1,1,25.0,25.0
CURI,4,0,0,0.0,0.0
LYFT,4,0,0,0.0,0.0
ESTA,4,0,0,0.0,0.0
CRWD,4,0,0,0.0,0.0
MPT,4,0,0,0.0,0.0
DJP,4,0,0,0.0,0.0
CNBS,4,0,0,0.0,0.0
GOOX,4,0,0,0.0,0.0
BANC,4,0,0,0.0,0.0
COHN,4,0,0,0.0,0.0
WDAF,4,0,0,0.0,0.0
RAYA,4,0,0,0.0,0.0
HTB,4,0,0,0.0,0.0
HLMN,4,0,0,0.0,0.0
DAIO,4,0,0,0.0,0.0
EFXT,4,0,0,0.0,0.0
AVTR,4,0,0,0.0,0.0
ACVA,4,0,0,0.0,0.0
PBW,4,0,0,0.0,0.0
SEG,4,0,0,0.0,0.0
ARMG,4,0,0,0.0,0.0
VOXR,4,0,0,0.0,0.0
LOGI,4,0,0,0.0,0.0
FNK,4,0,0,0.0,0.0
MULL,4,0,0,0.0,0.0
BRNS,4,0,0,0.0,0.0
RVLV,4,0,0,0.0,0.0
HRB,4,0,0,0.0,0.0
SVAL,4,0,0,0.0,0.0
CISS,4,0,0,0.0,0.0
BVFL,4,0,0,0.0,0.0
DUOT,4,0,0,0.0,0.0
FIGS,4,0,0,0.0,0.0
EDIT,4,0,0,0.0,0.0
JBI,4,0,0,0.0,0.0
BHR,4,0,0,0.0,0.0
FDIQ,4,0,0,0.0,0.0
BBVA,4,0,0,0.0,0.0
MREO,4,0,0,0.0,0.0
VHI,4,0,0,0.0,0.0
USAC,4,0,0,0.0,0.0
PRN,4,0,0,0.0,0.0
FCAP,4,0,0,0.0,0.0
MAMO,4,0,0,0.0,0.0
ASBP,4,0,0,0.0,0.0
SGDM,4,0,0,0.0,0.0
GOVZ,4,0,0,0.0,0.0
CAMT,4,0,0,0.0,0.0
ADV,4,0,0,0.0,0.0
EVGN,4,0,0,0.0,0.0
HCAT,4,0,0,0.0,0.0
UBER,4,0,0,0.0,0.0
RDCM,4,0,0,0.0,0.0
FCLD,4,0,0,0.0,0.0
EZPW,4,0,0,0.0,0.0
CV,4,1,0,25.0,0.0
EPSM,4,0,0,0.0,0.0
PRZO,4,0,0,0.0,0.0
UZF,4,0,0,0.0,0.0
NRIM,4,0,0,0.0,0.0
USD,4,0,0,0.0,0.0
CSGP,4,0,0,0.0,0.0
UAN,4,0,0,0.0,0.0
STC,4,0,0,0.0,0.0
DZZ,4,1,1,25.0,25.0
HAIN,4,0,0,0.0,0.0
BILL,4,0,0,0.0,0.0
AESI,4,0,0,0.0,0.0
MLCO,4,0,0,0.0,0.0
ARIS,4,0,0,0.0,0.0
U,4,0,0,0.0,0.0
ODD,4,0,0,0.0,0.0
SUN,4,0,0,0.0,0.0
INVA,4,0,0,0.0,0.0
DUOL,4,0,0,0.0,0.0
AGAE,4,0,0,0.0,0.0
LOB,4,0,0,0.0,0.0
BAND,4,0,0,0.0,0.0
BRSP,4,0,0,0.0,0.0
NB,4,1,0,25.0,0.0
EONR,4,0,0,0.0,0.0
XXII,4,0,0,0.0,0.0
FOLD,4,0,0,0.0,0.0
ELSE,4,0,0,0.0,0.0
DCO,4,0,0,0.0,0.0
AAPB,4,0,0,0.0,0.0
AUDC,4,0,0,0.0,0.0
NU,4,0,0,0.0,0.0
VCTR,4,0,0,0.0,0.0
CLBT,4,0,0,0.0,0.0
PRMB,4,0,0,0.0,0.0
DBI,4,0,0,0.0,0.0
PCSC,4,0,0,0.0,0.0
CFFI,4,0,0,0.0,0.0
FTXR,4,0,0,0.0,0.0
PWP,4,0,0,0.0,0.0
YEXT,4,0,0,0.0,0.0
BABO,4,0,0,0.0,0.0
ITEQ,4,0,0,0.0,0.0
ORGN,4,0,0,0.0,0.0
FLYW,4,0,0,0.0,0.0
EEV,4,0,0,0.0,0.0
TBN,4,0,0,0.0,0.0
GPRK,4,0,0,0.0,0.0
RHLD,4,0,0,0.0,0.0
DEFI,4,0,0,0.0,0.0
OVV,4,0,0,0.0,0.0
UVE,4,0,0,0.0,0.0
PNRG,4,0,0,0.0,0.0
SOUN,4,1,1,25.0,25.0
TWLO,4,0,0,0.0,0.0
COCO,4,0,0,0.0,0.0
GTE,4,0,0,0.0,0.0
FWRG,4,0,0,0.0,0.0
WCC,4,0,0,0.0,0.0
TLSI,4,1,0,25.0,0.0
AMPL,4,0,0,0.0,0.0
API,4,1,0,25.0,0.0
OESX,4,0,0,0.0,0.0
JF,4,0,0,0.0,0.0
MGEE,4,0,0,0.0,0.0
MTUS,4,0,0,0.0,0.0
ZOOZ,4,2,2,50.0,50.0
XXI,4,1,1,25.0,25.0
SKBL,4,1,0,25.0,0.0
NTLA,4,1,0,25.0,0.0
AUB,4,0,0,0.0,0.0
DWSH,4,0,0,0.0,0.0
SGRP,4,0,0,0.0,0.0
BRCC,4,0,0,0.0,0.0
AMPX,4,0,0,0.0,0.0
VIV,4,0,0,0.0,0.0
CNXT,4,0,0,0.0,0.0
DIG,4,0,0,0.0,0.0
CENT,4,0,0,0.0,0.0
UTMD,4,0,0,0.0,0.0
RMR,4,0,0,0.0,0.0
LBRT,4,0,0,0.0,0.0
VUZI,4,0,0,0.0,0.0
CEPO,4,0,0,0.0,0.0
LNKS,4,1,1,25.0,25.0
VIAV,4,0,0,0.0,0.0
PRHI,4,0,0,0.0,0.0
AMAL,4,0,0,0.0,0.0
WFG,4,0,0,0.0,0.0
NOG,4,0,0,0.0,0.0
WB,4,0,0,0.0,0.0
BHF,4,0,0,0.0,0.0
NANR,4,0,0,0.0,0.0
QDEL,4,0,0,0.0,0.0
BRKRP,4,0,0,0.0,0.0
TZOO,4,0,0,0.0,0.0
YALA,4,0,0,0.0,0.0
WINA,4,0,0,0.0,0.0
ALCO,4,0,0,0.0,0.0
BPRN,4,0,0,0.0,0.0
YSG,4,0,0,0.0,0.0
BX,4,0,0,0.0,0.0
OVBC,4,0,0,0.0,0.0
ENLT,4,0,0,0.0,0.0
LMB,4,0,0,0.0,0.0
UMAC,4,2,0,50.0,0.0
TRAK,4,0,0,0.0,0.0
BOAT,4,0,0,0.0,0.0
APOG,4,0,0,0.0,0.0
PFIX,4,0,0,0.0,0.0
PYPY,4,0,0,0.0,0.0
NRXS,4,0,0,0.0,0.0
PLBC,4,0,0,0.0,0.0
DY,4,0,0,0.0,0.0
AQB,4,0,0,0.0,0.0
EME,4,0,0,0.0,0.0
EDEN,4,0,0,0.0,0.0
MSOX,4,1,0,25.0,0.0
DTCX,4,1,0,25.0,0.0
IFS,4,0,0,0.0,0.0
BTBD,4,0,0,0.0,0.0
HIT,4,0,0,0.0,0.0
CZWI,4,0,0,0.0,0.0
STNE,4,0,0,0.0,0.0
VCYT,4,0,0,0.0,0.0
GDLC,4,0,0,0.0,0.0
CTRI,4,0,0,0.0,0.0
TPB,4,0,0,0.0,0.0
TK,4,0,0,0.0,0.0
TWO,4,0,0,0.0,0.0
ALGN,4,0,0,0.0,0.0
CCM,4,1,1,25.0,25.0
REZI,4,0,0,0.0,0.0
GMM,4,0,0,0.0,0.0
CCTG,4,0,0,0.0,0.0
CPHC,4,0,0,0.0,0.0
AXR,4,0,0,0.0,0.0
MVLL,4,0,0,0.0,0.0
PRA,4,0,0,0.0,0.0
KROS,4,0,0,0.0,0.0
TBRG,4,0,0,0.0,0.0
NTST,4,0,0,0.0,0.0
PEBK,4,0,0,0.0,0.0
HGBL,4,0,0,0.0,0.0
CXW,4,0,0,0.0,0.0
EPSN,4,0,0,0.0,0.0
MTEN,4,0,0,0.0,0.0
PEZ,4,0,0,0.0,0.0
YIBO,4,1,0,25.0,0.0
COCH,4,1,1,25.0,25.0
ENTA,4,0,0,0.0,0.0
TRFK,4,0,0,0.0,0.0
CDRO,4,0,0,0.0,0.0
ATAI,4,0,0,0.0,0.0
DSY,4,0,0,0.0,0.0
AREC,4,0,0,0.0,0.0
SVM,4,0,0,0.0,0.0
ROCK,4,0,0,0.0,0.0
CTS,4,0,0,0.0,0.0
TLPH,4,0,0,0.0,0.0
SMTC,4,0,0,0.0,0.0
OKLO,4,1,0,25.0,0.0
AFK,4,0,0,0.0,0.0
MYGN,4,0,0,0.0,0.0
COFS,4,0,0,0.0,0.0
ABX,4,0,0,0.0,0.0
OMH,4,0,0,0.0,0.0
AGL,4,0,0,0.0,0.0
GBLI,4,0,0,0.0,0.0
FN,4,0,0,0.0,0.0
TGS,4,0,0,0.0,0.0
AMTB,4,0,0,0.0,0.0
FRSH,4,0,0,0.0,0.0
BULLW,4,2,1,50.0,25.0
MSW,4,0,0,0.0,0.0
PDEX,4,0,0,0.0,0.0
DEVS,4,2,1,50.0,25.0
CWEN-A,4,0,0,0.0,0.0
ALMU,4,1,0,25.0,0.0
FXZ,4,0,0,0.0,0.0
MRNA,4,0,0,0.0,0.0
MFG,4,0,0,0.0,0.0
FLWS,4,0,0,0.0,0.0
HELE,4,0,0,0.0,0.0
UBT,4,0,0,0.0,0.0
TEAM,4,0,0,0.0,0.0
WDFC,4,0,0,0.0,0.0
PMVP,4,0,0,0.0,0.0
HSAI,4,0,0,0.0,0.0
CCC,4,0,0,0.0,0.0
MNY,4,0,0,0.0,0.0
MGY,4,0,0,0.0,0.0
AMCI,4,1,0,25.0,0.0
SMCZ,4,0,0,0.0,0.0
NOVT,4,0,0,0.0,0.0
UBOT,4,0,0,0.0,0.0
TOI,4,0,0,0.0,0.0
ECPG,4,0,0,0.0,0.0
CRON,4,0,0,0.0,0.0
ROG,4,0,0,0.0,0.0
WSM,4,0,0,0.0,0.0
INTW,4,0,0,0.0,0.0
VECO,4,0,0,0.0,0.0
ABM,4,0,0,0.0,0.0
WBS,4,0,0,0.0,0.0
INTJ,4,0,0,0.0,0.0
VIRT,4,0,0,0.0,0.0
CC,4,0,0,0.0,0.0
SSYS,4,0,0,0.0,0.0
EPRX,4,0,0,0.0,0.0
NMM,4,0,0,0.0,0.0
WSR,4,0,0,0.0,0.0
FGDL,4,0,0,0.0,0.0
KITT,4,1,0,25.0,0.0
ELAB,4,0,0,0.0,0.0
ARDT,4,0,0,0.0,0.0
CNF,3,0,0,0.0,0.0
NSP,3,0,0,0.0,0.0
ULTA,3,0,0,0.0,0.0
SEE,3,0,0,0.0,0.0
TRGP,3,0,0,0.0,0.0
IBCA,3,0,0,0.0,0.0
CTGO,3,0,0,0.0,0.0
APT,3,0,0,0.0,0.0
AZI,3,1,0,33.33333333333333,0.0
HOOD,3,0,0,0.0,0.0
GRDN,3,0,0,0.0,0.0
MMLG,3,0,0,0.0,0.0
ZONE,3,1,0,33.33333333333333,0.0
IMDX,3,0,0,0.0,0.0
SIJ,3,0,0,0.0,0.0
DOMO,3,0,0,0.0,0.0
IOTR,3,0,0,0.0,0.0
PTH,3,0,0,0.0,0.0
CWK,3,0,0,0.0,0.0
WRN,3,0,0,0.0,0.0
OSTX,3,1,0,33.33333333333333,0.0
JSM,3,0,0,0.0,0.0
HCC,3,0,0,0.0,0.0
CGAU,3,0,0,0.0,0.0
BGS,3,0,0,0.0,0.0
ICON,3,0,0,0.0,0.0
SCOR,3,0,0,0.0,0.0
KNTK,3,0,0,0.0,0.0
SLVP,3,0,0,0.0,0.0
MVO,3,0,0,0.0,0.0
CBNA,3,0,0,0.0,0.0
SAFE,3,0,0,0.0,0.0
PRDO,3,0,0,0.0,0.0
ELVR,3,0,0,0.0,0.0
AXIL,3,0,0,0.0,0.0
SUPV,3,0,0,0.0,0.0
CENX,3,0,0,0.0,0.0
ZYBT,3,2,0,66.66666666666666,0.0
ALLY,3,0,0,0.0,0.0
WINN,3,0,0,0.0,0.0
TLYS,3,1,0,33.33333333333333,0.0
CETY,3,0,0,0.0,0.0
LMAT,3,0,0,0.0,0.0
LITE,3,0,0,0.0,0.0
FRBA,3,0,0,0.0,0.0
SIBN,3,0,0,0.0,0.0
LILA,3,0,0,0.0,0.0
EZA,3,0,0,0.0,0.0
FIVN,3,0,0,0.0,0.0
XNCR,3,0,0,0.0,0.0
JAZZ,3,0,0,0.0,0.0
BIO-B,3,0,0,0.0,0.0
GENK,3,0,0,0.0,0.0
ABR,3,0,0,0.0,0.0
NMIH,3,0,0,0.0,0.0
DMRC,3,0,0,0.0,0.0
BFLY,3,0,0,0.0,0.0
ALIT,3,0,0,0.0,0.0
ISMD,3,0,0,0.0,0.0
ALLO,3,0,0,0.0,0.0
ALHC,3,0,0,0.0,0.0
MATV,3,0,0,0.0,0.0
BH,3,0,0,0.0,0.0
NFXL,3,0,0,0.0,0.0
BFRI,3,1,0,33.33333333333333,0.0
NTHI,3,0,0,0.0,0.0
GTIM,3,0,0,0.0,0.0
NUAI,3,1,0,33.33333333333333,0.0
ICHR,3,0,0,0.0,0.0
MGPI,3,0,0,0.0,0.0
MCS,3,0,0,0.0,0.0
RILYN,3,0,0,0.0,0.0
FC,3,0,0,0.0,0.0
EP,3,0,0,0.0,0.0
TRN,3,0,0,0.0,0.0
CMBT,3,0,0,0.0,0.0
XYZG,3,0,0,0.0,0.0
CZFS,3,0,0,0.0,0.0
BULZ,3,0,0,0.0,0.0
HNI,3,0,0,0.0,0.0
CARZ,3,0,0,0.0,0.0
PII,3,0,0,0.0,0.0
TMQ,3,1,0,33.33333333333333,0.0
TCHI,3,0,0,0.0,0.0
EPOL,3,0,0,0.0,0.0
VIXM,3,0,0,0.0,0.0
FNLC,3,0,0,0.0,0.0
FERG,3,0,0,0.0,0.0
GGAL,3,0,0,0.0,0.0
BLND,3,0,0,0.0,0.0
DBO,3,0,0,0.0,0.0
CLAR,3,0,0,0.0,0.0
ACFN,3,0,0,0.0,0.0
NTCT,3,0,0,0.0,0.0
EES,3,0,0,0.0,0.0
XHLD,3,1,0,33.33333333333333,0.0
FEMY,3,0,0,0.0,0.0
SHBI,3,0,0,0.0,0.0
ONMD,3,2,0,66.66666666666666,0.0
EQH,3,0,0,0.0,0.0
HIBL,3,0,0,0.0,0.0
DBP,3,0,0,0.0,0.0
AP,3,0,0,0.0,0.0
ELPC,3,0,0,0.0,0.0
HLNE,3,0,0,0.0,0.0
TGLS,3,0,0,0.0,0.0
CNXC,3,0,0,0.0,0.0
BHRB,3,0,0,0.0,0.0
IMOS,3,0,0,0.0,0.0
PRGS,3,0,0,0.0,0.0
DUG,3,0,0,0.0,0.0
JBTM,3,0,0,0.0,0.0
CLNE,3,0,0,0.0,0.0
PSCD,3,0,0,0.0,0.0
SWX,3,0,0,0.0,0.0
AVO,3,0,0,0.0,0.0
CALY,3,0,0,0.0,0.0
LLYVK,3,0,0,0.0,0.0
SVCO,3,0,0,0.0,0.0
RMCF,3,0,0,0.0,0.0
ESAB,3,0,0,0.0,0.0
GOLD,3,0,0,0.0,0.0
IMSR,3,0,0,0.0,0.0
IJS,3,0,0,0.0,0.0
BVC,3,1,0,33.33333333333333,0.0
NTCL,3,1,1,33.33333333333333,33.33333333333333
NOV,3,0,0,0.0,0.0
PNTG,3,0,0,0.0,0.0
VEEA,3,0,0,0.0,0.0
LNGX,3,0,0,0.0,0.0
MOH,3,0,0,0.0,0.0
QMMM,3,0,0,0.0,0.0
PPLT,3,0,0,0.0,0.0
BNL,3,0,0,0.0,0.0
SENEA,3,0,0,0.0,0.0
HQI,3,0,0,0.0,0.0
GRABW,3,0,0,0.0,0.0
STRT,3,0,0,0.0,0.0
LAKE,3,0,0,0.0,0.0
MITK,3,0,0,0.0,0.0
AWX,3,0,0,0.0,0.0
NWG,3,0,0,0.0,0.0
BATRA,3,0,0,0.0,0.0
RETL,3,0,0,0.0,0.0
ACH,3,0,0,0.0,0.0
PATH,3,0,0,0.0,0.0
MASI,3,0,0,0.0,0.0
PBOG,3,0,0,0.0,0.0
TRNO,3,0,0,0.0,0.0
CSCL,3,0,0,0.0,0.0
GNTA,3,0,0,0.0,0.0
KRNT,3,0,0,0.0,0.0
KTEC,3,0,0,0.0,0.0
APAM,3,0,0,0.0,0.0
PSCF,3,0,0,0.0,0.0
GTN-A,3,0,0,0.0,0.0
PTCT,3,0,0,0.0,0.0
TBPH,3,0,0,0.0,0.0
KELYB,3,0,0,0.0,0.0
FTHF,3,0,0,0.0,0.0
KG,3,0,0,0.0,0.0
UFPI,3,0,0,0.0,0.0
ARKQ,3,0,0,0.0,0.0
NFLY,3,0,0,0.0,0.0
DWAS,3,0,0,0.0,0.0
FDP,3,0,0,0.0,0.0
SAA,3,0,0,0.0,0.0
TDW,3,0,0,0.0,0.0
LCTX,3,0,0,0.0,0.0
CTOS,3,0,0,0.0,0.0
DGRE,3,0,0,0.0,0.0
BOX,3,0,0,0.0,0.0
PHIN,3,0,0,0.0,0.0
AHG,3,2,1,66.66666666666666,33.33333333333333
MAXI,3,0,0,0.0,0.0
EWQ,3,0,0,0.0,0.0
LBRDK,3,0,0,0.0,0.0
HLIT,3,0,0,0.0,0.0
BOLT,3,0,0,0.0,0.0
PDFS,3,0,0,0.0,0.0
DOO,3,0,0,0.0,0.0
EEMA,3,0,0,0.0,0.0
JOYY,3,0,0,0.0,0.0
SETH,3,0,0,0.0,0.0
JTEK,3,0,0,0.0,0.0
PACB,3,0,0,0.0,0.0
KPDD,3,0,0,0.0,0.0
ACR,3,0,0,0.0,0.0
JILL,3,0,0,0.0,0.0
XPER,3,0,0,0.0,0.0
URNJ,3,0,0,0.0,0.0
HARD,3,0,0,0.0,0.0
ECG,3,0,0,0.0,0.0
NKSH,3,0,0,0.0,0.0
GDS,3,0,0,0.0,0.0
SUPN,3,0,0,0.0,0.0
FCNCA,3,0,0,0.0,0.0
SNDX,3,0,0,0.0,0.0
SKYY,3,0,0,0.0,0.0
HYFM,3,0,0,0.0,0.0
ATFV,3,0,0,0.0,0.0
FDBC,3,0,0,0.0,0.0
HOVNP,3,0,0,0.0,0.0
WNTR,3,0,0,0.0,0.0
BRLS,3,1,0,33.33333333333333,0.0
COKE,3,0,0,0.0,0.0
FCCO,3,0,0,0.0,0.0
ATAT,3,0,0,0.0,0.0
EETH,3,0,0,0.0,0.0
KE,3,0,0,0.0,0.0
CWD,3,0,0,0.0,0.0
VSCO,3,0,0,0.0,0.0
GLBE,3,0,0,0.0,0.0
MNOV,3,0,0,0.0,0.0
NEOV,3,0,0,0.0,0.0
ANNA,3,0,0,0.0,0.0
USAI,3,0,0,0.0,0.0
WETH,3,1,0,33.33333333333333,0.0
KW,3,0,0,0.0,0.0
VTOL,3,0,0,0.0,0.0
LOAR,3,0,0,0.0,0.0
RBLX,3,0,0,0.0,0.0
TBBK,3,0,0,0.0,0.0
IEP,3,0,0,0.0,0.0
ARTNA,3,0,0,0.0,0.0
CEPT,3,0,0,0.0,0.0
MCHX,3,0,0,0.0,0.0
GGLS,3,0,0,0.0,0.0
NWTG,3,0,0,0.0,0.0
ONEW,3,0,0,0.0,0.0
FTRE,3,0,0,0.0,0.0
MBWM,3,0,0,0.0,0.0
ZD,3,0,0,0.0,0.0
ASO,3,0,0,0.0,0.0
CAC,3,0,0,0.0,0.0
YCL,3,0,0,0.0,0.0
CSNR,3,0,0,0.0,0.0
MTLS,3,0,0,0.0,0.0
IYW,3,0,0,0.0,0.0
SBGI,3,0,0,0.0,0.0
LRE,3,1,0,33.33333333333333,0.0
UYM,3,0,0,0.0,0.0
KARS,3,0,0,0.0,0.0
RUSHA,3,0,0,0.0,0.0
HOG,3,0,0,0.0,0.0
SGMO,3,0,0,0.0,0.0
SFYF,3,0,0,0.0,0.0
SSD,3,0,0,0.0,0.0
YXI,3,0,0,0.0,0.0
IDRV,3,0,0,0.0,0.0
KNF,3,0,0,0.0,0.0
KVHI,3,0,0,0.0,0.0
FXL,3,0,0,0.0,0.0
IGR,3,0,0,0.0,0.0
RLAY,3,0,0,0.0,0.0
EMF,3,0,0,0.0,0.0
KREF,3,0,0,0.0,0.0
ORRF,3,0,0,0.0,0.0
FGBI,3,0,0,0.0,0.0
TSEM,3,0,0,0.0,0.0
EU,3,0,0,0.0,0.0
KNOP,3,0,0,0.0,0.0
CPAC,3,0,0,0.0,0.0
DXST,3,0,0,0.0,0.0
METU,3,0,0,0.0,0.0
ERII,3,0,0,0.0,0.0
LITP,3,0,0,0.0,0.0
EFO,3,0,0,0.0,0.0
PHG,3,0,0,0.0,0.0
FNGU,3,0,0,0.0,0.0
PCG,3,0,0,0.0,0.0
PRG,3,0,0,0.0,0.0
XPEV,3,0,0,0.0,0.0
USEA,3,0,0,0.0,0.0
VST,3,0,0,0.0,0.0
CMTG,3,0,0,0.0,0.0
DEI,3,0,0,0.0,0.0
AIS,3,0,0,0.0,0.0
AVL,3,0,0,0.0,0.0
CAR,3,0,0,0.0,0.0
LPRO,3,0,0,0.0,0.0
QCLN,3,0,0,0.0,0.0
ISOU,3,0,0,0.0,0.0
VRE,3,0,0,0.0,0.0
METD,3,0,0,0.0,0.0
GVH,3,1,1,33.33333333333333,33.33333333333333
LHAI,3,0,0,0.0,0.0
BRT,3,0,0,0.0,0.0
INBX,3,0,0,0.0,0.0
TRUG,3,0,0,0.0,0.0
FDIG,3,0,0,0.0,0.0
SI,3,0,0,0.0,0.0
WVVI,3,0,0,0.0,0.0
HERO,3,0,0,0.0,0.0
HBCP,3,0,0,0.0,0.0
EBIZ,3,0,0,0.0,0.0
ATMP,3,0,0,0.0,0.0
GRND,3,1,1,33.33333333333333,33.33333333333333
LTH,3,0,0,0.0,0.0
NXPL,3,0,0,0.0,0.0
JOUT,3,0,0,0.0,0.0
ACOG,3,0,0,0.0,0.0
NVOX,3,0,0,0.0,0.0
FEP,3,0,0,0.0,0.0
TARK,3,0,0,0.0,0.0
LIND,3,0,0,0.0,0.0
XP,3,0,0,0.0,0.0
DLNG,3,0,0,0.0,0.0
HIHO,3,0,0,0.0,0.0
SIXG,3,0,0,0.0,0.0
YCS,3,0,0,0.0,0.0
SDGR,3,0,0,0.0,0.0
TIC,3,0,0,0.0,0.0
LBRDA,3,0,0,0.0,0.0
STRR,3,0,0,0.0,0.0
BLOK,3,0,0,0.0,0.0
CHRS,3,0,0,0.0,0.0
ZM,3,0,0,0.0,0.0
AGIO,3,0,0,0.0,0.0
EDC,3,0,0,0.0,0.0
ACGL,3,0,0,0.0,0.0
RSVR,3,0,0,0.0,0.0
LVS,3,0,0,0.0,0.0
LLYVA,3,0,0,0.0,0.0
EIS,3,0,0,0.0,0.0
IQDG,3,0,0,0.0,0.0
EVGOW,3,0,0,0.0,0.0
FVRR,3,0,0,0.0,0.0
RZV,3,0,0,0.0,0.0
TLF,3,0,0,0.0,0.0
SEF,3,0,0,0.0,0.0
APUS,3,0,0,0.0,0.0
FRO,3,0,0,0.0,0.0
VFF,3,0,0,0.0,0.0
DCOM,3,0,0,0.0,0.0
ASND,3,0,0,0.0,0.0
CPXR,3,0,0,0.0,0.0
WLK,3,0,0,0.0,0.0
BWNB,3,0,0,0.0,0.0
CG,3,0,0,0.0,0.0
ITP,3,1,0,33.33333333333333,0.0
SPEU,3,0,0,0.0,0.0
WLAC,3,0,0,0.0,0.0
KTB,3,0,0,0.0,0.0
GLXG,3,0,0,0.0,0.0
MVIS,3,0,0,0.0,0.0
PIPR,3,0,0,0.0,0.0
UTL,3,0,0,0.0,0.0
STFS,3,1,0,33.33333333333333,0.0
ORKT,3,0,0,0.0,0.0
DBX,3,0,0,0.0,0.0
NVEC,3,0,0,0.0,0.0
SDA,3,1,1,33.33333333333333,33.33333333333333
AHT,3,0,0,0.0,0.0
HOVR,3,0,0,0.0,0.0
EUAD,3,0,0,0.0,0.0
PAC,3,0,0,0.0,0.0
RSPD,3,0,0,0.0,0.0
GRF,3,0,0,0.0,0.0
PLNT,3,0,0,0.0,0.0
AFBI,3,0,0,0.0,0.0
FTDR,3,0,0,0.0,0.0
UPV,3,0,0,0.0,0.0
GROY,3,0,0,0.0,0.0
FDX,3,0,0,0.0,0.0
RPD,3,0,0,0.0,0.0
ICLR,3,0,0,0.0,0.0
CIX,3,0,0,0.0,0.0
SCLX,3,2,0,66.66666666666666,0.0
JBDI,3,0,0,0.0,0.0
GEME,3,0,0,0.0,0.0
PRLB,3,0,0,0.0,0.0
VSEE,3,1,1,33.33333333333333,33.33333333333333
ISBA,3,0,0,0.0,0.0
REFR,3,0,0,0.0,0.0
ROLR,3,1,1,33.33333333333333,33.33333333333333
LLYX,3,0,0,0.0,0.0
IREN,3,1,1,33.33333333333333,33.33333333333333
MC,3,0,0,0.0,0.0
PALU,3,0,0,0.0,0.0
SKYU,3,0,0,0.0,0.0
OCS,3,0,0,0.0,0.0
FYT,3,0,0,0.0,0.0
VLYPO,3,0,0,0.0,0.0
AAP,3,0,0,0.0,0.0
SXT,3,0,0,0.0,0.0
NTRS,3,0,0,0.0,0.0
TOVX,3,0,0,0.0,0.0
STAA,3,0,0,0.0,0.0
NESR,3,0,0,0.0,0.0
SM,3,0,0,0.0,0.0
MRNY,3,0,0,0.0,0.0
QETH,3,0,0,0.0,0.0
NXGL,3,0,0,0.0,0.0
XPEL,3,0,0,0.0,0.0
SNOU,3,0,0,0.0,0.0
ADAM,3,0,0,0.0,0.0
RVP,3,0,0,0.0,0.0
R,3,0,0,0.0,0.0
AAAU,3,0,0,0.0,0.0
FFLG,3,0,0,0.0,0.0
COIN,3,0,0,0.0,0.0
HAE,3,0,0,0.0,0.0
SXC,3,0,0,0.0,0.0
AIT,3,0,0,0.0,0.0
FBL,3,1,0,33.33333333333333,0.0
CAL,3,0,0,0.0,0.0
SYNA,3,0,0,0.0,0.0
HTO,3,0,0,0.0,0.0
NFLU,3,0,0,0.0,0.0
DTCR,3,0,0,0.0,0.0
IRM,3,0,0,0.0,0.0
GH,3,0,0,0.0,0.0
CORZ,3,0,0,0.0,0.0
RAIN,3,0,0,0.0,0.0
AWI,3,0,0,0.0,0.0
GELS,3,0,0,0.0,0.0
LILAK,3,0,0,0.0,0.0
ETHV,3,0,0,0.0,0.0
QLYS,3,0,0,0.0,0.0
SGU,3,0,0,0.0,0.0
FUNC,3,0,0,0.0,0.0
GOAU,3,0,0,0.0,0.0
AMS,3,0,0,0.0,0.0
DFIN,3,0,0,0.0,0.0
RBC,3,0,0,0.0,0.0
TFIN,3,0,0,0.0,0.0
CNCK,3,0,0,0.0,0.0
BAR,3,0,0,0.0,0.0
LSE,3,1,0,33.33333333333333,0.0
FEBO,3,0,0,0.0,0.0
PEO,3,0,0,0.0,0.0
ONDS,3,0,0,0.0,0.0
RTO,3,0,0,0.0,0.0
DRVN,3,0,0,0.0,0.0
FLGT,3,0,0,0.0,0.0
UGA,3,0,0,0.0,0.0
IRDM,3,0,0,0.0,0.0
MKDW,3,1,0,33.33333333333333,0.0
BNT,3,0,0,0.0,0.0
STX,3,0,0,0.0,0.0
FXD,3,0,0,0.0,0.0
AMRC,3,0,0,0.0,0.0
MFIN,3,0,0,0.0,0.0
SLXN,3,0,0,0.0,0.0
MDV,3,0,0,0.0,0.0
BBEU,3,0,0,0.0,0.0
WLY,3,0,0,0.0,0.0
PPTA,3,0,0,0.0,0.0
ADGM,3,0,0,0.0,0.0
MEXX,3,0,0,0.0,0.0
OPLN,3,0,0,0.0,0.0
WOK,3,1,0,33.33333333333333,0.0
SNBR,3,0,0,0.0,0.0
STN,3,0,0,0.0,0.0
BSRR,3,0,0,0.0,0.0
PAHC,3,0,0,0.0,0.0
INTG,3,0,0,0.0,0.0
MQ,3,0,0,0.0,0.0
MSFO,3,0,0,0.0,0.0
MDRR,3,0,0,0.0,0.0
CTOR,3,2,1,66.66666666666666,33.33333333333333
SNAL,3,0,0,0.0,0.0
WHLRL,3,0,0,0.0,0.0
SLF,3,0,0,0.0,0.0
CQQQ,3,0,0,0.0,0.0
BSBR,3,0,0,0.0,0.0
NG,3,0,0,0.0,0.0
MDBX,3,0,0,0.0,0.0
RFL,3,0,0,0.0,0.0
ORCL,3,0,0,0.0,0.0
AOSL,3,0,0,0.0,0.0
NBBK,3,0,0,0.0,0.0
UZD,3,0,0,0.0,0.0
PEN,3,0,0,0.0,0.0
PW,3,0,0,0.0,0.0
WIT,3,0,0,0.0,0.0
PLUS,3,0,0,0.0,0.0
RGCO,3,0,0,0.0,0.0
CULP,3,0,0,0.0,0.0
SIF,3,0,0,0.0,0.0
VENU,3,0,0,0.0,0.0
RDDT,3,0,0,0.0,0.0
UFG,3,0,0,0.0,0.0
ESLA,3,1,1,33.33333333333333,33.33333333333333
AGM,3,0,0,0.0,0.0
CRGO,3,0,0,0.0,0.0
PSFE,3,0,0,0.0,0.0
HLI,3,0,0,0.0,0.0
WHLR,3,0,0,0.0,0.0
AZ,3,0,0,0.0,0.0
GUNR,3,0,0,0.0,0.0
URAA,3,0,0,0.0,0.0
IEUS,3,0,0,0.0,0.0
CLWT,3,0,0,0.0,0.0
LXFR,3,0,0,0.0,0.0
AEO,3,0,0,0.0,0.0
MJ,3,0,0,0.0,0.0
NXST,3,0,0,0.0,0.0
AS,3,0,0,0.0,0.0
DJTU,3,0,0,0.0,0.0
UEC,3,0,0,0.0,0.0
NCEW,3,0,0,0.0,0.0
STCE,3,0,0,0.0,0.0
AVXL,3,0,0,0.0,0.0
ZSB,3,0,0,0.0,0.0
SHEN,3,0,0,0.0,0.0
MSGY,3,0,0,0.0,0.0
CLS,3,0,0,0.0,0.0
RSPM,3,0,0,0.0,0.0
AX,2,0,0,0.0,0.0
BBWI,2,0,0,0.0,0.0
NVGS,2,0,0,0.0,0.0
ASTL,2,0,0,0.0,0.0
COHR,2,0,0,0.0,0.0
MRTN,2,0,0,0.0,0.0
GRFS,2,0,0,0.0,0.0
MZTI,2,0,0,0.0,0.0
BANR,2,0,0,0.0,0.0
BPYPN,2,0,0,0.0,0.0
TWFG,2,0,0,0.0,0.0
YELP,2,0,0,0.0,0.0
POW,2,0,0,0.0,0.0
GRWG,2,1,0,50.0,0.0
TTAM,2,0,0,0.0,0.0
RDYY,2,0,0,0.0,0.0
PLTG,2,0,0,0.0,0.0
IBM,2,0,0,0.0,0.0
EUFN,2,0,0,0.0,0.0
CCBG,2,0,0,0.0,0.0
FIDU,2,0,0,0.0,0.0
VAW,2,0,0,0.0,0.0
SRVR,2,0,0,0.0,0.0
ORA,2,0,0,0.0,0.0
LEU,2,0,0,0.0,0.0
LAUR,2,0,0,0.0,0.0
MEI,2,0,0,0.0,0.0
FLYU,2,0,0,0.0,0.0
JMSB,2,0,0,0.0,0.0
QCML,2,0,0,0.0,0.0
FLNG,2,0,0,0.0,0.0
SAGT,2,0,0,0.0,0.0
IZRL,2,0,0,0.0,0.0
MSFX,2,0,0,0.0,0.0
BXC,2,0,0,0.0,0.0
GVAL,2,0,0,0.0,0.0
VRTL,2,0,0,0.0,0.0
RAND,2,0,0,0.0,0.0
FAF,2,0,0,0.0,0.0
MIDU,2,0,0,0.0,0.0
WEYS,2,0,0,0.0,0.0
FFIV,2,0,0,0.0,0.0
LIEN,2,0,0,0.0,0.0
GABC,2,0,0,0.0,0.0
ABNB,2,0,0,0.0,0.0
EFU,2,0,0,0.0,0.0
ITGR,2,0,0,0.0,0.0
NE,2,0,0,0.0,0.0
PHAR,2,0,0,0.0,0.0
GHI,2,0,0,0.0,0.0
TSLP,2,0,0,0.0,0.0
ULS,2,0,0,0.0,0.0
NTRA,2,0,0,0.0,0.0
PTNM,2,1,0,50.0,0.0
PATN,2,0,0,0.0,0.0
ILMN,2,0,0,0.0,0.0
FBP,2,0,0,0.0,0.0
FIP,2,0,0,0.0,0.0
MMYT,2,0,0,0.0,0.0
AMZU,2,0,0,0.0,0.0
MBAV,2,0,0,0.0,0.0
GOOD,2,0,0,0.0,0.0
CMDB,2,0,0,0.0,0.0
OIS,2,0,0,0.0,0.0
COMB,2,0,0,0.0,0.0
NRGU,2,0,0,0.0,0.0
NRES,2,0,0,0.0,0.0
THH,2,0,0,0.0,0.0
CIIT,2,1,0,50.0,0.0
AMDG,2,0,0,0.0,0.0
SEM,2,0,0,0.0,0.0
YDDL,2,0,0,0.0,0.0
CION,2,0,0,0.0,0.0
SLS,2,0,0,0.0,0.0
CDLR,2,0,0,0.0,0.0
JRSH,2,0,0,0.0,0.0
MUFG,2,0,0,0.0,0.0
ADPV,2,0,0,0.0,0.0
ALKS,2,0,0,0.0,0.0
XMVM,2,0,0,0.0,0.0
SHIP,2,0,0,0.0,0.0
ACHR,2,0,0,0.0,0.0
GTY,2,0,0,0.0,0.0
IQ,2,0,0,0.0,0.0
CCEL,2,0,0,0.0,0.0
WFCF,2,0,0,0.0,0.0
TDC,2,0,0,0.0,0.0
BNZI,2,0,0,0.0,0.0
AETH,2,0,0,0.0,0.0
DISO,2,0,0,0.0,0.0
TSEL,2,0,0,0.0,0.0
MTA,2,0,0,0.0,0.0
HNNA,2,0,0,0.0,0.0
MIMI,2,0,0,0.0,0.0
MKSI,2,0,0,0.0,0.0
AU,2,0,0,0.0,0.0
RDZN,2,0,0,0.0,0.0
COLO,2,0,0,0.0,0.0
NIC,2,0,0,0.0,0.0
LAW,2,0,0,0.0,0.0
FMTL,2,0,0,0.0,0.0
DSWL,2,0,0,0.0,0.0
GT,2,0,0,0.0,0.0
PODD,2,0,0,0.0,0.0
UGL,2,0,0,0.0,0.0
DIOD,2,0,0,0.0,0.0
ETSY,2,0,0,0.0,0.0
DORM,2,0,0,0.0,0.0
PLTM,2,0,0,0.0,0.0
AMN,2,0,0,0.0,0.0
BJK,2,0,0,0.0,0.0
RLGT,2,0,0,0.0,0.0
NURE,2,0,0,0.0,0.0
NJR,2,0,0,0.0,0.0
FMS,2,0,0,0.0,0.0
GFLW,2,0,0,0.0,0.0
NBHC,2,0,0,0.0,0.0
CBU,2,0,0,0.0,0.0
PRIM,2,0,0,0.0,0.0
WAY,2,0,0,0.0,0.0
RGR,2,0,0,0.0,0.0
NLR,2,0,0,0.0,0.0
MTN,2,0,0,0.0,0.0
CRBG,2,0,0,0.0,0.0
NGVT,2,0,0,0.0,0.0
PLUR,2,0,0,0.0,0.0
BRFH,2,1,0,50.0,0.0
DMLP,2,0,0,0.0,0.0
GFS,2,0,0,0.0,0.0
BWIN,2,0,0,0.0,0.0
POWI,2,0,0,0.0,0.0
GAMR,2,0,0,0.0,0.0
LITB,2,0,0,0.0,0.0
WXM,2,0,0,0.0,0.0
JL,2,1,1,50.0,50.0
FISI,2,0,0,0.0,0.0
KRMN,2,0,0,0.0,0.0
TPOR,2,0,0,0.0,0.0
ARMW,2,0,0,0.0,0.0
ARM,2,1,0,50.0,0.0
PST,2,0,0,0.0,0.0
EZM,2,0,0,0.0,0.0
NVO,2,0,0,0.0,0.0
CPBI,2,0,0,0.0,0.0
TALO,2,0,0,0.0,0.0
FINV,2,0,0,0.0,0.0
DGII,2,0,0,0.0,0.0
UTHR,2,0,0,0.0,0.0
SNDR,2,0,0,0.0,0.0
KTCC,2,0,0,0.0,0.0
QVMT,2,0,0,0.0,0.0
PSCM,2,0,0,0.0,0.0
JSML,2,0,0,0.0,0.0
KNSL,2,0,0,0.0,0.0
TCHP,2,0,0,0.0,0.0
UG,2,0,0,0.0,0.0
HY,2,0,0,0.0,0.0
RERE,2,0,0,0.0,0.0
ENPX,2,0,0,0.0,0.0
APPX,2,0,0,0.0,0.0
FDM,2,0,0,0.0,0.0
ACT,2,0,0,0.0,0.0
BCI,2,0,0,0.0,0.0
DVA,2,0,0,0.0,0.0
BAH,2,0,0,0.0,0.0
BHFAM,2,0,0,0.0,0.0
GBTC,2,0,0,0.0,0.0
NFXS,2,0,0,0.0,0.0
FUSE,2,0,0,0.0,0.0
MDBH,2,0,0,0.0,0.0
EQRR,2,0,0,0.0,0.0
LGCL,2,0,0,0.0,0.0
BBIN,2,0,0,0.0,0.0
RMCO,2,0,0,0.0,0.0
GEF-B,2,0,0,0.0,0.0
LPTH,2,0,0,0.0,0.0
FDN,2,0,0,0.0,0.0
FTW,2,0,0,0.0,0.0
BWET,2,0,0,0.0,0.0
IRIX,2,0,0,0.0,0.0
PDDL,2,0,0,0.0,0.0
USO,2,0,0,0.0,0.0
WUGI,2,0,0,0.0,0.0
NORW,2,0,0,0.0,0.0
FMFC,2,0,0,0.0,0.0
STRW,2,0,0,0.0,0.0
NPWR,2,0,0,0.0,0.0
QRVO,2,0,0,0.0,0.0
INDS,2,0,0,0.0,0.0
TGB,2,0,0,0.0,0.0
BTCW,2,0,0,0.0,0.0
WHR,2,0,0,0.0,0.0
MTDR,2,0,0,0.0,0.0
ONTO,2,0,0,0.0,0.0
KBA,2,0,0,0.0,0.0
WGO,2,0,0,0.0,0.0
BKV,2,0,0,0.0,0.0
FLG,2,0,0,0.0,0.0
SNFCA,2,0,0,0.0,0.0
HPP,2,0,0,0.0,0.0
ECON,2,0,0,0.0,0.0
PSO,2,0,0,0.0,0.0
DXCM,2,0,0,0.0,0.0
FBIN,2,0,0,0.0,0.0
MTH,2,0,0,0.0,0.0
CNR,2,0,0,0.0,0.0
AMTM,2,0,0,0.0,0.0
MARO,2,0,0,0.0,0.0
TAGS,2,0,0,0.0,0.0
VICI,2,0,0,0.0,0.0
KEN,2,0,0,0.0,0.0
REI,2,0,0,0.0,0.0
HODL,2,0,0,0.0,0.0
DFJ,2,0,0,0.0,0.0
S,2,0,0,0.0,0.0
SOLS,2,0,0,0.0,0.0
BBC,2,0,0,0.0,0.0
REZ,2,0,0,0.0,0.0
RILYL,2,0,0,0.0,0.0
ADTX,2,0,0,0.0,0.0
AMZY,2,0,0,0.0,0.0
CTBB,2,0,0,0.0,0.0
BGL,2,0,0,0.0,0.0
FATN,2,0,0,0.0,0.0
HDLB,2,0,0,0.0,0.0
BOH,2,0,0,0.0,0.0
PAMC,2,0,0,0.0,0.0
WSO,2,0,0,0.0,0.0
JETD,2,0,0,0.0,0.0
ETD,2,0,0,0.0,0.0
TCAI,2,0,0,0.0,0.0
BLNK,2,0,0,0.0,0.0
ATI,2,0,0,0.0,0.0
ALK,2,0,0,0.0,0.0
EGGQ,2,0,0,0.0,0.0
KEMX,2,0,0,0.0,0.0
IYE,2,0,0,0.0,0.0
THM,2,0,0,0.0,0.0
FEUZ,2,0,0,0.0,0.0
BITI,2,0,0,0.0,0.0
JBL,2,0,0,0.0,0.0
PD,2,0,0,0.0,0.0
EYLD,2,0,0,0.0,0.0
IBCP,2,0,0,0.0,0.0
CRCO,2,0,0,0.0,0.0
LGIH,2,0,0,0.0,0.0
SKT,2,0,0,0.0,0.0
PIE,2,0,0,0.0,0.0
CRAK,2,0,0,0.0,0.0
EEFT,2,0,0,0.0,0.0
CHMI,2,0,0,0.0,0.0
MGYR,2,0,0,0.0,0.0
NNBR,2,0,0,0.0,0.0
RSPR,2,0,0,0.0,0.0
CLVT,2,0,0,0.0,0.0
PRTS,2,0,0,0.0,0.0
GEVX,2,0,0,0.0,0.0
CSV,2,0,0,0.0,0.0
AGIX,2,0,0,0.0,0.0
LW,2,0,0,0.0,0.0
RNRG,2,0,0,0.0,0.0
SDCI,2,0,0,0.0,0.0
CBFV,2,0,0,0.0,0.0
HEAL,2,0,0,0.0,0.0
GCL,2,0,0,0.0,0.0
PAGS,2,0,0,0.0,0.0
VIXY,2,0,0,0.0,0.0
MRBK,2,0,0,0.0,0.0
QMOM,2,0,0,0.0,0.0
BBSC,2,0,0,0.0,0.0
NOVTU,2,0,0,0.0,0.0
PAR,2,0,0,0.0,0.0
PLXS,2,0,0,0.0,0.0
CITR,2,0,0,0.0,0.0
RS,2,0,0,0.0,0.0
GSG,2,0,0,0.0,0.0
BJ,2,0,0,0.0,0.0
CNH,2,0,0,0.0,0.0
IQLT,2,0,0,0.0,0.0
NREF,2,0,0,0.0,0.0
MCW,2,0,0,0.0,0.0
WK,2,0,0,0.0,0.0
HRTS,2,0,0,0.0,0.0
PGC,2,0,0,0.0,0.0
UTSL,2,0,0,0.0,0.0
HEZU,2,0,0,0.0,0.0
EXOD,2,0,0,0.0,0.0
GTEK,2,0,0,0.0,0.0
FICO,2,0,0,0.0,0.0
SLDP,2,0,0,0.0,0.0
TSM,2,0,0,0.0,0.0
PLTK,2,0,0,0.0,0.0
UVV,2,0,0,0.0,0.0
MUSA,2,0,0,0.0,0.0
PJT,2,0,0,0.0,0.0
IBKR,2,0,0,0.0,0.0
SGC,2,0,0,0.0,0.0
BETH,2,0,0,0.0,0.0
HURC,2,0,0,0.0,0.0
LDEM,2,0,0,0.0,0.0
CNL,2,0,0,0.0,0.0
BZH,2,0,0,0.0,0.0
BPYPM,2,0,0,0.0,0.0
AAXJ,2,0,0,0.0,0.0
FPA,2,0,0,0.0,0.0
MLR,2,0,0,0.0,0.0
YSXT,2,0,0,0.0,0.0
KLIC,2,0,0,0.0,0.0
CDTG,2,0,0,0.0,0.0
VCEL,2,0,0,0.0,0.0
SOHOO,2,0,0,0.0,0.0
SVIX,2,0,0,0.0,0.0
GIBO,2,1,0,50.0,0.0
AIXI,2,1,0,50.0,0.0
INMD,2,0,0,0.0,0.0
HTHT,2,0,0,0.0,0.0
SEAT,2,0,0,0.0,0.0
KOS,2,0,0,0.0,0.0
ZUMZ,2,0,0,0.0,0.0
MB,2,1,0,50.0,0.0
MSDD,2,0,0,0.0,0.0
EMQQ,2,0,0,0.0,0.0
FPI,2,0,0,0.0,0.0
PRVA,2,0,0,0.0,0.0
MVPL,2,0,0,0.0,0.0
NLOP,2,0,0,0.0,0.0
RBCAA,2,0,0,0.0,0.0
PEBO,2,0,0,0.0,0.0
DXC,2,0,0,0.0,0.0
TCOM,2,0,0,0.0,0.0
SPMO,2,0,0,0.0,0.0
NICE,2,0,0,0.0,0.0
MOGU,2,0,0,0.0,0.0
SENEB,2,0,0,0.0,0.0
EDU,2,0,0,0.0,0.0
THW,2,0,0,0.0,0.0
FORR,2,0,0,0.0,0.0
SPXC,2,0,0,0.0,0.0
RLX,2,0,0,0.0,0.0
ZS,2,0,0,0.0,0.0
MSFU,2,0,0,0.0,0.0
MCFT,2,0,0,0.0,0.0
VTMX,2,0,0,0.0,0.0
FTXO,2,0,0,0.0,0.0
TRFM,2,0,0,0.0,0.0
TRMK,2,0,0,0.0,0.0
DNL,2,0,0,0.0,0.0
AYI,2,0,0,0.0,0.0
LIMI,2,0,0,0.0,0.0
PKX,2,0,0,0.0,0.0
DFIS,2,0,0,0.0,0.0
DOLE,2,0,0,0.0,0.0
FTWO,2,0,0,0.0,0.0
GCTS,2,0,0,0.0,0.0
HUHU,2,0,0,0.0,0.0
CRSR,2,0,0,0.0,0.0
MHH,2,0,0,0.0,0.0
SOHOB,2,0,0,0.0,0.0
BCC,2,0,0,0.0,0.0
FUSB,2,0,0,0.0,0.0
EHGO,2,0,0,0.0,0.0
UNIT,2,0,0,0.0,0.0
VPL,2,0,0,0.0,0.0
APWC,2,0,0,0.0,0.0
WING,2,0,0,0.0,0.0
FAD,2,0,0,0.0,0.0
IQM,2,0,0,0.0,0.0
PMCB,2,0,0,0.0,0.0
LRGE,2,0,0,0.0,0.0
REMX,2,0,0,0.0,0.0
INCY,2,0,0,0.0,0.0
YINN,2,0,0,0.0,0.0
YANG,2,0,0,0.0,0.0
FLD,2,0,0,0.0,0.0
WAFDP,2,0,0,0.0,0.0
NMR,2,0,0,0.0,0.0
KGS,2,0,0,0.0,0.0
JEMA,2,0,0,0.0,0.0
QCOM,2,0,0,0.0,0.0
TDTH,2,0,0,0.0,0.0
ACHC,2,0,0,0.0,0.0
LPLA,2,0,0,0.0,0.0
ERNA,2,0,0,0.0,0.0
MDYV,2,0,0,0.0,0.0
BITC,2,0,0,0.0,0.0
HE,2,0,0,0.0,0.0
WTIU,2,0,0,0.0,0.0
WRBY,2,0,0,0.0,0.0
IAUM,2,0,0,0.0,0.0
ESHA,2,0,0,0.0,0.0
TECH,2,0,0,0.0,0.0
EQBK,2,0,0,0.0,0.0
HWM,2,0,0,0.0,0.0
PBD,2,0,0,0.0,0.0
EMOP,2,0,0,0.0,0.0
RSPN,2,0,0,0.0,0.0
LAWR,2,0,0,0.0,0.0
ATRC,2,0,0,0.0,0.0
BRAZ,2,0,0,0.0,0.0
SN,2,0,0,0.0,0.0
BLKB,2,0,0,0.0,0.0
PRME,2,0,0,0.0,0.0
LSGR,2,0,0,0.0,0.0
AAON,2,0,0,0.0,0.0
VITL,2,0,0,0.0,0.0
MAT,2,0,0,0.0,0.0
VBIX,2,1,0,50.0,0.0
MOG-B,2,0,0,0.0,0.0
NFGC,2,0,0,0.0,0.0
VONG,2,0,0,0.0,0.0
AIBD,2,0,0,0.0,0.0
NTZ,2,0,0,0.0,0.0
MORN,2,0,0,0.0,0.0
TOKE,2,0,0,0.0,0.0
AMZZ,2,0,0,0.0,0.0
DFEN,2,0,0,0.0,0.0
SERV,2,1,0,50.0,0.0
BTSG,2,0,0,0.0,0.0
HALO,2,0,0,0.0,0.0
DNLI,2,0,0,0.0,0.0
TXG,2,0,0,0.0,0.0
PC,2,0,0,0.0,0.0
CMTV,2,0,0,0.0,0.0
EVER,2,0,0,0.0,0.0
FLN,2,0,0,0.0,0.0
IPI,2,0,0,0.0,0.0
AZN,2,0,0,0.0,0.0
CRPT,2,0,0,0.0,0.0
COPP,2,0,0,0.0,0.0
ETHM,2,0,0,0.0,0.0
FLS,2,0,0,0.0,0.0
CRD-A,2,0,0,0.0,0.0
IART,2,0,0,0.0,0.0
ANPA,2,1,1,50.0,50.0
ALGM,2,0,0,0.0,0.0
UPBD,2,0,0,0.0,0.0
ZTO,2,0,0,0.0,0.0
FYC,2,0,0,0.0,0.0
MTX,2,0,0,0.0,0.0
MLP,2,0,0,0.0,0.0
SWAG,2,0,0,0.0,0.0
BBCP,2,0,0,0.0,0.0
GDOT,2,0,0,0.0,0.0
GENVR,2,0,0,0.0,0.0
PFUT,2,0,0,0.0,0.0
META,2,0,0,0.0,0.0
MGRC,2,0,0,0.0,0.0
BIYA,2,0,0,0.0,0.0
NEU,2,0,0,0.0,0.0
GECC,2,0,0,0.0,0.0
NUKZ,2,0,0,0.0,0.0
BLD,2,0,0,0.0,0.0
LCNB,2,0,0,0.0,0.0
MGN,2,0,0,0.0,0.0
IX,2,0,0,0.0,0.0
KNX,2,0,0,0.0,0.0
CUPR,2,0,0,0.0,0.0
REED,2,0,0,0.0,0.0
HVT,2,0,0,0.0,0.0
SMBK,2,0,0,0.0,0.0
TYO,2,0,0,0.0,0.0
SEA,2,0,0,0.0,0.0
CLPR,2,0,0,0.0,0.0
AAPX,2,0,0,0.0,0.0
TTWO,2,0,0,0.0,0.0
CNK,2,0,0,0.0,0.0
CTRA,2,0,0,0.0,0.0
AWP,2,0,0,0.0,0.0
HFWA,2,0,0,0.0,0.0
BBAR,2,0,0,0.0,0.0
AOMR,2,0,0,0.0,0.0
SEEM,2,0,0,0.0,0.0
VXZ,2,0,0,0.0,0.0
USOI,2,0,0,0.0,0.0
DKNG,2,0,0,0.0,0.0
MLPB,2,0,0,0.0,0.0
SB,2,0,0,0.0,0.0
VIASP,2,0,0,0.0,0.0
CCSI,2,0,0,0.0,0.0
TRST,2,0,0,0.0,0.0
TTEQ,2,0,0,0.0,0.0
PXF,2,0,0,0.0,0.0
CANG,2,0,0,0.0,0.0
PFX,2,0,0,0.0,0.0
XRN,2,0,0,0.0,0.0
BOW,2,0,0,0.0,0.0
ORN,2,0,0,0.0,0.0
SY,2,1,0,50.0,0.0
MAGX,2,0,0,0.0,0.0
NVDL,2,0,0,0.0,0.0
ALOT,2,0,0,0.0,0.0
CLBK,2,0,0,0.0,0.0
LBGJ,2,0,0,0.0,0.0
WSBF,2,0,0,0.0,0.0
MKOR,2,0,0,0.0,0.0
THR,2,0,0,0.0,0.0
FULT,2,0,0,0.0,0.0
CGC,2,1,0,50.0,0.0
EFG,2,0,0,0.0,0.0
TEX,2,0,0,0.0,0.0
DAX,2,0,0,0.0,0.0
VIK,2,0,0,0.0,0.0
EPAM,2,0,0,0.0,0.0
SMFG,2,0,0,0.0,0.0
PFGC,2,0,0,0.0,0.0
KGEI,2,0,0,0.0,0.0
AZZ,2,0,0,0.0,0.0
BWLP,2,0,0,0.0,0.0
WS,2,0,0,0.0,0.0
HAO,2,2,0,100.0,0.0
ELUT,2,0,0,0.0,0.0
ISCG,2,0,0,0.0,0.0
LSPD,2,0,0,0.0,0.0
UCTT,2,0,0,0.0,0.0
BWEB,2,0,0,0.0,0.0
VYX,2,0,0,0.0,0.0
YGLD,2,0,0,0.0,0.0
AHMA,2,1,1,50.0,50.0
KORU,2,0,0,0.0,0.0
GCO,2,0,0,0.0,0.0
CDZIP,2,0,0,0.0,0.0
TSMY,2,0,0,0.0,0.0
UPAR,2,0,0,0.0,0.0
DGICB,2,0,0,0.0,0.0
JCSE,2,0,0,0.0,0.0
EAF,2,0,0,0.0,0.0
IMAX,2,0,0,0.0,0.0
DG,2,0,0,0.0,0.0
OPTT,2,0,0,0.0,0.0
FCBC,2,0,0,0.0,0.0
PDM,2,0,0,0.0,0.0
PIO,2,0,0,0.0,0.0
DIT,2,0,0,0.0,0.0
LFSC,2,0,0,0.0,0.0
MMSI,2,0,0,0.0,0.0
PCLA,2,1,0,50.0,0.0
HASI,2,0,0,0.0,0.0
ARGX,2,0,0,0.0,0.0
CPF,2,0,0,0.0,0.0
YXT,2,0,0,0.0,0.0
ACNB,2,0,0,0.0,0.0
NATO,2,0,0,0.0,0.0
SCO,2,0,0,0.0,0.0
BKSE,2,0,0,0.0,0.0
GUTS,2,0,0,0.0,0.0
WEAT,2,0,0,0.0,0.0
CWEB,2,0,0,0.0,0.0
MRNO,2,1,1,50.0,50.0
FWONA,2,0,0,0.0,0.0
ASMG,2,0,0,0.0,0.0
BTF,2,0,0,0.0,0.0
UFO,2,0,0,0.0,0.0
WCBR,2,0,0,0.0,0.0
NUGO,2,0,0,0.0,0.0
PZG,2,0,0,0.0,0.0
DBJP,2,0,0,0.0,0.0
BOTJ,2,0,0,0.0,0.0
INLF,2,0,0,0.0,0.0
JEF,2,0,0,0.0,0.0
PODC,2,0,0,0.0,0.0
UIS,2,0,0,0.0,0.0
AVS,2,0,0,0.0,0.0
COHU,2,0,0,0.0,0.0
SHOO,2,0,0,0.0,0.0
LOUP,2,0,0,0.0,0.0
ZTEK,2,0,0,0.0,0.0
MKC-V,2,0,0,0.0,0.0
BZ,2,0,0,0.0,0.0
GMAB,2,0,0,0.0,0.0
WHD,2,0,0,0.0,0.0
HOOY,2,0,0,0.0,0.0
TRMD,2,0,0,0.0,0.0
FTHM,2,0,0,0.0,0.0
ASML,2,0,0,0.0,0.0
AWR,2,0,0,0.0,0.0
ASIX,2,0,0,0.0,0.0
BBH,2,0,0,0.0,0.0
SVV,2,0,0,0.0,0.0
GO,2,0,0,0.0,0.0
ORCX,2,0,0,0.0,0.0
GOOW,2,0,0,0.0,0.0
RRR,2,0,0,0.0,0.0
SWKH,2,0,0,0.0,0.0
CRL,2,0,0,0.0,0.0
UDOW,2,0,0,0.0,0.0
MHLA,2,0,0,0.0,0.0
FCF,2,0,0,0.0,0.0
HHS,2,0,0,0.0,0.0
CHRD,2,0,0,0.0,0.0
HCSG,2,0,0,0.0,0.0
AAPG,2,0,0,0.0,0.0
SARO,2,0,0,0.0,0.0
BZQ,2,0,0,0.0,0.0
USLM,2,0,0,0.0,0.0
SCHL,2,0,0,0.0,0.0
JCE,2,0,0,0.0,0.0
MCN,2,0,0,0.0,0.0
YQ,2,0,0,0.0,0.0
VLYPP,2,0,0,0.0,0.0
AAUC,2,0,0,0.0,0.0
IH,2,0,0,0.0,0.0
MERC,2,0,0,0.0,0.0
CARD,2,0,0,0.0,0.0
FTNT,2,0,0,0.0,0.0
IWP,2,0,0,0.0,0.0
INFY,2,0,0,0.0,0.0
STLD,2,0,0,0.0,0.0
AKA,2,0,0,0.0,0.0
FAN,2,0,0,0.0,0.0
PHI,2,0,0,0.0,0.0
ICOP,2,0,0,0.0,0.0
DAVA,2,0,0,0.0,0.0
COSM,2,1,0,50.0,0.0
PRAA,2,0,0,0.0,0.0
OUNZ,2,0,0,0.0,0.0
BETE,2,0,0,0.0,0.0
SRS,2,0,0,0.0,0.0
IONS,2,0,0,0.0,0.0
EDZ,2,0,0,0.0,0.0
HVT-A,2,0,0,0.0,0.0
SRPU,2,0,0,0.0,0.0
YYGH,2,0,0,0.0,0.0
TSMZ,2,0,0,0.0,0.0
TAIL,2,0,0,0.0,0.0
BTGD,2,0,0,0.0,0.0
PILL,2,0,0,0.0,0.0
LION,2,0,0,0.0,0.0
RRX,2,0,0,0.0,0.0
EXPE,2,0,0,0.0,0.0
GIL,2,0,0,0.0,0.0
AWRE,2,0,0,0.0,0.0
BMGL,2,1,0,50.0,0.0
FLNC,2,0,0,0.0,0.0
PALD,2,0,0,0.0,0.0
PNQI,2,0,0,0.0,0.0
SMTI,2,0,0,0.0,0.0
SCVL,2,0,0,0.0,0.0
PSCE,2,0,0,0.0,0.0
SHNY,2,0,0,0.0,0.0
VRRM,2,0,0,0.0,0.0
WPRT,2,0,0,0.0,0.0
VDE,1,0,0,0.0,0.0
MVRL,1,0,0,0.0,0.0
SCHC,1,0,0,0.0,0.0
TLTD,1,0,0,0.0,0.0
BCO,1,0,0,0.0,0.0
COR,1,0,0,0.0,0.0
VXX,1,0,0,0.0,0.0
VFQY,1,0,0,0.0,0.0
JSMD,1,0,0,0.0,0.0
PDX,1,0,0,0.0,0.0
AMG,1,0,0,0.0,0.0
WSC,1,0,0,0.0,0.0
TMFS,1,0,0,0.0,0.0
EMPG,1,0,0,0.0,0.0
WYFI,1,0,0,0.0,0.0
PPCB,1,0,0,0.0,0.0
MOBX,1,0,0,0.0,0.0
WDAY,1,0,0,0.0,0.0
IWML,1,0,0,0.0,0.0
TX,1,0,0,0.0,0.0
ITRI,1,0,0,0.0,0.0
PVH,1,0,0,0.0,0.0
JEDI,1,0,0,0.0,0.0
LOBO,1,0,0,0.0,0.0
GWX,1,0,0,0.0,0.0
BN,1,0,0,0.0,0.0
BKMC,1,0,0,0.0,0.0
SEIC,1,0,0,0.0,0.0
FOXF,1,0,0,0.0,0.0
GXDW,1,0,0,0.0,0.0
EQT,1,0,0,0.0,0.0
STT,1,0,0,0.0,0.0
UIVM,1,0,0,0.0,0.0
PKW,1,0,0,0.0,0.0
ALCY,1,0,0,0.0,0.0
RSSL,1,0,0,0.0,0.0
DGNX,1,0,0,0.0,0.0
RXI,1,0,0,0.0,0.0
CORN,1,0,0,0.0,0.0
E,1,0,0,0.0,0.0
VIS,1,0,0,0.0,0.0
KMTS,1,0,0,0.0,0.0
IDHQ,1,0,0,0.0,0.0
TOMZ,1,0,0,0.0,0.0
CNTY,1,0,0,0.0,0.0
BEAM,1,0,0,0.0,0.0
FORH,1,0,0,0.0,0.0
NODE,1,0,0,0.0,0.0
GOLF,1,0,0,0.0,0.0
IVAL,1,0,0,0.0,0.0
JCHI,1,0,0,0.0,0.0
NCV,1,0,0,0.0,0.0
SVACU,1,0,0,0.0,0.0
IWLG,1,0,0,0.0,0.0
CSL,1,0,0,0.0,0.0
IAT,1,0,0,0.0,0.0
BUI,1,0,0,0.0,0.0
FRPH,1,0,0,0.0,0.0
SMR,1,0,0,0.0,0.0
FTA,1,0,0,0.0,0.0
DB,1,0,0,0.0,0.0
SOXX,1,0,0,0.0,0.0
AIFD,1,0,0,0.0,0.0
HURN,1,0,0,0.0,0.0
RGP,1,0,0,0.0,0.0
TPC,1,0,0,0.0,0.0
EPRT,1,0,0,0.0,0.0
SLND,1,0,0,0.0,0.0
TVA,1,0,0,0.0,0.0
FAAR,1,0,0,0.0,0.0
AIR,1,0,0,0.0,0.0
ALNT,1,0,0,0.0,0.0
BUYZ,1,0,0,0.0,0.0
TOLZ,1,0,0,0.0,0.0
CRT,1,0,0,0.0,0.0
IDMO,1,0,0,0.0,0.0
GM,1,0,0,0.0,0.0
MYFW,1,0,0,0.0,0.0
NBDS,1,0,0,0.0,0.0
NFLP,1,0,0,0.0,0.0
EMCS,1,0,0,0.0,0.0
YAAS,1,0,0,0.0,0.0
KNG,1,0,0,0.0,0.0
W,1,0,0,0.0,0.0
TRC,1,0,0,0.0,0.0
WSBK,1,0,0,0.0,0.0
TPZ,1,0,0,0.0,0.0
IPOS,1,0,0,0.0,0.0
MD,1,0,0,0.0,0.0
DWSN,1,0,0,0.0,0.0
LMBO,1,0,0,0.0,0.0
UCIB,1,0,0,0.0,0.0
CALM,1,0,0,0.0,0.0
FRDU,1,0,0,0.0,0.0
GPN,1,0,0,0.0,0.0
UHAL-B,1,0,0,0.0,0.0
GLIN,1,0,0,0.0,0.0
XLI,1,0,0,0.0,0.0
VVV,1,0,0,0.0,0.0
SLMBP,1,0,0,0.0,0.0
GPK,1,0,0,0.0,0.0
CBSE,1,0,0,0.0,0.0
CABO,1,0,0,0.0,0.0
RVTY,1,0,0,0.0,0.0
KNRX,1,0,0,0.0,0.0
MMSC,1,0,0,0.0,0.0
USPH,1,0,0,0.0,0.0
URI,1,0,0,0.0,0.0
MOD,1,0,0,0.0,0.0
ENFR,1,0,0,0.0,0.0
NIQ,1,0,0,0.0,0.0
XJR,1,0,0,0.0,0.0
TRI,1,0,0,0.0,0.0
SNPS,1,0,0,0.0,0.0
SOYB,1,0,0,0.0,0.0
QQMG,1,0,0,0.0,0.0
GSBC,1,0,0,0.0,0.0
CMI,1,0,0,0.0,0.0
BLSG,1,0,0,0.0,0.0
ROSC,1,0,0,0.0,0.0
QTJL,1,0,0,0.0,0.0
UNX,1,0,0,0.0,0.0
ES,1,0,0,0.0,0.0
DUSA,1,0,0,0.0,0.0
NVD,1,0,0,0.0,0.0
METL,1,0,0,0.0,0.0
PKE,1,0,0,0.0,0.0
ERX,1,0,0,0.0,0.0
FCN,1,0,0,0.0,0.0
PBHC,1,0,0,0.0,0.0
PAVE,1,0,0,0.0,0.0
VOLT,1,0,0,0.0,0.0
HQL,1,0,0,0.0,0.0
OND,1,0,0,0.0,0.0
CARL,1,0,0,0.0,0.0
PARR,1,0,0,0.0,0.0
BMRN,1,0,0,0.0,0.0
SETM,1,0,0,0.0,0.0
INDL,1,0,0,0.0,0.0
WLACU,1,0,0,0.0,0.0
FGL,1,0,0,0.0,0.0
KINS,1,0,0,0.0,0.0
PINK,1,0,0,0.0,0.0
RSKD,1,0,0,0.0,0.0
CBZ,1,0,0,0.0,0.0
FGNXP,1,0,0,0.0,0.0
CONI,1,0,0,0.0,0.0
LKQ,1,0,0,0.0,0.0
GLDM,1,0,0,0.0,0.0
NCRA,1,0,0,0.0,0.0
LBTYA,1,0,0,0.0,0.0
WTBA,1,0,0,0.0,0.0
VFMF,1,0,0,0.0,0.0
IONX,1,0,0,0.0,0.0
EQS,1,0,0,0.0,0.0
QVMS,1,0,0,0.0,0.0
VCLT,1,0,0,0.0,0.0
SMDV,1,0,0,0.0,0.0
GVA,1,0,0,0.0,0.0
ECBK,1,0,0,0.0,0.0
STAK,1,0,0,0.0,0.0
UGE,1,0,0,0.0,0.0
SMXT,1,0,0,0.0,0.0
AOTG,1,0,0,0.0,0.0
ONEQ,1,0,0,0.0,0.0
UNTY,1,0,0,0.0,0.0
TAL,1,0,0,0.0,0.0
FTEC,1,0,0,0.0,0.0
PGP,1,0,0,0.0,0.0
CONY,1,0,0,0.0,0.0
CLSK,1,0,0,0.0,0.0
DRGN,1,0,0,0.0,0.0
VIPS,1,0,0,0.0,0.0
MPLT,1,0,0,0.0,0.0
YORW,1,0,0,0.0,0.0
WFF,1,1,1,100.0,100.0
CLSE,1,0,0,0.0,0.0
HP,1,0,0,0.0,0.0
DTB,1,0,0,0.0,0.0
TLX,1,0,0,0.0,0.0
FTGS,1,0,0,0.0,0.0
EFZ,1,0,0,0.0,0.0
QBIG,1,0,0,0.0,0.0
XRAY,1,0,0,0.0,0.0
MGMT,1,0,0,0.0,0.0
ORCS,1,0,0,0.0,0.0
FYX,1,0,0,0.0,0.0
CUBE,1,0,0,0.0,0.0
SPYG,1,0,0,0.0,0.0
INVX,1,0,0,0.0,0.0
OPY,1,0,0,0.0,0.0
FIAT,1,0,0,0.0,0.0
CVMC,1,0,0,0.0,0.0
TFII,1,0,0,0.0,0.0
BL,1,0,0,0.0,0.0
CNI,1,0,0,0.0,0.0
WLYB,1,0,0,0.0,0.0
AVD,1,0,0,0.0,0.0
FANG,1,0,0,0.0,0.0
ESGE,1,0,0,0.0,0.0
IAC,1,0,0,0.0,0.0
KMLM,1,0,0,0.0,0.0
ULE,1,0,0,0.0,0.0
BRBR,1,0,0,0.0,0.0
NBIS,1,0,0,0.0,0.0
SSO,1,0,0,0.0,0.0
MPG,1,0,0,0.0,0.0
LCII,1,0,0,0.0,0.0
QFIN,1,0,0,0.0,0.0
BNH,1,0,0,0.0,0.0
MG,1,0,0,0.0,0.0
ADUR,1,0,0,0.0,0.0
KTUP,1,0,0,0.0,0.0
ENTG,1,0,0,0.0,0.0
KYIV,1,0,0,0.0,0.0
CCNE,1,0,0,0.0,0.0
LBAY,1,0,0,0.0,0.0
PRGO,1,0,0,0.0,0.0
DBB,1,0,0,0.0,0.0
NSIT,1,0,0,0.0,0.0
BBDO,1,0,0,0.0,0.0
HCMT,1,0,0,0.0,0.0
BBMC,1,0,0,0.0,0.0
NTRBW,1,0,0,0.0,0.0
EXR,1,0,0,0.0,0.0
SA,1,0,0,0.0,0.0
PONX,1,0,0,0.0,0.0
OILT,1,0,0,0.0,0.0
SLVO,1,0,0,0.0,0.0
PANG,1,0,0,0.0,0.0
UTSI,1,0,0,0.0,0.0
VIOO,1,0,0,0.0,0.0
ERO,1,0,0,0.0,0.0
SPEM,1,0,0,0.0,0.0
DVLU,1,0,0,0.0,0.0
NL,1,0,0,0.0,0.0
CNQ,1,0,0,0.0,0.0
MGA,1,0,0,0.0,0.0
DXF,1,0,0,0.0,0.0
FDCF,1,0,0,0.0,0.0
RXST,1,0,0,0.0,0.0
SXI,1,0,0,0.0,0.0
RVER,1,0,0,0.0,0.0
IBO,1,1,0,100.0,0.0
SPT,1,0,0,0.0,0.0
POAS,1,0,0,0.0,0.0
MOG-A,1,0,0,0.0,0.0
FMAT,1,0,0,0.0,0.0
HTGC,1,0,0,0.0,0.0
ST,1,0,0,0.0,0.0
DIEM,1,0,0,0.0,0.0
OBK,1,0,0,0.0,0.0
AIQ,1,0,0,0.0,0.0
YUMC,1,0,0,0.0,0.0
ALM,1,0,0,0.0,0.0
MTW,1,0,0,0.0,0.0
TPR,1,0,0,0.0,0.0
CEF,1,0,0,0.0,0.0
RCI,1,0,0,0.0,0.0
SPYC,1,0,0,0.0,0.0
TSLI,1,0,0,0.0,0.0
MOV,1,0,0,0.0,0.0
GLDB,1,0,0,0.0,0.0
CJMB,1,0,0,0.0,0.0
SILA,1,0,0,0.0,0.0
ETHMU,1,0,0,0.0,0.0
RZG,1,0,0,0.0,0.0
SWK,1,0,0,0.0,0.0
PPTY,1,0,0,0.0,0.0
OGI,1,0,0,0.0,0.0
DIS,1,0,0,0.0,0.0
CAFG,1,0,0,0.0,0.0
QTEC,1,0,0,0.0,0.0
PFBC,1,0,0,0.0,0.0
KRNY,1,0,0,0.0,0.0
STKE,1,0,0,0.0,0.0
IJJ,1,0,0,0.0,0.0
FSZ,1,0,0,0.0,0.0
MCHI,1,0,0,0.0,0.0
SMSI,1,0,0,0.0,0.0
AXTA,1,0,0,0.0,0.0
VSTL,1,0,0,0.0,0.0
ORI,1,0,0,0.0,0.0
EMDV,1,0,0,0.0,0.0
ABNY,1,0,0,0.0,0.0
RPGL,1,0,0,0.0,0.0
TRS,1,0,0,0.0,0.0
LANV,1,0,0,0.0,0.0
DVXE,1,0,0,0.0,0.0
CTEX,1,0,0,0.0,0.0
ENS,1,0,0,0.0,0.0
JACK,1,0,0,0.0,0.0
HOPE,1,0,0,0.0,0.0
CNEQ,1,0,0,0.0,0.0
RSPC,1,0,0,0.0,0.0
WTS,1,0,0,0.0,0.0
AES,1,0,0,0.0,0.0
NMRK,1,0,0,0.0,0.0
RDI,1,0,0,0.0,0.0
QQQM,1,0,0,0.0,0.0
IQDY,1,0,0,0.0,0.0
SAM,1,0,0,0.0,0.0
AVPT,1,0,0,0.0,0.0
ENR,1,0,0,0.0,0.0
AMBQ,1,0,0,0.0,0.0
EPV,1,0,0,0.0,0.0
LCDL,1,0,0,0.0,0.0
IFF,1,0,0,0.0,0.0
TLK,1,0,0,0.0,0.0
EA,1,0,0,0.0,0.0
DFE,1,0,0,0.0,0.0
EGUS,1,0,0,0.0,0.0
QINT,1,0,0,0.0,0.0
TDIC,1,0,0,0.0,0.0
PAYC,1,0,0,0.0,0.0
FLGB,1,0,0,0.0,0.0
DGICA,1,0,0,0.0,0.0
MNRO,1,0,0,0.0,0.0
ATLCP,1,0,0,0.0,0.0
MILN,1,0,0,0.0,0.0
IXP,1,0,0,0.0,0.0
COZX,1,0,0,0.0,0.0
OILD,1,0,0,0.0,0.0
CODI,1,0,0,0.0,0.0
UCFI,1,0,0,0.0,0.0
SCCG,1,0,0,0.0,0.0
URAN,1,0,0,0.0,0.0
CVBF,1,0,0,0.0,0.0
ANIK,1,0,0,0.0,0.0
CRM,1,0,0,0.0,0.0
SGRT,1,0,0,0.0,0.0
DSMC,1,0,0,0.0,0.0
BITX,1,0,0,0.0,0.0
XOMX,1,0,0,0.0,0.0
BOOT,1,0,0,0.0,0.0
IDX,1,0,0,0.0,0.0
XPO,1,0,0,0.0,0.0
NBJP,1,0,0,0.0,0.0
ARW,1,0,0,0.0,0.0
TER,1,0,0,0.0,0.0
ADVB,1,0,0,0.0,0.0
BABA,1,0,0,0.0,0.0
TRX,1,0,0,0.0,0.0
CHCT,1,0,0,0.0,0.0
OSG,1,0,0,0.0,0.0
WHLRP,1,0,0,0.0,0.0
RMAX,1,0,0,0.0,0.0
VOYA,1,0,0,0.0,0.0
BRRR,1,0,0,0.0,0.0
FORTY,1,0,0,0.0,0.0
VB,1,0,0,0.0,0.0
FCG,1,0,0,0.0,0.0
EEMX,1,0,0,0.0,0.0
TDOC,1,0,0,0.0,0.0
SFBC,1,0,0,0.0,0.0
OUT,1,0,0,0.0,0.0
GNW,1,0,0,0.0,0.0
HBM,1,0,0,0.0,0.0
O,1,0,0,0.0,0.0
TEMT,1,0,0,0.0,0.0
KOP,1,0,0,0.0,0.0
CASH,1,0,0,0.0,0.0
BBSI,1,0,0,0.0,0.0
XPH,1,0,0,0.0,0.0
TEXU,1,0,0,0.0,0.0
MADE,1,0,0,0.0,0.0
SBR,1,0,0,0.0,0.0
EWK,1,0,0,0.0,0.0
VIOG,1,0,0,0.0,0.0
AMDY,1,0,0,0.0,0.0
HST,1,0,0,0.0,0.0
NHPBP,1,0,0,0.0,0.0
GARP,1,0,0,0.0,0.0
ARCB,1,0,0,0.0,0.0
ESBA,1,0,0,0.0,0.0
SLGN,1,0,0,0.0,0.0
EQAL,1,0,0,0.0,0.0
BBLGW,1,0,0,0.0,0.0
DIPS,1,0,0,0.0,0.0
TSMG,1,0,0,0.0,0.0
SDHC,1,0,0,0.0,0.0
IRT,1,0,0,0.0,0.0
MASK,1,0,0,0.0,0.0
TAN,1,0,0,0.0,0.0
FFBC,1,0,0,0.0,0.0
CMDT,1,0,0,0.0,0.0
NAMI,1,0,0,0.0,0.0
HEWJ,1,0,0,0.0,0.0
JD,1,0,0,0.0,0.0
BTCZ,1,0,0,0.0,0.0
PSIL,1,0,0,0.0,0.0
CAE,1,0,0,0.0,0.0
RR,1,1,0,100.0,0.0
GRVY,1,0,0,0.0,0.0
MDCX,1,0,0,0.0,0.0
SSRM,1,0,0,0.0,0.0
HEI-A,1,0,0,0.0,0.0
QQQJ,1,0,0,0.0,0.0
AVNS,1,0,0,0.0,0.0
ICF,1,0,0,0.0,0.0
ETG,1,0,0,0.0,0.0
RIG,1,0,0,0.0,0.0
MTD,1,0,0,0.0,0.0
IBBQ,1,0,0,0.0,0.0
BHFAP,1,0,0,0.0,0.0
CGABL,1,0,0,0.0,0.0
KWM,1,0,0,0.0,0.0
CMRE,1,0,0,0.0,0.0
BOTT,1,0,0,0.0,0.0
WDEF,1,0,0,0.0,0.0
FXNC,1,0,0,0.0,0.0
CASY,1,0,0,0.0,0.0
HMY,1,0,0,0.0,0.0
ARI,1,0,0,0.0,0.0
VACH,1,0,0,0.0,0.0
STHO,1,0,0,0.0,0.0
AXIA,1,0,0,0.0,0.0
FDMO,1,0,0,0.0,0.0
STRA,1,0,0,0.0,0.0
SPYQ,1,0,0,0.0,0.0
FSP,1,0,0,0.0,0.0
BKIE,1,0,0,0.0,0.0
FLNT,1,0,0,0.0,0.0
SLYG,1,0,0,0.0,0.0
BPAY,1,0,0,0.0,0.0
BBT,1,0,0,0.0,0.0
BEN,1,0,0,0.0,0.0
IIF,1,0,0,0.0,0.0
BTE,1,0,0,0.0,0.0
EGGS,1,0,0,0.0,0.0
MCHS,1,0,0,0.0,0.0
ALG,1,0,0,0.0,0.0
REFI,1,0,0,0.0,0.0
TEAD,1,0,0,0.0,0.0
SKY,1,0,0,0.0,0.0
REAI,1,0,0,0.0,0.0
EZBC,1,0,0,0.0,0.0
PFE,1,0,0,0.0,0.0
KRP,1,0,0,0.0,0.0
RWX,1,0,0,0.0,0.0
KC,1,0,0,0.0,0.0
QQQS,1,0,0,0.0,0.0
SCAG,1,0,0,0.0,0.0
KJAN,1,0,0,0.0,0.0
IBTA,1,0,0,0.0,0.0
LARK,1,0,0,0.0,0.0
UFCS,1,0,0,0.0,0.0
SKF,1,0,0,0.0,0.0
PPEM,1,0,0,0.0,0.0
CXM,1,0,0,0.0,0.0
DHF,1,0,0,0.0,0.0
SPOG,1,0,0,0.0,0.0
DTEC,1,0,0,0.0,0.0
EBMT,1,0,0,0.0,0.0
BIRK,1,0,0,0.0,0.0
BFOR,1,0,0,0.0,0.0
TBT,1,0,0,0.0,0.0
RSPG,1,0,0,0.0,0.0
MBLY,1,0,0,0.0,0.0
UHT,1,0,0,0.0,0.0
ASGI,1,0,0,0.0,0.0
TYD,1,0,0,0.0,0.0
PSIX,1,0,0,0.0,0.0
EMO,1,0,0,0.0,0.0
OSBC,1,0,0,0.0,0.0
TSLY,1,0,0,0.0,0.0
UAE,1,0,0,0.0,0.0
BESF,1,0,0,0.0,0.0
COSW,1,0,0,0.0,0.0
LESL,1,0,0,0.0,0.0
TCBX,1,0,0,0.0,0.0
HDGE,1,0,0,0.0,0.0
HCA,1,0,0,0.0,0.0
DAT,1,0,0,0.0,0.0
NODK,1,0,0,0.0,0.0
AIV,1,0,0,0.0,0.0
WTIP,1,0,0,0.0,0.0
IDNA,1,0,0,0.0,0.0
EURL,1,0,0,0.0,0.0
EML,1,0,0,0.0,0.0
MPC,1,0,0,0.0,0.0
CBTJ,1,0,0,0.0,0.0
AGOX,1,0,0,0.0,0.0
CSWC,1,0,0,0.0,0.0
OILU,1,0,0,0.0,0.0
LGN,1,0,0,0.0,0.0
DINT,1,0,0,0.0,0.0
EHLD,1,0,0,0.0,0.0
XSHQ,1,0,0,0.0,0.0
GBCI,1,0,0,0.0,0.0
RGEN,1,0,0,0.0,0.0
FNGD,1,0,0,0.0,0.0
PLX,1,0,0,0.0,0.0
GREEL,1,0,0,0.0,0.0
TBH,1,0,0,0.0,0.0
WERN,1,0,0,0.0,0.0
SBS,1,0,0,0.0,0.0
FLEE,1,0,0,0.0,0.0
PEB,1,0,0,0.0,0.0
RPC,1,0,0,0.0,0.0
KGC,1,0,0,0.0,0.0
DRV,1,0,0,0.0,0.0
NBET,1,0,0,0.0,0.0
CLDT,1,0,0,0.0,0.0
RARE,1,0,0,0.0,0.0
UI,1,0,0,0.0,0.0
PLTU,1,0,0,0.0,0.0
AALG,1,0,0,0.0,0.0
ETHE,1,0,0,0.0,0.0
OKLS,1,0,0,0.0,0.0
SAN,1,0,0,0.0,0.0
SCLS,1,0,0,0.0,0.0
CAPT,1,0,0,0.0,0.0
RZLV,1,0,0,0.0,0.0
CPAI,1,0,0,0.0,0.0
IEO,1,0,0,0.0,0.0
WWR,1,0,0,0.0,0.0
LGRO,1,0,0,0.0,0.0
TEKX,1,0,0,0.0,0.0
AMUB,1,0,0,0.0,0.0
BBLB,1,0,0,0.0,0.0
NTSI,1,0,0,0.0,0.0
MXF,1,0,0,0.0,0.0
GEN,1,0,0,0.0,0.0
NNE,1,0,0,0.0,0.0
TMCWW,1,0,0,0.0,0.0
HXL,1,0,0,0.0,0.0
PCTY,1,0,0,0.0,0.0
RSSX,1,0,0,0.0,0.0
SOFX,1,0,0,0.0,0.0
FEMS,1,0,0,0.0,0.0
CWH,1,0,0,0.0,0.0
IDCC,1,0,0,0.0,0.0
ICCM,1,0,0,0.0,0.0
DFNL,1,0,0,0.0,0.0
NNI,1,0,0,0.0,0.0
BAM,1,0,0,0.0,0.0
CRWS,1,0,0,0.0,0.0
PSMT,1,0,0,0.0,0.0
GLNG,1,0,0,0.0,0.0
THC,1,0,0,0.0,0.0
MGRB,1,0,0,0.0,0.0
FSGS,1,0,0,0.0,0.0
CRK,1,0,0,0.0,0.0
IGC,1,0,0,0.0,0.0
WYNN,1,0,0,0.0,0.0
BCV,1,0,0,0.0,0.0
RYOJ,1,0,0,0.0,0.0
OMDA,1,0,0,0.0,0.0
BITS,1,0,0,0.0,0.0
BCD,1,0,0,0.0,0.0
LIVN,1,0,0,0.0,0.0
NBXG,1,0,0,0.0,0.0
REKT,1,0,0,0.0,0.0
DEHP,1,0,0,0.0,0.0
EPAC,1,0,0,0.0,0.0
IWY,1,0,0,0.0,0.0
BSM,1,0,0,0.0,0.0
SBLX,1,0,0,0.0,0.0
KN,1,0,0,0.0,0.0
COOT,1,0,0,0.0,0.0
HRL,1,0,0,0.0,0.0
EMIF,1,0,0,0.0,0.0
FXI,1,0,0,0.0,0.0
GROW,1,0,0,0.0,0.0
EUM,1,0,0,0.0,0.0
BWA,1,0,0,0.0,0.0
FFEM,1,0,0,0.0,0.0
MGK,1,0,0,0.0,0.0
NTES,1,0,0,0.0,0.0
VBK,1,0,0,0.0,0.0
BTOP,1,0,0,0.0,0.0
AKBA,1,0,0,0.0,0.0
HERZ,1,0,0,0.0,0.0
MID,1,0,0,0.0,0.0
VTWG,1,0,0,0.0,0.0
OXM,1,0,0,0.0,0.0
REYN,1,0,0,0.0,0.0
KBSX,1,0,0,0.0,0.0
ARMH,1,0,0,0.0,0.0
AON,1,0,0,0.0,0.0
PFSI,1,0,0,0.0,0.0
MAGH,1,1,0,100.0,0.0
FCOM,1,0,0,0.0,0.0
GQRE,1,0,0,0.0,0.0
MAYS,1,0,0,0.0,0.0
ROBT,1,0,0,0.0,0.0
CBLS,1,0,0,0.0,0.0
TMP,1,0,0,0.0,0.0
AMDL,1,0,0,0.0,0.0
EVX,1,0,0,0.0,0.0
HKPD,1,0,0,0.0,0.0
ZIG,1,0,0,0.0,0.0
GFL,1,0,0,0.0,0.0
DOGD,1,0,0,0.0,0.0
RCL,1,0,0,0.0,0.0
HAP,1,0,0,0.0,0.0
HCHL,1,0,0,0.0,0.0
FWONK,1,0,0,0.0,0.0
PSTL,1,0,0,0.0,0.0
FIVE,1,0,0,0.0,0.0
FEDM,1,0,0,0.0,0.0
TDV,1,0,0,0.0,0.0
WGMI,1,0,0,0.0,0.0
AKO-A,1,0,0,0.0,0.0
ITRG,1,0,0,0.0,0.0
BFC,1,0,0,0.0,0.0
AMSF,1,0,0,0.0,0.0
BITQ,1,0,0,0.0,0.0
HRI,1,0,0,0.0,0.0
KAI,1,0,0,0.0,0.0
CCK,1,0,0,0.0,0.0
FND,1,0,0,0.0,0.0
PSCU,1,0,0,0.0,0.0
BBY,1,0,0,0.0,0.0
TLSIW,1,0,0,0.0,0.0
SPTE,1,0,0,0.0,0.0
AAL,1,0,0,0.0,0.0
ROKT,1,0,0,0.0,0.0
NHTC,1,0,0,0.0,0.0
AKTX,1,0,0,0.0,0.0
CIGI,1,0,0,0.0,0.0
INDB,1,0,0,0.0,0.0
NHS,1,0,0,0.0,0.0
WTID,1,0,0,0.0,0.0
FRNW,1,0,0,0.0,0.0
JKS,1,0,0,0.0,0.0
CANC,1,0,0,0.0,0.0
TW,1,0,0,0.0,0.0
PPG,1,0,0,0.0,0.0
SIZE,1,0,0,0.0,0.0
RNST,1,0,0,0.0,0.0
QVAL,1,0,0,0.0,0.0
SPHB,1,0,0,0.0,0.0
SJT,1,0,0,0.0,0.0
OMSE,1,0,0,0.0,0.0
PINE,1,0,0,0.0,0.0
BMO,1,0,0,0.0,0.0
ASHR,1,0,0,0.0,0.0
CTAS,1,0,0,0.0,0.0
NWBI,1,0,0,0.0,0.0
AGCC,1,0,0,0.0,0.0
SNN,1,0,0,0.0,0.0
SNDK,1,0,0,0.0,0.0
LOAN,1,0,0,0.0,0.0
CCD,1,0,0,0.0,0.0
OFLX,1,0,0,0.0,0.0
CCFE,1,0,0,0.0,0.0
PLTY,1,0,0,0.0,0.0
EVTC,1,0,0,0.0,0.0
SHLD,1,0,0,0.0,0.0
ALTL,1,0,0,0.0,0.0
RDN,1,0,0,0.0,0.0
TTXD,1,0,0,0.0,0.0
FLLA,1,0,0,0.0,0.0
SHO,1,0,0,0.0,0.0
BILI,1,0,0,0.0,0.0
OLED,1,0,0,0.0,0.0
AEC,1,0,0,0.0,0.0
EQIX,1,0,0,0.0,0.0
CAPS,1,0,0,0.0,0.0
EUSA,1,0,0,0.0,0.0
IHG,1,0,0,0.0,0.0
LNSR,1,0,0,0.0,0.0
GGG,1,0,0,0.0,0.0
KB,1,0,0,0.0,0.0
TM,1,0,0,0.0,0.0
OIA,1,0,0,0.0,0.0
IPAC,1,0,0,0.0,0.0
SON,1,0,0,0.0,0.0
NOK,1,0,0,0.0,0.0
CANE,1,0,0,0.0,0.0
HFRO,1,0,0,0.0,0.0
OMFL,1,0,0,0.0,0.0
ESPO,1,0,0,0.0,0.0
TMV,1,0,0,0.0,0.0
PJP,1,0,0,0.0,0.0
ARKX,1,0,0,0.0,0.0
WETO,1,0,0,0.0,0.0
IBN,1,0,0,0.0,0.0
SITE,1,0,0,0.0,0.0
GCC,1,0,0,0.0,0.0
PSCC,1,0,0,0.0,0.0
LFT,1,0,0,0.0,0.0
LAD,1,0,0,0.0,0.0
DFSV,1,0,0,0.0,0.0
MKC,1,0,0,0.0,0.0
VXF,1,0,0,0.0,0.0
EXLS,1,0,0,0.0,0.0
BULL,1,1,1,100.0,100.0
FLYD,1,0,0,0.0,0.0
SLDE,1,0,0,0.0,0.0
LRCU,1,0,0,0.0,0.0
PSLV,1,0,0,0.0,0.0
GTES,1,0,0,0.0,0.0
KCCA,1,0,0,0.0,0.0
SZNE,1,0,0,0.0,0.0
USE,1,0,0,0.0,0.0
GEGGL,1,0,0,0.0,0.0
BRIA,1,0,0,0.0,0.0
ACCS,1,0,0,0.0,0.0
WRD,1,0,0,0.0,0.0
JMID,1,0,0,0.0,0.0
ECF,1,0,0,0.0,0.0
WEN,1,0,0,0.0,0.0
JPAN,1,0,0,0.0,0.0
MTZ,1,0,0,0.0,0.0
ANTA,1,0,0,0.0,0.0
FDTS,1,0,0,0.0,0.0
CINF,1,0,0,0.0,0.0
RDTL,1,0,0,0.0,0.0
GIG,1,0,0,0.0,0.0
REXR,1,0,0,0.0,0.0
OLLI,1,0,0,0.0,0.0
PR,1,0,0,0.0,0.0
STBA,1,0,0,0.0,0.0
HYLN,1,0,0,0.0,0.0
AVRE,1,0,0,0.0,0.0
VLY,1,0,0,0.0,0.0
IFGL,1,0,0,0.0,0.0
GIPR,1,0,0,0.0,0.0
TTAN,1,0,0,0.0,0.0
EMM,1,0,0,0.0,0.0
QTOP,1,0,0,0.0,0.0
MYN,1,0,0,0.0,0.0
NFE,1,0,0,0.0,0.0
LI,1,0,0,0.0,0.0
QUBX,1,1,0,100.0,0.0
BIPC,1,0,0,0.0,0.0
PIT,1,0,0,0.0,0.0
JLHL,1,1,0,100.0,0.0
ZTR,1,0,0,0.0,0.0
KWEB,1,0,0,0.0,0.0
ADAMN,1,0,0,0.0,0.0
SMDD,1,0,0,0.0,0.0
SFNC,1,0,0,0.0,0.0
BHFAO,1,0,0,0.0,0.0
AVGW,1,0,0,0.0,0.0
EXEL,1,0,0,0.0,0.0
MSGS,1,0,0,0.0,0.0
INLX,1,0,0,0.0,0.0
HFGM,1,0,0,0.0,0.0
FMF,1,0,0,0.0,0.0
FATE,1,0,0,0.0,0.0
SPD,1,0,0,0.0,0.0
BERZ,1,0,0,0.0,0.0
FPXI,1,0,0,0.0,0.0
XVOL,1,0,0,0.0,0.0
IYZ,1,0,0,0.0,0.0
ATMU,1,0,0,0.0,0.0
PHYS,1,0,0,0.0,0.0
CSEX,1,0,0,0.0,0.0
ODYS,1,0,0,0.0,0.0
JCTC,1,0,0,0.0,0.0
UTES,1,0,0,0.0,0.0
CPK,1,0,0,0.0,0.0
NC,1,0,0,0.0,0.0
STRZ,1,0,0,0.0,0.0
IHE,1,0,0,0.0,0.0
DRLL,1,0,0,0.0,0.0
NETG,1,0,0,0.0,0.0
VNAM,1,0,0,0.0,0.0
UHAL,1,0,0,0.0,0.0
GILD,1,0,0,0.0,0.0
CXT,1,0,0,0.0,0.0
AGQ,1,0,0,0.0,0.0
JMEE,1,0,0,0.0,0.0
PCOR,1,0,0,0.0,0.0
BTRN,1,0,0,0.0,0.0
CTW,1,0,0,0.0,0.0
IIPR,1,0,0,0.0,0.0
NRT,1,0,0,0.0,0.0
MSIF,1,0,0,0.0,0.0
SPHR,1,0,0,0.0,0.0
SDD,1,0,0,0.0,0.0
NPB,1,0,0,0.0,0.0
GORO,1,0,0,0.0,0.0
FRAF,1,0,0,0.0,0.0
RSPF,1,0,0,0.0,0.0
MDYG,1,0,0,0.0,0.0
CNNE,1,0,0,0.0,0.0
AVDE,1,0,0,0.0,0.0
HLIO,1,0,0,0.0,0.0
FIZZ,1,0,0,0.0,0.0
WWD,1,0,0,0.0,0.0
ENOR,1,0,0,0.0,0.0
FLQM,1,0,0,0.0,0.0
WMT,1,0,0,0.0,0.0
CURE,1,0,0,0.0,0.0
WSBC,1,0,0,0.0,0.0
TSLT,1,0,0,0.0,0.0
HUBG,1,0,0,0.0,0.0
ICOW,1,0,0,0.0,0.0
QCRH,1,0,0,0.0,0.0
SPUC,1,0,0,0.0,0.0
VCLN,1,0,0,0.0,0.0
ASH,1,0,0,0.0,0.0
VTWO,1,0,0,0.0,0.0
MEM,1,0,0,0.0,0.0
ATCH,1,0,0,0.0,0.0
QTJA,1,0,0,0.0,0.0
VNO,1,0,0,0.0,0.0
SNSR,1,0,0,0.0,0.0
CKX,1,0,0,0.0,0.0
DSX,1,0,0,0.0,0.0
HLX,1,0,0,0.0,0.0
XOMO,1,0,0,0.0,0.0
WYHG,1,0,0,0.0,0.0
SBLK,1,0,0,0.0,0.0
CSTM,1,0,0,0.0,0.0
COAL,1,0,0,0.0,0.0
CNA,1,0,0,0.0,0.0
ALAB,1,0,0,0.0,0.0
TRIN,1,0,0,0.0,0.0
ELIS,1,0,0,0.0,0.0
THFF,1,0,0,0.0,0.0
MUU,1,0,0,0.0,0.0
SURI,1,0,0,0.0,0.0
SHPD,1,0,0,0.0,0.0
AUSF,1,0,0,0.0,0.0
QTWO,1,0,0,0.0,0.0
AIEQ,1,0,0,0.0,0.0
INTC,1,0,0,0.0,0.0
GOODN,1,0,0,0.0,0.0
ABXL,1,0,0,0.0,0.0
USCI,1,0,0,0.0,0.0
FITE,1,0,0,0.0,0.0
ABEV,1,0,0,0.0,0.0
THCH,1,0,0,0.0,0.0
KRBN,1,0,0,0.0,0.0
ASTE,1,0,0,0.0,0.0
MWA,1,0,0,0.0,0.0
IPAY,1,0,0,0.0,0.0
WCT,1,0,0,0.0,0.0
NVOH,1,0,0,0.0,0.0
HLP,1,0,0,0.0,0.0
BIP,1,0,0,0.0,0.0
AVSE,1,0,0,0.0,0.0
AMRZ,1,0,0,0.0,0.0
SEIM,1,0,0,0.0,0.0
QCMD,1,0,0,0.0,0.0
CNOBP,1,0,0,0.0,0.0
BBP,1,0,0,0.0,0.0
ELME,1,0,0,0.0,0.0
REGN,1,0,0,0.0,0.0
USVM,1,0,0,0.0,0.0
EMSF,1,0,0,0.0,0.0
PSC,1,0,0,0.0,0.0
BTG,1,0,0,0.0,0.0
FAZ,1,0,0,0.0,0.0
TETH,1,0,0,0.0,0.0
MCY,1,0,0,0.0,0.0
MBAVU,1,0,0,0.0,0.0
FGD,1,0,0,0.0,0.0
SRCE,1,0,0,0.0,0.0
EMXC,1,0,0,0.0,0.0
WDS,1,0,0,0.0,0.0
QLD,1,0,0,0.0,0.0
ADUS,1,0,0,0.0,0.0
MCI,1,0,0,0.0,0.0
CRAI,1,0,0,0.0,0.0
FMET,1,0,0,0.0,0.0
DULL,1,0,0,0.0,0.0
CPAY,1,0,0,0.0,0.0
IDEF,1,0,0,0.0,0.0
FNWB,1,0,0,0.0,0.0
ACLS,1,0,0,0.0,0.0
NUSC,1,0,0,0.0,0.0
HTEC,1,0,0,0.0,0.0
BAP,1,0,0,0.0,0.0
WAR,1,0,0,0.0,0.0
KBAB,1,0,0,0.0,0.0
DRUP,1,0,0,0.0,0.0
TRNS,1,0,0,0.0,0.0
SLM,1,0,0,0.0,0.0
APTV,1,0,0,0.0,0.0
HECO,1,0,0,0.0,0.0
GII,1,0,0,0.0,0.0
ILCG,1,0,0,0.0,0.0
TPG,1,0,0,0.0,0.0
BEPH,1,0,0,0.0,0.0
PDN,1,0,0,0.0,0.0
VGZ,1,0,0,0.0,0.0
CERY,1,0,0,0.0,0.0
BCAX,1,0,0,0.0,0.0
JBLU,1,0,0,0.0,0.0
TREX,1,0,0,0.0,0.0
ONC,1,0,0,0.0,0.0
GENC,1,0,0,0.0,0.0
CZNC,1,0,0,0.0,0.0
MUR,1,0,0,0.0,0.0
IJT,1,0,0,0.0,0.0
OFG,1,0,0,0.0,0.0
QQDN,1,0,0,0.0,0.0
BRZU,1,0,0,0.0,0.0
KIDS,1,0,0,0.0,0.0
ARRY,1,0,0,0.0,0.0
DIVI,1,0,0,0.0,0.0
IGME,1,0,0,0.0,0.0
BOKF,1,0,0,0.0,0.0
RM,1,0,0,0.0,0.0
ASGN,1,0,0,0.0,0.0
JCAP,1,0,0,0.0,0.0
IYF,1,0,0,0.0,0.0
CCAP,1,0,0,0.0,0.0
SBSW,1,0,0,0.0,0.0
GRAN,1,1,0,100.0,0.0
SPRX,1,0,0,0.0,0.0
WKC,1,0,0,0.0,0.0
RPM,1,0,0,0.0,0.0
OMFS,1,0,0,0.0,0.0
DOC,1,0,0,0.0,0.0
VNTG,1,0,0,0.0,0.0
XSD,1,0,0,0.0,0.0
MLCI,1,0,0,0.0,0.0
IXG,1,0,0,0.0,0.0
DAL,1,0,0,0.0,0.0
CR,1,0,0,0.0,0.0
GAUZ,1,0,0,0.0,0.0
HIFS,1,0,0,0.0,0.0
OIO,1,0,0,0.0,0.0
HNVR,1,0,0,0.0,0.0
AN,1,0,0,0.0,0.0
MHNC,1,0,0,0.0,0.0
CTM,1,0,0,0.0,0.0
PRK,1,0,0,0.0,0.0
CGW,1,0,0,0.0,0.0
PIPE,1,0,0,0.0,0.0
CRMG,1,0,0,0.0,0.0
LGCY,1,0,0,0.0,0.0
EYE,1,0,0,0.0,0.0
FKU,1,0,0,0.0,0.0
VTS,1,0,0,0.0,0.0
EDGH,1,0,0,0.0,0.0
EFSCP,1,0,0,0.0,0.0
FKWL,1,0,0,0.0,0.0
CSD,1,0,0,0.0,0.0
BFST,1,0,0,0.0,0.0
CFFN,1,0,0,0.0,0.0
WOOD,1,0,0,0.0,0.0
HESM,1,0,0,0.0,0.0
ILTB,1,0,0,0.0,0.0
CBAT,1,0,0,0.0,0.0
ALV,1,0,0,0.0,0.0
CRE,1,0,0,0.0,0.0
VRTX,1,0,0,0.0,0.0
LIQT,1,0,0,0.0,0.0
FDSB,1,0,0,0.0,0.0
KROP,1,0,0,0.0,0.0
AMID,1,0,0,0.0,0.0
GIC,1,0,0,0.0,0.0
MITQ,1,0,0,0.0,0.0
RPAR,1,0,0,0.0,0.0
INSW,1,0,0,0.0,0.0
NXTE,1,0,0,0.0,0.0
ACU,1,0,0,0.0,0.0
JPY,1,0,0,0.0,0.0
TNC,1,0,0,0.0,0.0
MUD,1,0,0,0.0,0.0
TME,1,0,0,0.0,0.0
C,1,0,0,0.0,0.0
SZK,1,0,0,0.0,0.0
CAN,1,0,0,0.0,0.0
UPS,1,0,0,0.0,0.0
HPE,1,0,0,0.0,0.0
AGCO,1,0,0,0.0,0.0
EFC,1,0,0,0.0,0.0
ABG,1,0,0,0.0,0.0
WDH,1,0,0,0.0,0.0
SPBC,1,0,0,0.0,0.0
INFL,1,0,0,0.0,0.0
FLJH,1,0,0,0.0,0.0
FNY,1,0,0,0.0,0.0
WASH,1,0,0,0.0,0.0
SAFX,1,0,0,0.0,0.0
CAPE,1,0,0,0.0,0.0
SOFI,1,0,0,0.0,0.0
QTI,1,0,0,0.0,0.0
KBWP,1,0,0,0.0,0.0
ALC,1,0,0,0.0,0.0
HLN,1,0,0,0.0,0.0
BCBP,1,0,0,0.0,0.0
JMOM,1,0,0,0.0,0.0
DTM,1,0,0,0.0,0.0
ALRM,1,0,0,0.0,0.0
JUNS,1,0,0,0.0,0.0
ELIL,1,0,0,0.0,0.0
NVDG,1,0,0,0.0,0.0
MFA,1,0,0,0.0,0.0
MRCC,1,0,0,0.0,0.0
FTRI,1,0,0,0.0,0.0
AFYA,1,0,0,0.0,0.0
WSO-B,1,0,0,0.0,0.0
COIG,1,1,0,100.0,0.0
FCTR,1,0,0,0.0,0.0
JBHT,1,0,0,0.0,0.0
GXPS,1,0,0,0.0,0.0
RACE,1,0,0,0.0,0.0
ASIC,1,0,0,0.0,0.0
RSVRW,1,0,0,0.0,0.0
ARLP,1,0,0,0.0,0.0
DKNX,1,0,0,0.0,0.0
AHLT,1,0,0,0.0,0.0
AA,1,0,0,0.0,0.0
SOXY,1,0,0,0.0,0.0
CRDO,1,0,0,0.0,0.0
ACA,1,0,0,0.0,0.0
IMCG,1,0,0,0.0,0.0
MXE,1,0,0,0.0,0.0
KBH,1,0,0,0.0,0.0
GSOL,1,0,0,0.0,0.0
CHRW,1,0,0,0.0,0.0
IBRN,1,0,0,0.0,0.0
UPGD,1,0,0,0.0,0.0
MNRS,1,0,0,0.0,0.0
WT,1,0,0,0.0,0.0
IGE,1,0,0,0.0,0.0
PLMR,1,0,0,0.0,0.0
