ticker,date,year,month,day_of_week,quarter,surge_open,surge_high,surge_low,surge_close,surge_volume,prev_close,daily_return_pct,open_gap_pct,price_before_surge,is_penny_stock,is_micro_price,is_sub_10,price_bucket,intraday_range_pct,avg_vol_5d,avg_vol_10d,avg_vol_20d,surge_vol_vs_5d,surge_vol_vs_20d,is_low_vol_before,is_very_low_vol,vol_trend_5d,ret_1d_before,ret_3d_before,ret_5d_before,ret_10d_before,ret_20d_before,ret_40d_before,ret_60d_before,max_drawdown_5d,volatility_5d,volatility_10d,volatility_20d,atr_14,atr_pct_of_price,avg_intraday_range_20d,rsi_7,rsi_14,rsi_7_oversold,rsi_14_oversold,bb_width,bb_position,below_lower_bb,bb_squeeze,macd,macd_signal,macd_histogram,stoch_k,stoch_d,williams_r,mfi_14,cci_20,adx_14,obv_5d_slope,obv_20d_slope,dist_from_sma5_pct,dist_from_sma10_pct,dist_from_sma20_pct,dist_from_sma50_pct,below_all_sma,dist_from_20d_high_pct,dist_from_20d_low_pct,dist_from_period_high_pct,dist_from_period_low_pct,consecutive_down_days,consecutive_up_days,prev_day_gap_down,green_candle_ratio_5d,gap_up_on_surge,next_1d_return,next_3d_return,next_5d_return,next_5d_max_drawdown,next_5d_max_gain
AACG,2021-02-04,2021,2,3,1,3.67,19.75,3.45,14.3,315842300,1.36,951.47,169.85,1.36,1,0,1,$1-5,472.46,44800,45340,53940,7050.05,5855.44,1,0,-16.94,-2.86,1.49,7.09,-2.86,11.48,14.29,17.24,-9.29,3.73,3.34,3.21,0.1171,8.61,7.63,55.84,56.89,0,0,19.19,0.7051,0.0,0.0,0.035,0.0335,0.0016,48.28,52.26,-51.72,59.71,69.69,42.35,22.89,53.29,1.8,0.59,3.94,9.48,0,-9.93,13.33,-9.93,23.64,1,0,0,0.4,169.85,-55.73,-56.57,-60.7,-62.45,-29.23
ABTS,2025-03-10,2025,3,0,1,3.4,4.19,3.123,3.732,110400,0.252,1380.95,1249.21,0.252,1,1,1,<$1,34.17,1012820,513420,283645,0.11,0.39,0,0,257.07,-21.25,-38.69,-39.28,-43.24,-44.0,-43.62,-60.62,-39.28,16.58,12.39,8.98,0.0502,19.93,10.34,21.76,28.3,1,1,46.2,-0.3213,1.0,0.0,-0.0359,-0.0238,-0.0121,0.95,28.8,-99.05,11.97,-298.3,12.81,-91.3,-92.36,-28.0,-34.93,-37.95,-45.59,1,-46.15,0.8,-73.19,0.8,2,0,1,0.4,1249.21,-10.77,-11.31,-11.31,-18.01,0.29
ACRS,2021-01-19,2021,1,1,1,14.05,19.95,13.29,18.83,114362200,5.88,220.24,138.95,5.88,0,0,1,$5-10,50.11,333140,400030,618795,343.29,184.81,0,0,-46.16,-3.61,0.34,-6.96,-9.26,12.21,83.75,38.35,-7.28,3.78,3.02,6.0,0.5594,9.51,10.82,40.48,52.05,0,0,36.61,0.2838,0.0,1.0,0.3352,0.5039,-0.1688,10.0,12.9,-90.0,41.97,-49.89,38.5,-5.19,26.54,-2.78,-5.71,-7.92,23.51,1,-26.04,27.83,-26.04,93.42,1,0,0,0.4,138.95,-4.57,-3.24,-7.17,-13.38,28.94
ADTX,2023-08-31,2023,8,3,3,87597600.0,615443200.0,84072000.0,497200000.0,0,88592000.0,461.22,-1.12,88592000.0,0,0,0,$50+,632.04,0,0,0,0.0,0.0,1,1,-100.0,12.64,28.61,-0.61,-38.75,-37.97,-45.31,-59.17,-22.72,13.48,17.95,12.46,30637851.4286,34.58,22.57,41.88,37.94,0,0,87.96,0.2536,0.0,0.0,-17158541.9733,-14259665.3207,-2898876.6526,12.83,7.13,-87.17,,-60.65,37.5,0.0,0.0,8.67,-11.36,-21.68,-36.7,0,-63.03,33.51,-63.03,33.51,0,2,0,0.2,-1.12,-24.8,-40.09,-48.18,-54.53,-2.27
AEMD,2021-06-09,2021,6,2,2,8480.0,9992.0,6968.0,8632.0,316984,1768.0,388.24,379.64,1768.0,0,0,0,$50+,43.4,2628,2890,1506,120.58,210.41,1,1,74.5,0.45,0.0,-5.56,28.49,30.77,17.55,-7.14,-5.98,1.76,11.16,8.3,146.8571,8.31,8.58,69.24,64.98,0,0,59.79,0.8115,0.0,0.0,93.3878,46.2285,47.1593,59.78,60.94,-40.22,65.03,99.35,40.14,52.12,1431.97,-1.87,7.33,18.63,17.04,0,-14.34,52.41,-14.34,52.41,0,1,0,0.2,379.64,-36.05,-46.34,-51.16,-53.66,-11.03
AGIG,2022-03-07,2022,3,0,1,32.8,139.4,29.6,113.0,19976420,19.0,494.74,72.63,19.0,0,0,0,$10-20,370.95,169244,196250,123985,118.03,161.12,0,0,36.5,32.87,29.25,34.75,68.14,59.66,32.87,11.76,-25.79,14.35,11.91,9.79,1.9143,10.08,12.39,82.09,71.31,0,0,56.48,1.2828,0.0,0.0,0.6102,0.0265,0.5837,91.01,69.05,-8.99,91.07,225.3,26.54,78.51,291.69,23.7,32.5,44.21,35.6,0,-4.04,75.93,-4.04,77.57,0,1,0,0.4,72.63,-38.5,-24.34,-44.69,-53.45,46.99
AHG,2020-08-13,2020,8,3,3,2.307,7.44,2.307,7.44,26073800,1.875,296.8,23.04,1.875,1,0,1,$1-5,222.5,30080,26323,26294,866.82,991.59,1,1,14.39,0.81,-9.68,-13.07,-17.76,-24.61,-24.61,86.57,-13.77,4.39,3.41,2.81,0.1633,8.71,7.25,15.15,32.36,1,0,37.57,0.0001,0.0,0.0,-0.1586,-0.1124,-0.0462,25.0,17.67,-75.0,13.53,-168.09,17.73,-0.17,-0.36,-7.35,-12.15,-18.78,-25.89,1,-29.78,13.64,-63.02,91.13,0,1,0,0.2,23.04,-57.26,-62.5,-63.79,-68.95,-35.48
AHT,2020-11-09,2020,11,0,4,180.0,535.0,177.0,473.0,949734,144.0,228.47,25.0,144.0,0,0,0,$50+,202.26,5412,8420,14888,175.48,63.79,1,1,-63.65,0.0,-2.04,0.7,-7.1,-4.64,-22.99,-60.0,-7.14,6.58,6.66,6.37,19.9286,13.84,12.35,46.7,43.53,0,0,33.63,0.4503,0.0,1.0,-8.4002,-10.5801,2.1799,16.5,17.48,-83.5,67.35,-21.42,18.63,1.5,124.33,-1.64,0.14,-1.67,-21.37,0,-37.39,13.39,-61.19,13.39,0,0,0,0.6,25.0,-13.74,-46.3,-15.01,-47.15,-1.69
AIRT,2020-12-24,2020,12,3,4,11.55,42.93,11.55,38.38,2353800,9.75,293.64,18.46,9.75,0,0,1,$5-10,271.69,28800,19220,11425,81.73,206.02,1,1,152.08,0.72,0.21,-11.28,-12.79,-10.55,-1.32,0.1,-11.92,4.95,4.16,3.64,0.5421,5.56,4.69,26.82,36.67,1,0,24.38,0.0677,0.0,0.0,-0.1788,0.0469,-0.2256,9.89,6.58,-90.11,25.93,-175.33,37.52,91.82,98.05,-2.3,-8.35,-10.54,-7.31,1,-19.55,2.74,-19.55,8.94,0,1,0,0.0,18.46,-47.13,-46.93,-34.73,-54.4,-15.45
ALBT,2024-06-03,2024,6,0,2,4.515,21.6,4.425,18.45,10619327,4.425,316.95,2.03,4.425,1,0,1,$1-5,388.14,32165,16719,11094,330.15,957.13,1,1,189.91,-7.81,3.15,-0.34,5.73,19.43,-2.96,-26.25,-10.63,8.59,7.83,8.82,0.78,17.63,18.73,50.63,50.37,0,0,30.14,0.5854,0.0,0.0,0.0306,-0.0104,0.041,23.4,25.67,-76.6,83.62,72.5,24.51,111.93,173.68,-1.54,0.31,2.57,-0.35,0,-37.89,22.92,-37.89,22.92,1,0,0,0.6,2.03,-30.57,-56.99,-61.79,-65.85,-17.07
ALOY,2025-01-22,2025,1,2,1,3.33,6.0,2.68,5.52,237548100,1.69,226.63,97.04,1.69,1,0,1,$1-5,123.88,32000,32100,203130,7423.38,1169.44,0,0,-84.25,-6.63,-12.89,-11.29,-19.52,-15.29,-36.94,-42.71,-12.89,4.49,4.03,15.06,0.3934,23.28,17.54,31.03,37.09,0,0,49.15,0.2079,0.0,0.0,-0.1372,-0.1261,-0.0111,3.21,10.47,-96.79,85.22,-95.96,33.6,-3.86,3444.37,-8.7,-11.22,-14.35,-27.79,1,-58.78,11.92,-58.78,11.92,2,0,0,0.6,97.04,-28.44,-30.43,-26.09,-38.77,5.07
AMBO,2024-10-07,2024,10,0,4,1.44,4.18,1.44,4.02,38902200,1.23,226.83,17.07,1.23,1,0,1,$1-5,190.28,26780,14740,14085,1452.66,2761.96,1,1,90.13,-5.38,-2.38,-4.65,17.14,8.85,10.81,-6.89,-10.0,10.95,7.77,8.19,0.113,9.19,11.1,54.56,52.31,0,0,32.69,0.6658,0.0,0.0,0.0063,-0.0127,0.019,51.11,58.52,-48.89,63.96,46.43,30.97,-5.74,68.01,-1.6,5.76,5.42,3.05,0,-23.12,23.0,-23.12,23.0,1,0,0,0.6,17.07,3.98,-50.0,-54.23,-55.97,10.95
AMC,2021-01-27,2021,1,2,1,203.4,203.6,110.1,199.0,122234250,49.6,301.21,310.08,49.6,0,0,0,$20-50,84.92,28300954,19707158,11585211,4.32,10.55,0,0,144.29,12.22,41.31,67.0,116.59,107.53,11.46,96.83,-40.12,12.02,12.43,10.38,4.6,9.27,12.83,93.32,81.27,0,0,126.9,1.2087,0.0,0.0,2.9955,-0.1732,3.1687,92.86,88.27,-7.14,93.98,254.89,30.39,964.52,1132.97,31.63,60.62,89.93,59.52,0,-4.43,159.69,-4.43,159.69,0,4,0,0.2,310.08,-56.63,-33.17,-54.92,-69.85,-13.32
AMTD,2022-08-02,2022,8,1,3,64.44,77.4,38.4,42.0,38401550,12.48,236.54,416.35,12.48,0,0,0,$10-20,101.56,3097480,1897823,960049,12.4,40.0,0,0,222.64,18.18,44.44,17.51,84.07,85.71,38.67,0.0,-30.77,17.66,35.31,25.05,2.5436,20.38,25.69,69.27,65.54,0,0,110.57,0.9762,0.0,0.0,0.8931,0.4461,0.4469,65.64,46.01,-34.36,91.76,126.08,40.95,2868.83,9610.05,22.5,30.08,52.66,55.9,0,-21.21,105.94,-21.21,105.94,0,2,0,0.4,416.35,-10.71,-33.14,-66.29,-66.57,32.86
APM,2020-09-29,2020,9,1,3,82.2,142.3,46.8,47.6,6212480,12.2,290.16,573.77,12.2,0,0,0,$10-20,204.06,23810,18378,35149,260.92,176.75,1,1,-32.26,-6.87,-2.4,-24.22,-22.78,-39.9,-67.47,-66.11,-24.22,7.26,6.42,6.48,2.1879,17.93,15.34,19.99,22.44,1,1,52.6,0.0209,0.0,1.0,-3.5364,-3.6312,0.0948,8.7,10.13,-91.3,40.0,-159.93,26.29,-41.94,1774.61,-10.69,-19.37,-25.2,-54.29,1,-52.34,5.17,-72.02,5.17,1,0,0,0.2,573.77,-43.7,-45.8,-43.49,-46.64,-31.93
APM,2024-03-06,2024,3,2,1,3.28,17.49,2.63,9.49,82797200,1.45,554.48,126.21,1.45,1,0,1,$1-5,565.02,2760,2880,5725,29998.99,14462.39,1,1,-51.79,-5.84,-9.66,-12.91,-15.2,0.69,-34.68,-26.02,-12.91,2.83,4.43,5.81,0.1409,9.71,9.1,31.11,39.84,0,0,33.54,0.2095,0.0,0.0,-0.0428,-0.0355,-0.0073,9.38,15.4,-90.62,69.98,-82.01,11.32,-62.84,466.67,-8.33,-11.83,-9.74,-20.12,1,-24.99,7.41,-45.94,7.41,4,0,0,0.2,126.21,-26.34,-33.3,-54.37,-55.01,15.7
APRE,2023-02-14,2023,2,1,1,7.75,9.9,7.74,8.2,69700,0.474,1629.96,1535.02,0.474,1,1,1,<$1,27.91,3274,4307,6643,21.29,10.49,1,1,-50.72,-95.0,-95.44,-95.28,-95.27,-95.75,-93.76,-94.0,-95.44,41.97,30.12,21.81,1.3647,287.91,8.27,6.83,16.74,1,1,91.29,-0.5412,1.0,0.0,-0.4687,0.2144,-0.6831,0.0,26.32,-100.0,51.24,-651.12,24.88,-4.5,-6.02,-94.19,-94.84,-95.04,-94.66,1,-96.05,0.0,-96.05,0.0,2,0,1,0.4,1535.02,-4.88,-15.61,-23.05,-26.95,5.0
AREN,2024-11-15,2024,11,4,4,1.91,2.18,1.23,1.75,93857200,0.57,207.02,235.09,0.57,1,1,1,<$1,77.24,1714120,865220,436630,54.76,214.96,0,0,292.58,-5.0,-10.94,-8.06,-18.57,-24.0,-29.63,-38.04,-10.94,4.15,5.16,3.91,0.0486,8.52,7.13,26.47,30.79,1,0,29.65,0.0467,0.0,0.0,-0.0449,-0.0425,-0.0024,6.67,22.74,-93.33,0.6,-117.28,45.46,-5108.58,-8267.89,-6.56,-8.95,-13.44,-24.7,1,-26.92,1.79,-43.0,1.79,2,0,0,0.6,235.09,0.57,-17.14,-11.43,-21.71,4.57
ASNS,2024-06-05,2024,6,2,2,37.1,46.0,20.6,37.2,8957550,4.7,691.49,689.36,4.7,1,0,1,$1-5,123.3,255362,271807,139121,35.08,64.39,0,0,83.55,0.43,7.8,-2.08,-11.32,-21.14,-48.91,-58.77,-9.92,6.21,5.75,4.36,0.8043,17.11,16.5,36.12,33.14,0,0,32.01,0.1842,0.0,1.0,-0.6367,-0.6745,0.0378,25.64,22.84,-74.36,95.74,-95.57,28.16,149.01,605.89,0.51,-5.36,-10.11,-34.03,0,-40.43,30.56,-59.48,30.56,0,2,0,0.6,689.36,-47.04,-55.65,-59.68,-63.71,-33.87
ATLX,2021-01-04,2021,1,0,1,0.75,3.75,0.75,2.25,1670,0.75,200.0,0.0,0.75,1,1,1,<$1,400.0,96,115,83,17.36,19.99,1,1,15.14,0.0,0.0,-50.0,0.0,0.0,0.0,0.0,-50.0,54.77,51.64,35.91,0.375,50.0,35.0,44.61,47.31,0,0,127.43,0.3976,0.0,0.0,0.028,0.0528,-0.0248,0.0,0.0,-100.0,64.25,47.62,100.0,-17.83,29500.0,-16.67,-23.08,-13.04,-5.66,1,-66.67,0.0,-66.67,0.0,0,0,0,0.0,0.0,-33.33,-33.33,-33.33,-33.33,33.33
ATLX,2021-01-25,2021,1,0,1,8.25,52.5,7.5,32.25,2173,6.0,437.5,37.5,6.0,0,0,1,$5-10,600.0,423,283,305,5.13,7.11,1,1,38.54,100.0,300.0,300.0,300.0,700.0,700.0,700.0,-75.0,54.77,42.16,60.43,1.0714,17.86,71.5,95.55,88.31,0,0,280.43,1.4401,0.0,0.0,0.5937,0.2667,0.327,87.5,57.5,-12.5,80.86,427.86,100.0,129.12,863.13,122.22,185.71,263.64,426.32,0,-11.11,700.0,-11.11,700.0,0,2,0,0.4,37.5,32.56,-13.95,-6.98,-39.53,132.56
ATON,2020-06-05,2020,6,4,2,210.0,240.0,180.0,180.0,80,2.2,8081.82,9445.45,2.2,1,0,1,$1-5,33.33,187,301,243,0.43,0.33,1,1,-23.12,-99.0,-99.07,-99.13,-99.21,-99.13,-98.84,-99.0,-99.13,43.02,30.61,22.7,43.9857,1999.35,11.74,6.4,16.66,1,1,97.41,-0.5174,1.0,0.0,-15.8805,5.4148,-21.2953,0.0,2.86,-100.0,48.05,-579.7,32.37,-266.37,-64.9,-98.84,-99.04,-99.1,-99.0,1,-99.27,0.0,-99.31,0.0,4,0,1,0.2,9445.45,22.22,33.33,22.22,11.11,44.44
ATXG,2022-08-31,2022,8,2,3,4050.0,98481.0,1943.1,98481.0,3441,1125.0,8653.87,260.0,1125.0,0,0,0,$50+,4968.24,0,0,0,3441.0,3441.0,1,1,-100.0,0.0,0.0,0.0,0.0,0.0,0.0,0.0,0.0,0.0,0.0,0.0,0.0,0.0,0.0,,,0,0,0.0,,0.0,0.0,0.0,0.0,0.0,,,,,,,0.0,0.0,0.0,0.0,0.0,0.0,0,0.0,0.0,0.0,0.0,0,0,0,0.0,260.0,-95.43,-99.12,-99.2,-99.31,-12.42
AVTX,2024-03-28,2024,3,3,1,18.7,34.46,16.65,21.75,31910400,4.75,357.89,293.68,4.75,1,0,1,$1-5,106.97,644360,334240,188085,49.52,169.66,0,0,242.59,2.72,-1.86,3.26,-5.0,7.71,2.15,-45.46,-5.74,4.04,5.94,6.3,0.4491,9.46,8.93,49.7,48.55,0,0,38.81,0.4434,0.0,0.0,-0.0275,-0.0055,-0.022,21.86,21.2,-78.14,95.6,-25.22,15.32,23786.47,1617.49,0.24,2.54,-2.2,2.62,0,-23.14,10.88,-49.25,20.25,0,1,0,0.6,293.68,-17.7,-25.01,-24.6,-34.48,3.31
AZTR,2024-07-23,2024,7,1,3,40.6,80.0,28.8,33.1333,11410065,10.8,206.79,275.93,10.8,0,0,0,$10-20,177.78,18123,23680,20659,629.59,552.3,1,1,-12.28,-11.48,-12.43,-31.06,-34.94,-60.29,-73.27,-75.45,-31.06,5.01,12.7,15.22,3.2129,29.75,20.89,26.65,33.16,1,0,109.02,0.132,0.0,0.0,-4.5962,-4.4192,-0.177,3.45,9.54,-96.55,45.23,-123.86,13.27,-745.52,-71.64,-16.24,-31.01,-40.12,-62.57,1,-62.24,3.85,-81.57,3.85,7,0,1,0.0,275.93,-76.46,-79.28,-84.51,-85.05,-72.84
BAOS,2023-05-01,2023,5,0,2,4.45,19.0,4.41,16.0,2179800,5.05,216.83,-11.88,5.05,0,0,1,$5-10,330.84,60200,33440,31640,36.21,68.89,1,1,90.27,57.81,56.83,62.9,36.56,40.28,-0.98,-10.93,-38.61,26.2,19.25,14.26,0.3944,7.81,11.99,82.92,68.79,0,0,48.42,1.4494,0.0,0.0,-0.0734,-0.2156,0.1422,84.78,38.72,-15.22,96.72,376.82,31.68,23.28,52.63,42.25,43.62,45.97,22.04,0,-6.48,62.9,-21.09,68.33,0,1,0,0.8,-11.88,-43.81,-61.5,-50.5,-61.5,45.62
BAOS,2024-12-24,2024,12,1,4,2.98,13.66,2.88,7.1,58744800,1.73,310.4,72.25,1.73,1,0,1,$1-5,374.31,25600,23320,42480,2294.72,1382.88,1,1,-39.74,3.04,11.61,10.19,4.22,-11.73,-16.83,-35.93,-10.4,5.37,4.39,4.76,0.2055,11.88,10.72,58.25,48.68,0,0,32.46,0.5402,0.0,0.0,-0.078,-0.0942,0.0162,42.65,31.32,-57.35,67.23,20.87,11.1,39.08,-504.22,5.76,6.47,1.31,-8.8,0,-18.4,20.14,-45.94,20.14,0,2,0,0.6,72.25,-37.75,-50.99,-62.11,-64.65,-17.89
BBAI,2023-01-12,2023,1,3,1,3.63,3.85,2.65,3.05,112679500,0.846,260.52,329.08,0.846,1,1,1,<$1,45.28,55240,94470,84780,2039.82,1329.08,1,0,-34.84,8.46,11.32,11.32,30.96,-8.04,-22.39,-33.39,-10.17,3.76,5.41,4.85,0.0747,8.83,10.7,72.09,53.74,0,0,40.77,0.7477,0.0,0.0,-0.0387,-0.0593,0.0206,98.52,81.96,-1.48,41.43,58.03,38.31,84.98,-113.2,8.29,15.06,10.1,-8.51,0,-13.67,45.86,-45.03,45.86,0,2,0,0.4,329.08,-21.64,-36.72,-36.07,-42.62,-7.87
BBLGW,2023-06-07,2023,6,2,2,0.51,0.53,0.433,0.49,47700,0.027,1714.81,1788.89,0.027,1,1,1,<$1,22.4,26460,14700,7810,1.8,6.11,1,1,238.8,35.0,0.0,0.0,35.0,-10.0,-56.45,-53.45,-25.93,22.14,18.84,15.4,0.0029,10.58,7.39,54.58,48.43,0,0,61.74,0.5623,0.0,0.0,-0.002,-0.0025,0.0005,72.73,47.58,-27.27,94.56,-35.83,27.24,3313.51,1957.35,5.47,8.0,3.85,-18.23,0,-10.0,42.11,-56.45,42.11,0,1,0,0.2,1788.89,-2.04,8.16,79.39,-7.55,81.22
BCTX,2025-01-29,2025,1,2,1,55.4,61.9,51.2,59.0,17960,3.7,1494.59,1397.3,3.7,1,0,1,$1-5,20.9,36604,45605,88378,0.49,0.2,1,0,-58.58,-5.13,-7.5,-9.76,-5.13,-33.93,-55.95,-51.95,-9.76,3.87,3.2,7.44,0.3643,9.85,10.87,26.74,33.12,1,0,73.97,0.2621,0.0,0.0,-0.7263,-0.7949,0.0685,14.29,12.78,-85.71,28.59,-79.07,19.82,-113.37,-142.93,-6.57,-5.85,-17.59,-42.06,1,-43.08,5.71,-70.87,5.71,3,0,0,0.4,1397.3,-5.59,-14.58,-24.07,-33.56,33.39
BDMD,2024-12-31,2024,12,1,4,1.52,9.35,1.415,7.6,89739000,1.05,623.81,44.76,1.05,1,0,1,$1-5,560.78,111160,158250,97325,807.3,922.05,1,0,14.22,-38.95,-41.01,-48.78,-33.96,-56.25,-59.86,-75.69,-48.78,19.3,23.28,16.28,0.3577,34.07,24.47,27.59,32.06,1,0,71.52,-0.0817,1.0,0.0,-0.2176,-0.2098,-0.0078,0.0,18.97,-100.0,71.25,-153.57,33.33,-45.93,297.01,-37.25,-38.87,-41.6,-55.77,1,-63.79,0.0,-80.77,0.0,2,0,0,0.2,44.76,-32.63,-11.84,0.66,-50.39,7.89
BDTX,2023-06-27,2023,6,1,2,4.17,6.85,3.15,6.18,189918100,1.84,235.87,126.63,1.84,1,0,1,$1-5,117.46,77880,72360,83980,2438.6,2261.47,1,0,-7.26,1.1,-1.08,-8.91,-10.68,3.37,28.67,1.66,-9.9,2.75,4.06,6.22,0.1839,10.0,9.74,36.09,44.9,0,0,38.33,0.2373,0.0,0.0,0.004,0.0507,-0.0467,15.29,13.93,-84.71,25.64,-105.08,22.99,-83.18,21.23,-2.65,-7.21,-10.07,0.74,1,-28.12,9.52,-28.12,28.67,0,1,0,1.0,126.63,-7.28,-18.28,-21.36,-27.02,-0.32
BENF,2024-05-03,2024,5,4,2,15.36,104.0,15.36,54.56,3876000,15.36,255.21,0.0,15.36,0,0,0,$10-20,577.08,15337,13540,37475,252.71,103.43,1,1,-59.07,-5.88,-42.17,-54.5,-51.02,-53.85,-77.78,-92.5,-54.5,13.91,15.0,21.51,7.7257,50.3,34.19,18.99,28.06,1,1,128.8,0.0263,0.0,0.0,-8.5516,-6.8598,-1.6918,1.05,0.65,-98.95,25.72,-155.96,30.44,-23.45,857.88,-37.3,-49.3,-61.02,-70.48,1,-85.45,3.23,-92.5,3.23,7,0,0,0.0,0.0,-12.02,-30.35,-31.38,-35.48,31.38
BESS,2025-02-10,2025,2,0,1,5.0,5.0,5.0,5.0,100,0.07,7042.86,7042.86,0.07,1,1,1,<$1,0.0,0,78,130,100.0,0.77,1,1,-100.0,0.0,0.0,0.0,-99.17,-99.29,-99.29,-99.29,0.0,44.4,32.41,23.37,1.295,1850.0,8.33,9.6,16.88,1,1,236.95,0.0822,0.0,0.0,-2.2549,-1.2017,-1.0532,0.0,0.0,-100.0,2.12,-133.33,65.34,0.0,-67.93,0.0,-98.54,-99.0,-99.18,0,-99.29,0.0,-99.37,0.0,0,0,0,0.0,7042.86,-20.0,26.0,26.0,-40.0,26.0
BETR,2023-07-25,2023,7,1,3,745.0,1947.5,712.5,1676.5,172158,519.0,223.03,43.55,519.0,0,0,0,$50+,173.33,1,2,1,143465.0,101269.41,1,1,-29.41,0.0,0.0,0.1,0.1,0.48,1.37,2.06,-0.1,0.04,0.03,0.32,0.3571,0.07,0.01,47.98,51.91,0,0,1.67,0.4454,0.0,1.0,0.2398,0.5391,-0.2993,22.22,22.22,-77.78,6.67,-17.45,11.5,0.45,-1.33,0.04,0.07,-0.09,0.39,0,-0.67,0.48,-1.14,2.47,0,0,0,0.0,43.55,-35.88,31.37,-7.55,-47.15,87.62
BGLC,2024-02-13,2024,2,1,1,10.6,33.9,9.5,15.7,7551830,4.11,282.0,157.91,4.11,1,0,1,$1-5,256.84,2904,3902,4419,2600.49,1708.75,1,1,-34.29,-3.52,-8.26,-5.52,-13.47,-2.38,-39.2,20.88,-8.26,3.49,3.67,5.92,0.4307,10.48,11.39,27.29,36.29,1,0,40.72,0.1593,0.0,0.0,-0.3198,-0.2808,-0.0389,6.55,11.74,-93.45,27.11,-106.78,17.36,-0.03,-0.1,-4.42,-7.1,-13.87,-26.89,1,-31.5,2.75,-74.31,32.58,2,0,0,0.6,157.91,-27.39,-34.39,-52.23,-53.25,-10.83
BKKT,2021-10-25,2021,10,0,4,346.5,789.25,273.75,765.0,8476148,228.75,234.43,51.48,228.75,0,0,0,$50+,188.31,114867,87842,67270,73.79,126.0,1,0,70.75,13.95,12.0,4.45,-6.44,-9.94,-8.22,-7.01,-12.24,8.09,5.68,4.02,18.2286,7.97,6.32,50.59,44.4,0,0,28.67,0.3506,0.0,0.0,-9.9733,-6.7691,-3.2042,52.27,18.99,-47.73,29.66,-73.23,40.55,-2.02,-115.27,7.39,0.56,-4.28,-7.61,0,-11.76,14.38,-26.21,14.38,0,1,0,0.2,51.48,-22.29,-16.34,18.4,-33.59,66.01
BMR,2024-02-12,2024,2,0,1,6.07,34.94,6.05,9.95,154938000,2.11,371.56,187.68,2.11,1,0,1,$1-5,477.52,847840,449160,251685,182.74,615.6,0,0,236.87,13.44,-4.09,33.54,26.35,31.87,70.16,81.9,-28.18,14.58,11.99,9.54,0.2669,12.65,14.55,63.86,61.71,0,0,55.53,1.012,0.0,0.0,0.1266,0.0831,0.0435,74.19,68.7,-25.81,90.37,160.23,31.03,142.98,148.87,10.47,16.77,28.43,41.88,0,-10.21,54.01,-10.21,91.82,0,1,0,0.8,187.68,41.31,0.5,24.62,-9.55,118.09
BNBX,2022-08-02,2022,8,1,3,19950.0,65250.0,19500.0,42000.0,7811,10200.0,311.76,95.59,10200.0,0,0,0,$50+,234.62,6,13,16,1301.83,469.13,1,1,-63.96,-4.23,-2.86,-1.45,-10.53,-17.07,-44.72,-55.26,-4.23,2.46,5.85,7.09,1200.0,11.76,11.21,36.4,36.98,0,0,35.77,0.2024,0.0,0.0,-959.7404,-1005.2944,45.554,20.0,25.56,-80.0,56.84,-98.07,20.17,-3.9,22.33,-2.3,-4.23,-10.64,-28.18,1,-26.09,9.68,-56.96,9.68,1,0,0,0.4,95.59,46.43,108.21,77.5,28.21,162.5
BNC,2021-01-14,2021,1,3,1,131.4,360.0,109.8,360.0,16238,109.8,227.87,19.67,109.8,0,0,0,$50+,227.87,520,456,357,31.2,45.4,1,1,45.49,22.0,22.0,38.64,60.53,24.49,165.22,177.27,-27.87,8.1,10.46,9.64,20.7,18.85,28.06,82.51,70.49,0,0,68.11,1.1122,0.0,0.0,5.6478,2.5952,3.0526,81.58,78.48,-18.42,66.11,189.38,26.22,40.29,40.59,21.03,41.86,41.7,64.16,0,-10.29,103.33,-10.29,205.0,0,1,0,0.4,19.67,-35.0,-46.5,-55.5,-59.0,7.5
BOXL,2025-01-06,2025,1,0,1,14.31,63.9,14.1,50.4,8013460,13.8,265.22,3.7,13.8,0,0,0,$10-20,353.19,4261,3588,2915,1880.56,2748.29,1,1,46.14,15.0,20.42,12.75,28.13,10.05,-15.6,1.55,-16.96,8.47,7.89,8.3,1.395,10.11,11.56,70.62,59.37,0,0,37.58,0.9414,0.0,0.0,-0.2107,-0.4807,0.27,88.2,70.68,-11.8,68.48,131.05,18.14,11.44,55.12,12.63,19.95,16.59,5.65,0,-4.37,51.82,-22.03,51.82,0,2,0,0.6,3.7,-32.14,-47.68,-52.38,-57.74,-19.64
BRN,2021-01-28,2021,1,3,1,1.78,6.7989,1.7605,5.6025,5642400,1.8286,206.38,-2.66,1.8286,1,0,1,$1-5,286.19,396240,306330,459525,14.24,12.28,0,0,-13.77,-1.05,-8.74,-14.93,18.24,28.77,72.48,116.09,-14.93,9.94,8.08,9.73,0.1792,9.8,12.95,55.53,60.32,0,0,71.51,0.7027,0.0,0.0,0.1894,0.165,0.0243,47.41,54.29,-52.59,71.28,59.23,69.96,-8.69,22.77,-7.48,0.32,14.49,39.96,0,-24.5,64.91,-24.5,121.18,4,0,1,0.4,-2.66,-42.36,-50.87,-51.91,-52.78,-31.42
BRTX,2020-08-07,2020,8,4,3,3.6,12.0,3.2,9.2,116198,2.8,228.57,28.57,2.8,1,0,1,$1-5,275.0,20170,10536,6145,5.76,18.91,1,1,228.21,40.0,133.33,250.0,250.0,600.0,600.0,600.0,-71.43,30.15,43.17,57.48,0.5429,19.39,91.25,87.43,75.28,0,0,289.2,1.3068,0.0,0.0,0.3205,0.1205,0.2,85.71,84.13,-14.29,98.09,345.24,100.0,421.67,830.29,75.0,150.0,233.33,311.76,0,-12.5,600.0,-12.5,600.0,0,2,0,0.8,28.57,95.65,69.57,8.7,-17.39,204.35
BTCT,2024-11-12,2024,11,1,4,4.72,17.0,4.08,10.5,128436900,2.52,316.67,87.3,2.52,1,0,1,$1-5,316.67,479760,283490,160530,267.71,800.08,0,0,198.86,37.7,28.57,51.81,23.53,55.56,85.29,64.71,-34.13,18.38,15.24,11.12,0.2879,11.42,12.93,78.16,71.56,0,0,49.99,1.3493,0.0,0.0,0.1235,0.0712,0.0523,63.01,61.14,-36.99,92.63,350.33,41.05,350.18,733.45,26.63,34.9,42.45,57.19,0,-17.65,62.58,-17.65,90.91,0,1,0,0.4,87.3,68.1,83.52,55.43,13.33,153.14
BULLW,2024-02-28,2024,2,2,1,0.45,0.59,0.4,0.5,1968100,0.1,400.0,350.0,0.1,1,1,1,<$1,47.5,140,1360,2585,14057.86,761.35,1,1,-94.58,0.0,0.0,11.11,42.86,42.86,42.86,92.31,-10.0,4.97,10.66,11.01,0.0045,4.5,2.49,84.02,77.69,0,0,72.75,0.8991,0.0,0.0,0.0081,0.005,0.0031,100.0,100.0,-0.0,94.3,129.84,71.09,0.63,78.33,2.04,16.28,29.03,42.98,0,0.0,66.67,-33.33,143.9,0,0,0,0.2,350.0,0.0,0.2,6.0,-15.8,30.0
BVC,2024-10-16,2024,10,2,4,2.25,3.25,1.31,2.7,75646100,0.385,601.3,484.42,0.385,1,1,1,<$1,148.09,2061260,1049900,548050,36.7,138.03,0,0,276.11,9.69,9.69,9.37,-1.53,-10.47,-10.47,19.57,-8.83,6.28,5.93,6.87,0.0513,13.32,15.03,54.01,48.63,0,0,31.31,0.5665,0.0,1.0,-0.02,-0.0204,0.0003,59.82,42.72,-40.18,97.61,-17.74,16.9,13.78,14.0,6.24,4.34,2.08,-5.65,0,-16.3,24.19,-58.78,92.5,0,1,1,0.8,484.42,-41.11,-51.11,-55.56,-61.52,-32.22
CADL,2024-04-04,2024,4,3,2,2.03,7.65,2.0,6.4,143930500,1.68,280.95,20.83,1.68,1,0,1,$1-5,282.5,66380,49800,54210,2168.28,2655.05,1,0,22.45,-0.59,-4.0,9.09,12.0,6.33,30.23,21.74,-12.0,5.33,4.21,4.49,0.1291,7.69,7.87,62.34,57.1,0,0,22.42,0.8432,0.0,0.0,0.0188,-0.0004,0.0192,79.07,86.82,-20.93,41.03,89.79,19.44,-2.6,-5.16,1.94,7.01,7.69,9.56,0,-5.08,25.37,-13.85,44.83,2,0,0,0.6,20.83,3.75,-20.47,13.75,-25.78,78.12
CAPR,2020-04-29,2020,4,2,2,5.18,11.08,3.72,8.5,199350500,2.41,252.7,114.94,2.41,1,0,1,$1-5,197.85,1723380,1416720,2328270,115.67,85.62,0,0,-25.98,-4.74,-3.21,30.98,60.67,100.83,111.4,60.67,-27.27,11.14,9.9,13.84,0.3171,13.16,19.03,75.98,69.92,0,0,115.25,0.9184,0.0,0.0,0.2714,0.1706,0.1009,79.11,83.85,-20.89,76.12,168.68,48.02,50.89,66.84,7.02,25.46,48.22,73.16,0,-12.04,151.04,-12.04,173.86,1,0,0,0.6,114.94,-17.65,-14.24,-20.0,-29.29,7.06
CELZ,2020-12-29,2020,12,1,4,21.0,155.0,21.0,151.0,105654,19.5,674.36,7.69,19.5,0,0,0,$10-20,638.1,8766,25530,15042,12.05,7.02,1,1,-41.72,0.0,5.41,44.44,105.26,143.75,105.26,34.48,-30.77,12.3,30.44,22.7,7.2143,37.0,51.09,66.15,63.92,0,0,158.49,0.8436,0.0,0.0,2.6035,1.7937,0.8097,39.34,38.25,-60.66,75.15,102.42,51.56,50.67,344.62,10.8,17.12,54.46,84.83,0,-48.68,178.57,-48.68,200.0,0,0,0,0.4,7.69,-36.42,14.57,-13.91,-42.72,60.6
CENN,2021-01-27,2021,1,2,1,526.5,2250.0,517.5,2070.0,1465500,587.55,252.31,-10.39,587.55,0,0,0,$50+,334.78,104080,118332,139972,14.08,10.47,0,0,-25.64,-3.28,-11.38,-10.14,-25.69,85.46,86.52,393.95,-13.74,4.62,11.17,22.89,125.5929,21.38,20.43,46.24,55.97,0,0,118.12,0.5572,0.0,0.0,85.6637,94.4591,-8.7955,34.27,45.21,-65.73,67.98,15.74,56.02,0.88,92.94,-8.0,-13.04,6.76,56.71,0,-34.72,106.27,-34.72,460.37,3,0,0,0.0,-10.39,0.72,2.9,-11.59,-46.38,146.38
CHNR,2024-02-15,2024,2,3,1,20.88,70.8,19.28,27.76,8025425,8.24,236.89,153.4,8.24,0,0,1,$5-10,267.22,95495,47972,24559,84.04,326.78,1,1,288.84,14.44,11.96,17.05,7.29,-21.97,-38.69,-37.95,-14.56,7.79,5.89,5.35,0.9029,10.96,10.86,57.34,42.29,0,0,48.54,0.492,0.0,0.0,-0.9718,-1.09,0.1182,34.69,21.14,-65.31,99.31,39.11,53.21,9056.04,18268.85,11.23,9.11,-0.39,-25.34,0,-23.7,19.77,-44.62,19.77,0,1,0,0.4,153.4,-48.99,-60.52,-65.42,-67.15,-19.6
CHRD,2020-11-20,2020,11,4,4,16.7961,19.747,12.3728,19.1779,777700,0.0742,25733.33,22525.0,0.0742,1,1,1,<$1,59.6,4201120,12816670,8593480,0.19,0.09,0,0,-51.11,0.0,0.0,0.0,20.0,0.0,-70.73,-80.0,-7.69,5.67,31.46,22.33,0.0137,18.45,18.28,49.21,42.9,0,0,55.57,0.5461,0.0,0.0,-0.0106,-0.0155,0.0049,40.0,40.0,-60.0,56.61,49.73,26.3,0.5,3.08,-1.64,1.69,2.56,-43.56,0,-33.33,50.0,-80.95,71.43,0,0,0,0.2,22525.0,2.65,10.06,10.32,-3.19,13.32
CHSN,2024-10-04,2024,10,4,4,224.0,1244.0,187.2,1184.8,171001,243.2,387.17,-7.89,243.2,0,0,0,$50+,564.53,5734,5060,3533,29.82,48.39,1,1,62.28,15.15,8.57,6.67,15.59,76.74,79.88,49.75,-13.16,8.17,7.72,9.95,37.68,15.49,17.02,68.63,67.58,0,0,89.24,0.803,0.0,0.0,22.8707,20.5687,2.302,82.24,72.94,-17.76,52.57,87.97,35.04,-133.61,72.13,7.8,8.57,27.04,53.11,0,-8.57,100.0,-8.57,100.0,0,1,0,0.4,-7.89,-17.35,-17.35,-17.35,-29.78,4.46
CIIT,2020-06-09,2020,6,1,2,1.4,5.25,1.4,2.45,2043,0.7,250.0,100.0,0.7,1,1,1,<$1,275.0,914,827,424,2.23,4.82,1,1,115.49,-23.08,-23.08,-23.08,-82.76,-82.76,-83.33,-82.14,-23.08,10.32,19.7,15.27,0.6895,98.5,42.78,0.71,7.27,1,1,224.18,0.168,0.0,0.0,-0.896,-0.6716,-0.2244,0.0,0.0,-100.0,1.28,-107.19,19.81,-125.51,-14260.34,-19.35,-50.52,-74.43,-79.95,1,-89.9,0.0,-93.33,0.0,1,0,0,0.0,100.0,-8.57,-8.57,42.86,-8.57,85.71
CIIT,2020-08-19,2020,8,2,3,2.38,3.5,2.38,3.5,486,1.05,233.33,126.67,1.05,1,0,1,$1-5,47.06,11,5,134,42.63,3.62,1,1,-91.51,0.0,-25.0,-25.0,-25.0,-34.78,25.0,-74.14,-25.0,11.18,7.91,13.68,0.055,5.24,4.33,10.21,31.59,1,0,43.87,-0.0951,1.0,1.0,-0.0806,-0.0468,-0.0338,0.0,20.83,-100.0,0.0,-264.07,15.1,-0.91,-13.95,-16.67,-21.05,-26.11,-32.77,1,-34.78,0.0,-84.85,50.0,0,0,0,0.0,126.67,0.0,-60.0,-60.0,-60.0,0.0
CIIT,2020-09-02,2020,9,2,3,2.87,56.14,2.87,7.07,18171,2.1,236.67,36.67,2.1,1,0,1,$1-5,1856.1,514,308,157,35.34,115.63,1,1,227.2,0.0,42.86,50.0,-40.0,50.0,27.66,-14.29,-33.33,18.73,78.18,55.54,0.41,19.52,3.19,57.13,54.88,0,0,180.99,0.6092,0.0,0.0,0.089,0.0975,-0.0085,42.86,34.29,-57.14,98.09,43.35,19.52,666.06,21221.43,23.97,-3.54,19.76,35.2,0,-40.0,100.0,-60.0,150.0,0,0,0,0.2,36.67,3.96,-0.99,-3.47,-39.6,18.81
CIIT,2020-11-03,2020,11,1,4,15.75,39.9,14.42,26.25,6443,7.7,240.91,104.55,7.7,0,0,1,$5-10,176.7,797,440,628,8.08,10.25,1,1,26.83,-1.79,-26.67,-47.37,-30.38,10.0,10.0,450.0,-47.37,14.4,18.41,30.71,4.0365,52.42,34.5,30.96,43.31,0,0,147.85,0.3006,0.0,0.0,0.9258,1.6234,-0.6977,14.89,20.85,-85.11,87.6,-20.92,37.33,-13.91,9.93,-30.38,-36.42,-29.49,1.13,1,-64.52,205.56,-86.28,633.33,3,0,1,0.2,104.55,-25.33,-53.6,-59.73,-59.73,46.67
CIIT,2020-11-16,2020,11,0,4,27.3,27.3,10.57,27.3,186,7.0,290.0,290.0,7.0,0,0,1,$5-10,158.28,200,1591,861,0.93,0.22,1,1,-76.78,0.0,0.0,-33.77,-9.09,-52.38,21.95,100.0,-33.77,14.78,81.49,58.34,6.13,87.57,36.37,36.11,43.35,0,0,155.31,0.2088,0.0,0.0,-0.2657,0.9326,-1.1983,6.93,6.93,-93.07,61.33,-107.73,34.94,-2.86,-13.58,-16.94,-45.09,-45.22,-26.28,1,-82.46,53.85,-87.53,455.56,0,0,0,0.2,290.0,-61.03,-61.03,-61.03,-61.03,-48.21
CING,2024-08-16,2024,8,4,3,10.52,20.83,8.71,17.69,100646500,4.8,268.54,119.17,4.8,1,0,1,$1-5,139.15,21315200,10676854,5352235,4.72,18.8,0,0,298.25,160.16,113.33,96.32,28.62,19.05,-35.48,-51.81,-61.56,77.14,54.25,37.8,0.9869,20.56,24.64,66.23,55.46,0,0,90.18,0.8427,0.0,0.0,-0.5748,-0.6381,0.0633,60.0,25.31,-40.0,99.48,146.06,17.15,16776.31,171675.16,69.13,53.64,30.9,-8.57,0,-29.41,166.67,-59.92,166.67,0,1,0,0.6,119.17,-27.64,-37.82,-45.22,-46.3,-8.71
CLIR,2020-06-16,2020,6,1,2,15.4,33.3,14.0,23.7,22706670,7.9,200.0,94.94,7.9,0,0,1,$5-10,137.86,70620,54802,49339,321.53,460.21,1,1,43.13,-7.06,0.0,-3.66,41.07,46.3,-7.06,102.56,-7.06,5.45,8.81,10.62,0.8929,11.3,14.97,59.27,57.79,0,0,78.77,0.7617,0.0,0.0,0.4272,0.1531,0.2741,65.22,73.81,-34.78,38.49,91.1,23.49,-1277.77,-597.55,-2.71,3.95,20.61,11.83,0,-16.84,75.56,-22.55,125.71,1,0,0,0.4,94.94,7.59,-5.91,-20.25,-28.27,73.42
CMCT,2025-01-06,2025,1,0,1,450.0,482.5,340.0,420.0,5069,42.5,888.24,958.82,42.5,0,0,0,$20-50,41.91,125969,72469,39634,0.04,0.13,1,1,217.82,-19.05,-26.09,0.0,13.33,-41.38,-57.5,-73.44,-30.43,24.57,20.38,16.38,9.6429,22.69,21.89,45.55,42.19,0,0,97.33,0.3967,0.0,0.0,-6.4158,-8.7044,2.2886,33.33,62.96,-66.67,85.9,-34.77,41.7,-303.44,-2220.96,-9.57,2.41,-10.05,-39.54,0,-45.16,54.55,-75.0,54.55,2,0,1,0.2,958.82,-11.31,-42.86,-41.07,-45.83,0.0
CNEY,2024-09-11,2024,9,2,3,17.25,40.0,17.25,34.75,13899044,7.45,366.44,131.54,7.45,0,0,1,$5-10,131.88,3104,2170,3064,4477.78,4535.06,1,1,1.28,3.83,1.36,-0.67,-11.83,-9.7,-43.77,-38.68,-4.33,2.38,4.06,6.15,0.7054,9.47,10.65,45.2,42.18,0,0,22.61,0.3029,0.0,1.0,-0.4575,-0.509,0.0515,48.31,31.75,-51.69,41.61,-116.71,13.24,-0.95,1.26,1.02,-0.96,-4.46,-20.37,0,-17.22,16.86,-62.89,16.86,0,1,0,0.6,131.54,-50.36,-65.76,-71.37,-72.52,-23.74
CNSP,2023-04-14,2023,4,4,2,21000.0,102900.0,20100.0,70500.0,1670,20550.0,243.07,2.19,20550.0,0,0,0,$50+,411.94,96,49,25,17.29,65.75,1,1,280.31,0.59,-2.14,-8.67,-30.1,-41.95,-60.17,-70.73,-9.2,5.73,4.53,4.69,4326.4286,21.05,16.24,11.77,19.36,1,1,68.69,0.0842,0.0,0.0,-5918.6831,-5650.5215,-268.1616,9.26,9.72,-90.74,90.34,-150.47,31.22,-11.41,-3012.5,-3.93,-17.58,-28.56,-52.39,1,-51.42,12.11,-73.36,12.11,0,1,0,0.2,2.19,17.02,-24.68,-19.57,-28.68,87.23
COGT,2020-07-06,2020,7,0,3,2.8,10.76,2.404,8.8,16427475,1.78,394.38,57.3,1.78,1,0,1,$1-5,347.59,91780,119732,118511,178.99,138.62,0,0,-22.56,-5.32,-3.26,2.3,-11.0,-20.54,6.71,34.85,-7.45,5.95,4.46,5.37,0.1863,10.47,10.92,33.79,40.05,0,0,43.17,0.1904,0.0,0.0,-0.0704,-0.0325,-0.0379,28.57,33.63,-71.43,49.29,-99.97,28.85,12.99,-42.48,-1.59,-6.12,-13.37,-9.7,1,-31.54,10.42,-31.54,50.85,1,0,0,0.6,57.3,8.64,36.82,49.09,-4.09,69.09
COSM,2022-12-16,2022,12,4,4,3.85,23.84,2.86,23.01,120031700,0.33,6872.73,1066.67,0.33,1,1,1,<$1,733.57,52898860,83438030,143424185,2.27,0.84,0,0,-63.12,3.13,17.44,-6.52,-38.32,151.91,275.0,26.92,-20.4,11.14,17.25,27.83,0.1504,45.58,41.56,44.55,49.89,0,0,165.23,0.4034,0.0,1.0,0.0322,0.0607,-0.0285,15.16,10.97,-84.84,65.48,-42.61,29.95,4.77,357.33,2.1,-17.09,-15.97,45.86,0,-60.95,194.64,-60.95,385.29,0,2,0,0.6,1066.67,-67.01,-65.15,-72.19,-75.71,-52.54
CRBP,2024-01-26,2024,1,4,1,16.81,39.96,16.25,29.49,33290700,8.44,249.41,99.17,8.44,0,0,1,$5-10,145.91,68460,52790,40345,486.28,825.15,1,1,69.69,12.08,15.62,19.72,35.26,45.89,102.88,54.01,-16.47,6.08,6.21,6.84,0.8062,9.55,10.91,78.25,70.39,0,0,42.54,1.1326,0.0,0.0,0.525,0.3775,0.1475,98.23,74.04,-1.77,78.99,171.91,29.32,87.3,398.33,11.29,21.88,26.91,46.85,0,-0.59,59.25,-0.59,178.27,0,2,0,0.6,99.17,-36.86,-10.17,-9.39,-40.15,-0.64
CREX,2020-04-28,2020,4,1,2,3.0,13.08,2.85,12.24,22085467,3.0,308.0,0.0,3.0,1,0,1,$1-5,358.95,4386,4550,3140,5034.53,7033.36,1,1,39.7,21.95,19.05,33.33,25.0,20.48,-30.07,-35.48,-25.0,10.61,9.12,10.93,0.3814,12.71,17.78,70.49,56.46,0,0,46.75,0.9381,0.0,0.0,-0.1326,-0.22,0.0875,75.0,46.67,-25.0,60.61,182.48,22.4,42.86,27.27,20.19,24.38,20.48,-6.91,0,-9.09,58.73,-40.83,92.31,0,1,0,0.4,0.0,-35.05,-26.47,-39.71,-41.18,-12.01
CRIS,2020-12-08,2020,12,1,4,109.4,158.0,104.0,131.0,16302950,28.8,354.86,279.86,28.8,0,0,0,$20-50,51.92,347403,201346,117236,46.93,139.06,0,0,196.33,-23.4,-28.0,-5.88,6.67,33.33,18.03,28.57,-28.0,17.12,11.52,8.18,4.1714,14.48,12.36,43.78,51.26,0,0,71.84,0.5418,0.0,0.0,2.7928,2.0636,0.7292,30.43,57.35,-69.57,64.91,37.42,40.79,11.02,746.91,-17.53,-8.34,3.0,13.83,0,-35.71,34.58,-35.71,42.57,2,0,0,0.6,279.86,17.4,20.46,22.75,3.21,32.21
CTMX,2024-05-01,2024,5,2,2,3.25,5.85,2.78,5.13,206720400,1.63,214.72,99.39,1.63,1,0,1,$1-5,110.43,333600,350570,509295,619.67,405.9,0,0,-34.5,1.24,2.52,0.0,-7.39,-24.19,-40.07,12.41,-2.45,1.87,2.19,2.94,0.1025,6.29,5.96,26.34,31.34,1,0,47.14,0.2397,0.0,0.0,-0.1355,-0.1119,-0.0236,7.35,4.41,-92.65,54.64,-81.93,31.26,1.92,11.05,1.12,-1.63,-12.27,-20.44,0,-27.88,3.16,-42.91,18.12,0,2,0,0.2,99.39,-12.28,-14.81,-18.32,-26.12,-1.36
CTNT,2024-05-14,2024,5,1,2,52.8,112.0,46.24,102.4,3099413,19.04,437.82,177.31,19.04,0,0,0,$10-20,142.21,11503,7944,10174,269.43,304.63,1,1,13.07,-4.8,-16.2,-14.39,-17.36,-23.23,-28.31,-38.02,-16.2,13.38,12.49,9.79,3.8514,20.23,17.0,37.05,40.47,0,0,46.23,0.1519,0.0,0.0,-1.4025,-1.2104,-0.1922,7.04,20.66,-92.96,31.99,-102.74,21.21,-52.91,-856.05,-8.32,-18.27,-16.09,-28.57,1,-35.68,4.39,-50.42,4.39,2,0,0,0.2,177.31,8.91,68.75,-81.56,-86.55,130.63
CXAI,2023-04-13,2023,4,3,2,2.75,9.73,2.7,7.13,163777400,1.6,345.63,71.87,1.6,1,0,1,$1-5,260.37,929700,720570,877780,176.16,186.58,0,0,5.91,20.3,11.11,1.91,4.58,-60.98,-84.28,-84.22,-16.87,13.23,12.02,17.93,0.3741,23.38,26.85,34.52,27.07,0,1,155.48,0.375,0.0,0.0,-1.5372,-1.7481,0.2109,28.06,15.82,-71.94,89.03,-63.36,27.92,120.81,1787.78,7.53,-0.62,-19.44,-76.59,0,-71.43,32.23,-88.12,32.23,0,1,0,0.2,71.87,94.25,43.06,51.05,26.23,194.53
CYCN,2024-12-04,2024,12,2,4,5.16,9.47,4.61,6.35,141930500,1.61,294.41,220.5,1.61,1,0,1,$1-5,105.42,6368600,3298220,2282960,22.29,62.17,0,0,178.96,-31.2,-26.82,18.38,-8.52,-41.86,-39.25,-41.45,-41.88,32.94,26.13,22.15,0.4827,29.98,23.87,41.34,42.29,0,0,88.95,0.2594,0.0,0.0,-0.1925,-0.2148,0.0224,19.65,45.09,-80.35,96.45,-52.46,16.71,291.7,36002.25,-16.75,-9.65,-21.4,-33.96,1,-46.33,26.77,-61.02,26.77,1,0,1,0.6,220.5,-16.22,-36.22,-41.73,-47.56,-10.24
CYN,2025-02-10,2025,2,0,1,13.35,29.55,12.15,27.75,13908267,9.0,208.33,48.33,9.0,0,0,1,$5-10,143.21,1306023,682084,359085,10.65,38.73,0,0,263.71,-29.41,-26.83,-48.72,-86.36,-89.11,-98.48,-98.8,-48.72,30.07,20.94,19.18,8.625,95.83,19.5,10.83,20.28,1,1,209.34,0.0956,0.0,0.0,-60.682,-69.8251,9.143,0.58,1.91,-99.42,38.15,-128.63,33.4,7894.32,215.29,-27.71,-73.35,-84.66,-96.89,1,-91.04,5.26,-99.31,5.26,1,0,1,0.0,48.33,-11.89,-43.24,-68.0,-69.19,56.22
DBVT,2024-11-29,2024,11,4,4,3.41,3.9,3.25,3.9,126900,0.613,536.22,456.28,0.613,1,1,1,<$1,20.0,188040,131440,114010,0.67,1.11,0,0,64.93,1.16,22.6,25.61,9.46,-21.21,-9.85,-23.95,-23.49,10.44,9.75,7.23,0.0696,11.36,10.43,58.48,48.42,0,0,70.73,0.4698,0.0,0.0,-0.0493,-0.0489,-0.0004,59.52,41.78,-40.48,31.86,-26.35,27.94,3.25,1.38,14.54,14.9,-2.14,-10.29,0,-24.32,39.0,-43.76,39.0,0,3,0,0.2,456.28,1.79,5.13,-6.15,-9.74,15.38
DEC,2023-11-30,2023,11,3,4,0.6453,0.6598,0.6377,0.6598,33600,0.0,inf,inf,0.0,1,1,1,<$1,3.45,82360,104650,87325,0.41,0.38,1,0,-5.69,,,,,,,,,,,,0.0,0.0,,,,0,0,,,,,0.0,0.0,0.0,,,,,,,0.0,0.0,,,,,0,,,,,0,0,0,0.0,inf,-3.22,1867.78,1810.24,-7.94,1867.78
DEC,2023-12-05,2023,12,1,4,12.8688,12.9827,12.5271,12.9827,5200,0.6469,1907.04,1889.44,0.6469,1,1,1,<$1,3.64,78860,91350,80790,0.07,0.06,1,0,-2.39,1.31,-1.96,inf,inf,inf,inf,inf,-100.0,,,,0.0531,8.22,4.8,96.44,96.69,0,0,977.03,1.0784,0.0,1.0,0.1204,0.0452,0.0751,98.04,98.27,-1.96,48.18,219.91,94.17,-920000.0,-920000.0,66.28,232.55,565.11,1562.76,0,-1.96,inf,-1.96,inf,0,1,1,0.4,1889.44,-4.97,-2.87,-7.02,-8.77,-1.17
DFNS,2024-12-17,2024,12,1,4,2.23,17.66,1.84,11.88,174400400,1.39,754.68,60.43,1.39,1,0,1,$1-5,859.78,41020,52110,105205,4251.59,1657.72,0,0,-61.01,0.0,-6.08,-9.15,-13.66,-13.66,-33.94,-31.05,-10.9,3.39,4.83,6.02,0.1601,11.52,12.38,29.89,37.06,1,0,30.01,0.0461,0.0,1.0,-0.1878,-0.1857,-0.0021,9.09,7.28,-90.91,51.95,-147.68,15.02,-0.05,1.0,-5.44,-8.55,-13.62,-33.11,1,-36.24,3.73,-64.92,6.92,0,0,0,0.2,60.43,327.53,236.78,207.32,42.26,559.26
DFNS,2024-12-18,2024,12,2,4,18.29,67.77,16.9,50.79,54523400,11.88,327.53,53.96,11.88,0,0,0,$10-20,301.01,34912140,17488700,8797270,1.56,6.2,0,0,296.85,754.68,754.68,661.54,611.38,578.86,388.49,344.61,-88.3,338.55,239.17,168.97,1.3122,11.05,53.24,97.21,92.59,0,0,433.36,1.5607,0.0,0.0,0.6429,-0.0199,0.6628,64.58,25.84,-35.42,99.97,666.67,20.43,1532.95,1531.25,235.59,366.43,459.65,424.25,0,-32.73,786.57,-32.73,813.85,0,1,0,0.4,53.96,2.58,-17.78,-21.2,-35.03,54.2
DFSC,2022-11-01,2022,11,1,4,968.1,989.1,968.1,989.1,4,17.01,5714.81,5591.36,17.01,0,0,0,$10-20,2.17,1,0,0,2.86,4.0,1,1,40.0,0.0,-98.57,-98.32,-98.46,-98.78,-99.22,-99.3,-98.57,46.08,38.93,28.45,338.985,1992.86,20.56,23.04,29.74,1,1,147.73,-0.1664,1.0,0.0,-268.1138,-176.7651,-91.3487,0.0,17.42,-100.0,74.42,-320.73,36.55,100.0,100.0,-97.48,-98.12,-98.45,-98.88,1,-98.98,0.0,-99.42,0.0,0,0,0,0.4,5591.36,-4.25,18.68,21.57,-8.49,21.57
DLPN,2021-03-23,2021,3,1,1,21.4,36.66,20.2,36.66,87289000,10.9,236.33,96.33,10.9,0,0,0,$10-20,81.49,82540,60290,53700,1057.54,1625.49,1,0,53.71,-4.22,7.07,9.88,20.04,8.57,34.24,48.91,-12.83,6.89,6.9,7.36,1.0214,9.37,10.36,61.7,58.0,0,0,33.88,0.8858,0.0,1.0,0.3449,0.1777,0.1673,84.62,83.7,-15.38,79.25,135.72,41.92,-0.0,-0.88,3.18,9.44,13.07,18.3,0,-5.22,43.42,-27.33,70.31,1,0,0,0.4,96.33,4.53,-27.71,-31.64,-34.42,77.3
DRCT,2024-12-23,2024,12,0,4,33.0,302.5,33.0,302.5,1246222,30.25,900.0,9.09,30.25,0,0,0,$20-50,816.67,3233,4131,3647,385.37,341.66,1,1,-11.34,-6.14,-5.66,-16.79,-45.54,-57.36,-81.61,-74.77,-16.79,4.0,9.11,7.98,7.1657,23.69,16.09,16.58,23.83,1,1,113.02,0.143,0.0,0.0,-18.1901,-18.7974,0.6072,6.25,3.36,-93.75,21.27,-122.92,56.11,-17.28,-390.81,-9.0,-23.79,-40.35,-70.61,1,-59.85,7.84,-86.15,7.84,1,0,0,0.2,9.09,-32.55,-54.18,-71.09,-71.42,19.82
DRUG,2024-10-15,2024,10,1,4,2.62,38.49,2.47,38.49,102757200,2.49,1445.78,5.22,2.49,1,0,1,$1-5,1458.3,4313880,2162920,1086775,23.82,94.55,0,0,296.94,130.56,132.71,130.56,126.36,93.02,144.12,134.91,-57.67,58.93,41.7,29.5,0.1999,8.03,14.49,93.02,86.26,0,0,99.3,1.5344,0.0,0.0,0.0861,0.0094,0.0766,90.12,59.16,-9.88,99.68,559.6,29.17,490.1,476.08,83.79,101.28,102.71,114.53,0,-6.39,164.89,-6.39,164.89,0,3,0,0.6,5.22,-25.18,22.66,22.56,-45.18,105.3
DTST,2021-05-14,2021,5,4,2,5.05,5.55,5.0,5.48,563500,0.2,2640.0,2425.0,0.2,1,1,1,<$1,11.0,54620,44890,55310,10.32,10.19,1,0,-1.25,-9.09,5.26,-9.09,-13.04,0.0,-28.57,-52.38,-13.64,11.64,8.79,7.69,0.0279,13.93,14.31,44.48,44.5,0,0,22.09,0.264,0.0,0.0,-0.0069,-0.008,0.001,20.0,32.22,-80.0,22.34,-29.39,14.23,-21.35,-12.35,-3.85,-6.1,-5.21,-17.36,1,-16.67,11.11,-60.0,11.11,1,0,0,0.6,2425.0,6.02,7.3,8.03,-1.46,10.95
DVLT,2024-04-16,2024,4,1,2,2.68,8.6,2.43,6.1,199659400,1.75,248.57,53.14,1.75,1,0,1,$1-5,253.91,492556,554366,386290,405.35,516.86,0,0,27.51,-41.67,-41.67,-41.67,-41.67,-61.11,-76.67,-89.39,-41.67,18.63,13.18,11.62,0.5243,29.96,13.8,1.32,7.45,1,1,94.07,-0.0138,1.0,0.0,-0.8324,-0.8927,0.0603,8.33,19.44,-91.67,28.73,-164.33,27.41,-39.31,-84.55,-36.36,-39.13,-48.34,-69.64,1,-61.11,16.67,-89.39,16.67,1,0,1,0.0,53.14,51.64,-0.66,-11.64,-36.23,79.51
ETI,2021-03-08,2021,3,0,1,5.0,5.0,5.0,5.0,542069,0.07,7042.86,7042.86,0.07,1,1,1,<$1,0.0,357803,181304,93303,1.51,5.81,1,0,283.48,0.0,0.0,-12.5,-12.5,-12.5,-12.5,-12.5,-12.5,5.59,3.95,2.8,0.0007,1.02,0.71,1.51,10.72,1,1,21.05,0.0127,0.0,0.0,-0.0021,-0.0009,-0.0012,0.0,0.0,-100.0,0.0,-185.61,100.0,-5086531.43,-5086531.43,-2.78,-7.89,-10.26,-11.39,1,-12.5,0.0,-12.5,0.0,0,0,0,0.0,7042.86,-98.6,-98.6,-98.6,-98.6,-98.6
ETI,2021-05-03,2021,5,0,2,5.1,5.1,5.1,5.1,0,0.07,7185.71,7185.71,0.07,1,1,1,<$1,0.0,433,2276,2851,0.0,0.0,1,1,-84.8,0.0,0.0,0.0,0.0,0.0,0.0,-12.5,0.0,0.0,0.0,0.0,0.0,0.0,0.0,46.13,48.11,0,0,0.0,,0.0,0.0,-0.0187,-0.0253,0.0066,,,,0.0,,17.74,0.0,0.0,0.0,0.0,0.0,-58.82,0,0.0,0.0,-98.6,0.0,0,0,0,0.0,7185.71,-98.63,-98.63,-98.63,-98.63,-98.63
ETI,2021-05-13,2021,5,3,2,5.3,5.3,5.3,5.3,0,0.07,7471.43,7471.43,0.07,1,1,1,<$1,0.0,11,1861,3247,0.0,0.0,1,1,-99.64,0.0,0.0,0.0,0.0,0.0,0.0,-12.5,0.0,0.0,2276.0,1608.09,0.7186,1026.53,0.0,46.15,48.15,0,0,1399.37,0.4441,0.0,0.0,0.0103,0.0806,-0.0703,0.0,0.0,-100.0,0.0,-35.09,11.31,0.0,-1.44,0.0,-87.78,-78.23,-74.0,0,-98.63,0.0,-98.63,0.0,0,0,0,0.0,7471.43,-98.68,-98.68,-98.68,-98.68,-98.68
ETI,2021-08-04,2021,8,2,3,5.3,5.3,5.3,5.3,82168,0.06,8733.33,8733.33,0.06,1,1,1,<$1,0.0,0,2259,18904,82168.0,4.35,1,1,-100.0,0.0,0.0,0.0,0.0,0.0,-14.29,-98.82,0.0,0.0,0.0,0.0,0.0,0.0,0.0,41.54,37.83,0,0,0.0,0.5,0.0,1.0,-0.0119,-0.0173,0.0054,,,,0.0,,24.45,0.0,0.0,0.0,0.0,0.0,-4.15,0,0.0,0.0,-98.87,20.0,0,0,0,0.0,8733.33,-98.87,-98.87,-98.87,-98.87,-98.87
ETI,2021-12-03,2021,12,4,4,8.0,8.1,8.0,8.0,9442128,0.09,8788.89,8788.89,0.09,1,1,1,<$1,1.25,800,1515,1610,11802.66,5863.58,1,1,-50.32,12.5,12.5,12.5,0.0,0.0,12.5,28.57,-11.11,8.36,5.57,4.74,0.0043,4.76,3.75,66.13,62.94,0,0,18.65,0.6218,0.0,1.0,0.0001,0.001,-0.0008,100.0,33.33,-0.0,4.21,66.67,72.59,20.42,-25.33,9.76,4.65,2.27,8.17,0,0.0,12.5,-91.0,28.57,0,1,0,0.0,8788.89,-98.87,-98.87,-98.87,-98.87,-98.87
ETI,2021-12-27,2021,12,0,4,8.9,8.9,8.9,8.9,0,0.13,6746.15,6746.15,0.13,1,1,1,<$1,0.0,25905,16251,481421,0.0,0.0,0,0,-94.62,8.33,18.18,44.44,44.44,62.5,62.5,62.5,-30.77,4.43,5.02,1966.09,0.5679,436.81,1.99,47.03,48.48,0,0,1447.76,0.4493,0.0,0.0,-0.0769,-0.0163,-0.0605,100.0,33.54,-0.0,74.82,-32.06,24.46,1.35,477696.0,18.18,30.0,-73.39,-47.24,0,-98.4,62.5,-98.4,62.5,0,4,0,0.8,6746.15,0.0,-98.43,-98.43,-98.43,0.0
ETI,2022-01-07,2022,1,4,1,8.65,8.65,8.65,8.65,2000957,0.14,6078.57,6078.57,0.14,1,1,1,<$1,0.0,24188,21404,14827,82.72,134.95,1,1,63.13,0.0,0.0,0.0,16.67,55.56,55.56,75.0,0.0,0.0,2136.4,1509.36,1.255,896.43,1.93,42.74,46.81,0,0,1091.79,0.4213,0.0,0.0,0.0538,0.3034,-0.2496,0.57,0.57,-99.43,42.97,-35.84,17.86,0.0,1.21,0.0,-92.59,-85.87,-76.91,0,-98.43,55.56,-98.43,75.0,0,0,0,0.0,6078.57,-98.38,-98.38,-98.38,-98.38,-98.38
FNUC,2024-12-18,2024,12,2,4,7.41,13.0,4.979,10.66,92528892,2.379,348.09,211.48,2.379,1,0,1,$1-5,161.1,227895,232261,193458,406.01,478.29,0,0,17.8,17.31,11.59,10.91,2.81,-18.67,-35.79,-37.76,-14.75,9.75,9.17,7.68,0.4448,18.7,17.0,52.12,43.08,0,0,43.59,0.4479,0.0,1.0,-0.319,-0.343,0.024,18.45,9.33,-81.55,64.64,-50.74,18.94,26.72,422.34,10.77,7.02,-2.27,-27.18,0,-42.81,20.39,-53.44,20.39,0,1,0,0.2,211.48,-63.17,-53.29,7.32,-66.46,9.76
FUBO,2025-01-06,2025,1,0,1,47.76,63.6,36.6,60.72,56845842,17.28,251.39,176.39,17.28,0,0,0,$10-20,73.77,1160180,1108691,1072013,49.0,53.03,0,0,8.22,2.13,14.29,6.67,9.09,-19.1,2.13,2.13,-13.19,6.91,5.42,4.52,1.1323,6.55,7.02,56.47,48.9,0,0,45.45,0.4398,0.0,0.0,-0.7081,-0.6438,-0.0643,59.74,37.49,-40.26,37.0,-20.18,24.68,245.59,-75.68,7.3,6.67,-2.74,-5.51,0,-21.31,19.01,-22.79,19.01,0,3,0,0.6,176.39,7.91,0.99,-24.7,-25.3,27.47
GLMD,2024-09-17,2024,9,1,3,5.36,23.8,5.34,15.1,98531200,3.87,290.18,38.5,3.87,1,0,1,$1-5,345.69,351100,232640,229874,280.64,428.63,0,0,52.74,-5.84,-2.76,8.71,23.64,7.14,-3.73,2.71,-13.38,6.55,11.01,13.83,0.5406,13.97,17.41,57.91,54.37,0,0,56.26,0.6383,0.0,0.0,0.0519,-0.0267,0.0786,66.74,76.59,-33.26,69.4,62.3,25.48,57.27,13378.6,1.42,11.1,7.78,7.55,0,-27.04,41.76,-27.04,41.76,1,0,1,0.8,38.5,-54.3,-38.08,-46.69,-56.53,-10.07
IDAI,2025-01-06,2025,1,0,1,7.5,8.96,7.0,8.26,564700,0.57,1349.12,1215.79,0.57,1,1,1,<$1,28.0,23429480,13361680,8217360,0.02,0.07,0,0,185.12,-16.54,-35.45,-19.72,72.73,-3.39,200.0,161.47,-52.5,41.82,29.32,21.84,0.2145,37.63,31.67,47.49,51.58,0,0,158.93,0.5437,0.0,0.0,0.0963,0.0744,0.0219,27.89,42.95,-72.11,66.64,0.02,34.47,-1.65,3.58,-29.56,-6.19,6.95,50.44,0,-54.4,85.67,-54.4,282.55,3,0,1,0.4,1215.79,-13.2,-37.65,-47.7,-49.15,-6.78
INBS,2023-01-23,2023,1,0,1,2400.0,3840.0,2208.0,2472.0,61512,628.8,293.13,281.68,628.8,0,0,0,$50+,73.91,22,21,34,2721.77,1767.59,1,1,-35.06,4.8,6.94,-6.43,15.42,-9.03,-32.82,-44.61,-12.5,5.44,6.27,8.05,79.7143,12.68,16.46,52.75,46.24,0,0,47.23,0.629,0.0,1.0,-35.7692,-51.6584,15.8892,72.57,66.19,-27.43,74.88,41.61,19.66,-126.67,66.99,0.23,1.67,6.09,-18.22,0,-20.61,54.12,-47.6,54.12,0,2,0,0.2,281.68,15.53,-6.8,-12.62,-27.18,39.81
INLX,2020-04-08,2020,4,2,2,2.15,2.15,2.15,2.15,300,0.08,2587.5,2587.5,0.08,1,1,1,<$1,0.0,0,0,61,300.0,4.92,1,1,-100.0,0.0,0.0,0.0,0.0,-98.0,-98.0,-97.71,0.0,0.0,0.0,23.53,0.3514,439.29,17.5,14.92,25.88,1,1,536.86,0.3225,0.0,0.0,-1.0325,-0.9646,-0.0679,0.0,0.0,-100.0,0.0,-51.28,44.32,0.0,20.72,0.0,0.0,-95.3,-97.39,0,-98.4,0.0,-99.2,0.0,0,0,0,0.0,2587.5,39.53,39.53,39.53,39.53,39.53
JANX,2024-02-27,2024,2,1,1,35.79,52.0,34.25,49.75,15491600,15.1,229.47,137.02,15.1,0,0,0,$10-20,51.82,618100,361990,218355,25.06,70.95,0,0,183.07,-3.76,3.35,51.61,75.38,58.61,29.06,59.28,-36.52,13.2,12.08,9.08,1.6146,10.69,13.34,81.16,75.04,0,0,95.46,1.0181,0.0,0.0,1.17,0.3801,0.79,71.61,77.82,-28.39,70.09,199.49,27.62,1023.5,1132.15,10.22,33.62,49.45,48.32,0,-16.06,93.84,-16.06,93.84,1,0,0,0.8,137.02,-6.34,-4.18,-13.09,-18.79,17.98
JSPR,2023-01-03,2023,1,1,1,15.0,38.0,14.7,27.4,6369840,4.83,467.29,210.56,4.83,1,0,1,$1-5,158.5,28486,18601,12525,223.61,508.57,1,1,127.43,5.0,-18.14,-12.82,-14.81,-20.82,-33.84,-45.73,-22.03,14.56,11.08,8.84,0.8779,18.18,15.53,38.43,39.21,0,0,40.32,0.1356,0.0,0.0,-0.3466,-0.298,-0.0486,32.66,42.09,-67.34,30.86,-122.98,29.97,-92.82,-166.25,-9.55,-8.54,-14.69,-23.97,1,-29.28,25.13,-49.16,25.13,0,1,0,0.8,210.56,-21.9,-45.99,-39.78,-50.0,-5.84
KOSS,2021-01-27,2021,1,2,1,17.52,69.79,14.19,58.0,25073500,10.0,480.0,75.2,10.0,0,0,0,$10-20,391.83,8772360,4475270,3139175,2.86,7.99,0,0,179.45,66.67,199.4,191.55,208.64,316.67,354.55,383.09,-66.6,41.87,31.9,24.85,1.0771,10.77,21.35,93.68,89.67,0,0,175.6,1.4655,0.0,0.0,0.8746,0.366,0.5085,64.8,66.65,-35.2,99.61,547.24,57.69,258.79,6625.16,90.04,136.69,169.54,245.76,0,-28.06,329.18,-28.06,392.61,0,2,0,0.4,75.2,-27.66,-39.66,-55.88,-69.81,119.74
MIRA,2024-07-22,2024,7,0,3,1.31,5.01,1.3,5.01,158147600,0.689,627.14,90.13,0.689,1,1,1,<$1,285.38,6616960,3323860,1679495,23.9,94.16,0,0,293.99,-12.34,-15.98,-6.89,25.73,-3.91,-24.78,-20.8,-15.98,14.48,10.44,7.96,0.1111,16.12,13.05,49.14,49.26,0,0,52.53,0.5785,0.0,0.0,0.0026,-0.02,0.0226,38.25,54.49,-61.75,94.9,25.64,31.19,4.76,2876.63,-10.4,3.1,4.13,-6.07,0,-29.55,35.1,-41.61,35.1,2,0,0,0.4,90.13,-48.9,-39.32,-54.29,-56.09,-17.76
MSLE,2022-03-24,2022,3,3,1,7.584,7.584,7.584,7.584,58,0.264,2772.73,2772.73,0.264,1,1,1,<$1,0.0,10,65,34,5.8,1.67,1,1,-71.14,-96.25,-96.25,-96.65,-96.33,-96.75,-96.33,-97.37,-96.65,42.1,30.65,21.7,0.6137,232.47,0.19,3.54,7.52,1,1,93.02,-0.535,1.0,0.0,-0.6127,-0.1511,-0.4616,0.0,0.0,-100.0,96.26,-654.7,85.37,-9.67,1211.9,-95.61,-96.11,-96.28,-96.4,1,-96.75,0.0,-97.37,4.76,1,0,1,0.0,2772.73,0.0,0.0,0.0,0.0,0.0
MSLE,2022-04-22,2022,4,4,2,10.068,10.8,10.068,10.8,350,0.3,3500.0,3256.0,0.3,1,1,1,<$1,7.27,8,16,11,41.67,31.11,1,1,-25.33,-96.89,-96.89,-96.89,-96.04,-96.04,-96.31,-95.83,-96.89,43.33,32.75,621.24,0.8237,274.57,1.45,9.42,21.68,1,1,103.97,-0.426,1.0,0.0,-0.0789,0.3745,-0.4534,0.0,66.67,-100.0,98.88,-413.26,30.19,-5.04,11.71,-96.15,-96.48,-96.27,-96.04,1,-96.89,0.0,-96.89,19.05,1,0,1,0.0,3256.0,0.33,-97.22,-11.11,-97.22,0.33
MSLE,2022-04-28,2022,4,3,2,9.6,9.6,9.6,9.6,75,0.3,3100.0,3100.0,0.3,1,1,1,<$1,0.0,83,41,27,0.9,2.77,1,1,207.75,0.0,-97.23,0.0,-96.89,-96.04,-95.83,-96.33,-97.23,1587.66,1114.34,785.19,2.3289,776.29,1.81,33.49,37.24,0,0,175.79,-0.0465,1.0,0.0,-0.8484,-0.0037,-0.8447,0.0,33.33,-100.0,99.7,-221.32,26.58,49.52,68.85,-93.34,-95.76,-96.08,-95.97,1,-97.23,0.0,-97.23,13.64,0,0,0,0.2,3100.0,0.0,12.5,12.5,0.0,12.5
MSLE,2022-05-19,2022,5,3,2,6.36,7.8,6.36,7.8,333,0.36,2066.67,1666.67,0.36,1,1,1,<$1,22.64,15,7,55,22.2,6.01,1,1,-72.95,20.0,20.0,-96.67,-96.67,20.0,36.36,-95.57,-97.22,46.53,32.07,1022.85,0.84,233.33,108.19,18.23,32.95,1,0,258.33,0.1314,0.0,0.0,-1.1473,0.0034,-1.1507,0.57,0.19,-99.43,98.22,-116.03,18.61,-0.55,148.77,-92.02,-95.3,-95.22,-95.34,1,-96.68,20.0,-96.68,36.36,0,1,0,0.0,1666.67,0.0,0.0,0.0,0.0,0.0
MSLE,2022-09-09,2022,9,4,3,3.42,3.42,3.42,3.42,833,0.36,850.0,850.0,0.36,1,1,1,<$1,0.0,6,3,83,126.21,9.95,1,1,-92.11,0.0,0.0,0.0,-92.31,-93.18,-88.72,-95.38,0.0,41.28,29.19,20.75,0.3094,85.95,0.0,4.75,19.1,1,1,215.53,0.081,0.0,0.0,-1.5071,-1.0089,-0.4982,0.0,0.0,-100.0,99.45,-133.33,38.78,0.0,271.05,0.0,-85.71,-90.31,-93.02,0,-93.18,0.0,-97.0,0.0,0,0,0,0.0,850.0,1.75,1.75,-6.32,-6.32,1.75
NYC,2023-01-12,2023,1,3,1,12.804,15.661,12.804,15.66,27400,1.71,815.79,648.77,1.71,1,0,1,$1-5,22.31,139440,109420,90300,0.2,0.3,1,0,54.42,1.79,4.27,-10.0,-13.2,-7.07,-37.59,-48.65,-13.68,5.39,6.01,6.32,0.1804,10.55,10.32,38.0,37.91,0,0,33.33,0.1957,0.0,0.0,-0.1434,-0.1378,-0.0056,16.25,11.21,-83.75,38.62,-115.65,23.59,1.87,33.95,-0.81,-5.94,-10.14,-25.63,1,-31.6,8.23,-51.97,8.23,0,2,0,0.2,648.77,-9.96,-11.24,-7.34,-12.84,0.26
PHIO,2025-01-13,2025,1,0,1,4.16,9.79,4.11,6.6,281979200,1.69,290.53,146.15,1.69,1,0,1,$1-5,138.2,113900,165520,995080,2475.67,283.37,0,0,-88.55,0.0,-6.63,-14.21,-19.14,-37.41,-33.98,-38.77,-14.21,4.44,4.54,10.16,0.367,21.72,16.95,29.2,34.69,1,0,79.45,0.2311,0.0,0.0,-0.2346,-0.2048,-0.0298,10.88,13.61,-89.12,62.03,-91.13,13.84,-6.34,407.08,-6.11,-9.24,-21.36,-32.81,1,-45.62,10.46,-56.44,10.46,0,0,0,0.2,146.15,-45.76,-55.91,-62.42,-63.48,-27.73
RGC,2024-07-23,2024,7,1,3,0.0947,0.8537,0.0947,0.3937,51474800,0.0887,343.92,6.83,0.0887,1,1,1,<$1,801.11,20520,41800,46360,2508.52,1110.33,1,1,-55.74,-1.46,4.98,5.18,-3.16,-1.52,-32.6,-37.01,-6.32,3.99,3.73,6.25,0.0075,8.47,7.14,47.43,41.24,0,0,19.89,0.4581,0.0,1.0,-0.0065,-0.0077,0.0012,19.77,14.2,-80.23,59.23,-69.6,23.86,-8.47,-2.4,2.66,0.02,-0.83,-20.92,0,-29.05,11.22,-49.63,11.22,1,0,1,0.2,6.83,-9.76,-17.85,-26.27,-41.84,40.37
RGC,2025-03-13,2025,3,3,1,0.1142,0.3908,0.1142,0.3708,886490600,0.1105,235.48,3.33,0.1105,1,1,1,<$1,242.16,316920,307800,456570,2797.21,1941.63,0,0,-30.59,4.22,2.26,-0.52,-13.58,12.3,-13.58,-23.5,-4.55,2.66,4.6,5.12,0.0108,9.81,9.06,49.58,48.78,0,0,35.09,0.5022,0.0,0.0,-0.0006,-0.0003,-0.0004,15.91,14.43,-84.09,73.98,1.0,43.32,-5.2,10.33,1.6,-1.36,0.08,-3.98,0,-20.9,19.12,-42.57,19.12,0,1,0,0.4,3.33,-10.43,124.27,219.38,-32.58,224.56
RGS,2024-06-25,2024,6,1,2,14.19,24.27,12.82,20.52,44456800,5.07,304.73,179.88,5.07,0,0,1,$5-10,89.31,21780,19250,21285,2041.18,2088.64,1,1,2.33,2.22,7.64,10.22,15.49,2.63,-10.27,-32.4,-9.27,2.67,3.58,3.64,0.4557,8.99,9.6,69.62,53.85,0,0,24.31,0.9753,0.0,1.0,-0.1357,-0.2506,0.1149,88.24,87.6,-11.76,78.36,145.74,34.44,39.95,18.73,5.58,7.57,11.55,-4.36,0,-3.24,31.01,-37.94,31.01,0,4,0,0.8,179.88,-3.22,12.09,-6.19,-16.86,25.63
TII,2021-04-15,2021,4,3,2,0.6917,0.7281,0.4265,0.6605,22000,0.0013,50699.99,53099.99,0.0013,1,1,1,<$1,70.73,1080,846,663,20.37,33.17,1,1,62.82,-99.79,-99.79,-99.79,-99.81,-99.82,-99.79,-99.82,-99.79,44.04,31.29,22.23,0.0494,494.09,1.01,0.6,4.22,1,1,97.43,-0.5243,1.0,0.0,-0.0747,-0.0305,-0.0442,0.0,0.0,-100.0,10.82,-598.85,36.32,-60.17,-94.85,-99.74,-99.77,-99.8,-99.81,1,-99.82,0.0,-99.84,0.0,2,0,1,0.0,53099.99,-1.57,-11.22,3.35,-90.16,4.33
TII,2022-03-23,2022,3,2,1,0.7222,0.7222,0.7086,0.7086,4000,0.139,409.8,419.61,0.139,1,1,1,<$1,1.92,26,60,706,149.25,5.66,1,1,-96.21,0.0,0.0,-81.35,-80.38,-79.23,-77.33,-77.43,-81.35,35.9,26.08,19.22,0.0666,47.9,0.47,9.86,17.38,1,1,162.23,0.0217,0.0,0.0,-0.1112,-0.0337,-0.0775,0.0,0.0,-100.0,93.5,-166.67,41.0,-1.15,-486.21,-46.6,-72.98,-77.6,-78.23,1,-83.22,0.0,-83.22,0.0,0,0,0,0.0,419.61,3.85,3.85,5.41,3.85,5.41
VBIX,2022-09-07,2022,9,2,3,1.6,1.6,1.6,1.6,75,0.12,1233.33,1233.33,0.12,1,1,1,<$1,0.0,591,296,157,0.13,0.48,1,1,275.85,-96.43,-95.22,-95.22,-95.22,-95.13,-94.64,-96.43,-96.43,49.16,33.43,24.09,0.3962,330.19,5.02,19.28,24.98,1,1,100.18,-0.4525,1.0,0.0,-0.1977,-0.0513,-0.1464,0.0,33.33,-100.0,96.51,-492.27,13.96,58.62,59.18,-94.55,-94.9,-95.42,-95.43,1,-96.43,0.0,-96.43,0.0,1,0,1,0.2,1233.33,0.0,0.0,25.0,-37.5,25.0
VBIX,2023-04-17,2023,4,0,2,2.6,2.6,2.6,2.6,50,0.8,225.0,225.0,0.8,1,1,1,<$1,0.0,200,155,82,0.25,0.61,1,1,142.42,-76.47,-76.47,-76.47,-77.78,-60.78,-82.76,-64.91,-76.47,33.66,24.34,26.06,0.4257,53.21,33.57,6.91,17.12,1,1,109.65,-0.1671,1.0,0.0,-0.261,-0.1333,-0.1277,11.37,66.24,-88.63,48.16,-200.03,41.73,-15.56,-29.63,-72.22,-75.31,-73.15,-78.7,1,-77.78,81.49,-83.33,81.49,1,0,1,0.2,225.0,0.0,0.0,0.0,-0.02,0.0
VBIX,2023-06-21,2023,6,2,2,3.92,3.92,3.92,3.92,25,1.24,216.13,216.13,1.24,1,0,1,$1-5,0.0,0,5,10,25.0,2.5,1,1,-100.0,0.0,0.0,0.0,0.0,0.0,-52.31,-63.53,0.0,0.0,0.0,0.0,0.0,0.0,0.0,4.27,17.29,1,1,0.0,,0.0,1.0,-0.353,-0.419,0.0661,,,,0.0,,57.01,0.0,0.0,0.0,0.0,0.0,-48.69,0,0.0,0.0,-65.56,181.31,0,0,0,0.0,216.13,0.0,0.0,0.0,0.0,0.0
VBIX,2024-03-01,2024,3,4,1,2.992,2.992,2.992,2.992,75,0.524,470.99,470.99,0.524,1,1,1,<$1,0.0,20,10,5,3.75,15.0,1,1,300.0,0.0,0.0,15.93,15.93,15.93,15.93,-56.33,-13.74,7.12,5.04,3.56,0.1957,37.35,25.46,98.15,66.59,0,0,22.8,1.0801,0.0,0.0,-0.0044,-0.0205,0.0161,2.63,2.63,-97.37,90.37,11.87,97.85,13.04,13.04,5.82,10.64,13.22,-4.21,0,-83.58,15.93,-83.58,15.93,0,0,0,0.0,470.99,12.3,12.3,12.3,7.01,13.37
VBIX,2024-07-16,2024,7,1,3,0.2,0.6,0.2,0.6,25050,0.1844,225.38,8.46,0.1844,1,1,1,<$1,200.0,0,0,0,25050.0,25050.0,1,1,-100.0,0.0,0.0,0.0,0.0,0.0,0.0,-94.51,0.0,0.0,0.0,0.0,0.0,0.0,0.0,0.0,0.0,1,1,0.0,,0.0,0.0,-0.012,-0.0175,0.0055,,,,,,100.0,0.0,0.0,0.0,0.0,0.0,0.0,0,0.0,0.0,-94.51,0.0,0,0,0,0.0,8.46,0.0,266.67,400.0,0.0,553.33
VBIX,2024-07-18,2024,7,3,3,1.2,1.908,1.2,1.908,300,0.6,218.0,100.0,0.6,1,1,1,<$1,59.0,5010,2505,1252,0.06,0.24,1,1,300.0,0.0,225.38,225.38,225.38,225.38,225.38,-64.71,-69.27,100.79,71.27,50.4,0.0297,4.95,10.0,99.9,93.3,0,0,226.45,1.231,0.0,0.0,0.0512,0.0067,0.0445,100.0,,-0.0,,404.1,88.09,11133.33,11133.33,71.12,124.28,165.53,198.47,0,0.0,225.38,-64.71,225.38,0,0,0,0.2,100.0,15.3,57.23,92.85,9.01,105.45
VS,2024-10-16,2024,10,2,4,3.74,9.59,3.4801,3.95,110118700,1.15,243.48,225.22,1.15,1,0,1,$1-5,175.57,455760,239050,137360,241.62,801.68,0,0,231.8,4.55,4.55,1.5,-2.54,-12.22,-8.0,-27.67,-5.22,2.97,2.38,2.51,0.0725,6.3,6.27,48.89,41.82,0,0,18.0,0.394,0.0,1.0,-0.0634,-0.0654,0.002,57.69,41.45,-42.31,93.1,-101.14,21.58,22.7,19.82,3.18,1.48,-1.91,-13.22,0,-15.44,15.0,-38.5,15.0,0,1,0,0.6,225.22,-23.29,-29.62,-30.89,-35.95,-7.34
VTGN,2023-08-07,2023,8,0,3,21.6,24.71,10.7,13.05,53904100,1.68,676.79,1185.71,1.68,1,0,1,$1-5,130.93,116160,137750,112140,464.05,480.69,0,0,3.58,-1.18,-2.89,-7.69,-10.16,-5.62,-33.6,-60.0,-7.69,1.6,4.1,3.42,0.1107,6.59,6.38,34.33,35.12,0,0,14.58,0.1328,0.0,1.0,-0.107,-0.1298,0.0229,16.13,20.32,-83.87,50.66,-135.83,18.53,-10.26,4.0,-3.78,-4.11,-5.35,-25.2,1,-13.4,3.07,-68.89,3.7,4,0,0,0.0,1185.71,-43.14,-42.38,-46.67,-54.71,-10.42
WAFU,2020-06-11,2020,6,3,2,11.0,15.39,6.01,7.15,65019500,2.22,222.07,395.5,2.22,1,0,1,$1-5,156.07,93080,53980,58980,698.53,1102.4,1,0,57.82,4.23,11.0,12.12,3.5,30.59,39.62,63.24,-10.81,2.72,5.66,9.19,0.2669,12.02,13.52,68.31,63.16,0,0,49.11,0.7651,0.0,0.0,0.1138,0.1108,0.003,51.03,45.73,-48.97,91.13,116.83,59.44,53.23,287.05,7.45,8.27,13.02,28.35,0,-18.35,45.1,-18.35,85.0,0,2,0,0.6,395.5,-23.92,6.29,-10.77,-39.02,21.68
WLDS,2023-05-25,2023,5,3,2,170.4,458.4,156.0,338.4,469192,108.72,211.26,56.73,108.72,0,0,0,$50+,193.85,127,1296,706,3677.05,664.25,1,1,-81.94,-2.16,1.57,-7.55,-6.02,-19.82,-14.53,-29.22,-8.98,7.99,7.99,6.07,11.5886,10.66,9.98,43.42,42.96,0,0,32.69,0.2621,0.0,0.0,-5.7166,-5.2626,-0.454,48.46,48.21,-51.54,82.84,-83.39,21.76,-2.24,1359.68,-2.45,-1.71,-7.78,-14.03,1,-22.96,16.15,-35.29,16.15,1,0,1,0.8,56.73,-17.02,4.26,43.26,-24.82,67.38
